dataset,model,seed,kept,skipped
breast_cancer,rf,123,30,0
breast_cancer,rf,42,30,0
breast_cancer,rf,456,30,0
breast_cancer,xgb,123,30,0
breast_cancer,xgb,42,30,0
breast_cancer,xgb,456,30,0
exp2_adult,logreg,123,20,0
exp2_adult,logreg,42,20,0
exp2_adult,logreg,456,20,0
exp2_adult,logreg,789,20,0
exp2_adult,logreg,999,20,0
exp2_adult,mlp,123,20,0
exp2_adult,mlp,42,20,0
exp2_adult,mlp,456,20,0
exp2_adult,mlp,789,20,0
exp2_adult,mlp,999,20,0
exp2_adult,rf,123,20,10
exp2_adult,rf,42,20,4
exp2_adult,rf,456,20,8
exp2_adult,rf,789,20,6
exp2_adult,rf,999,20,4
exp2_adult,xgb,123,20,0
exp2_adult,xgb,42,20,0
exp2_adult,xgb,456,20,0
exp2_adult,xgb,789,20,0
exp2_adult,xgb,999,20,0
german_credit,rf,123,30,0
german_credit,rf,42,30,0
german_credit,rf,456,30,0
german_credit,xgb,123,30,0
german_credit,xgb,42,30,0
german_credit,xgb,456,30,0
