seeds,model,n_runs,share_training_rows,share_training_rows_correct,share_training_rows_misclassified
seed_42,logreg,3,0.0,0.0,0.0
seed_42,mlp,3,0.0,0.0,0.0
seed_42,rf,3,0.002916666666666667,0.0,0.005833333333333334
seed_42,svm,3,0.0,0.0,0.0
seed_42,xgb,3,0.00125,0.0,0.0025
seed_42,all,15,0.0008333333333333334,0.0,0.0019230769230769232
other_seeds,logreg,12,0.7997916666666666,0.785625,0.8139583333333332
other_seeds,mlp,12,0.7489583333333334,0.8262499999999999,0.6716666666666665
other_seeds,rf,12,0.442404602119903,0.8395833333333332,0.0060886048098967435
other_seeds,svm,11,0.7653410032633933,0.7724915286174364,0.7618434343434344
other_seeds,xgb,12,0.7856249999999999,0.8172916666666666,0.7539583333333333
other_seeds,all,59,0.7074594281582403,0.8088543527930814,0.5768353268287018
