dataset,model,seed,intensity,n_instances,converted_sign_agreement,majority_sign_agreement,shared_nonzero_top5
breast_cancer,rf,123,not_applicable,114,0.9970760233918128,0.9970760233918128,4.12280701754386
breast_cancer,rf,42,not_applicable,114,0.9926900584795321,0.9926900584795321,3.9298245614035086
breast_cancer,rf,456,not_applicable,114,1.0,1.0,4.307017543859649
breast_cancer,xgb,123,not_applicable,114,0.9960526315789473,0.9960526315789473,3.710526315789474
breast_cancer,xgb,42,not_applicable,114,0.9733918128654971,0.9733918128654971,3.9210526315789473
breast_cancer,xgb,456,not_applicable,113,0.9787610619469026,0.9787610619469026,4.333333333333333
exp2_adult,logreg,123,n_100,399,0.9459064327485379,0.9515455304928988,3.13
exp2_adult,logreg,123,n_200,798,0.9513784461152883,0.9622598162071845,3.17
exp2_adult,logreg,123,n_50,200,0.9460833333333335,0.9427500000000001,3.16
exp2_adult,logreg,42,n_100,397,0.9572208228379513,0.9722921914357683,3.2675
exp2_adult,logreg,42,n_200,797,0.9412170639899625,0.9623170221664575,3.25875
exp2_adult,logreg,42,n_50,200,0.9433333333333335,0.95875,3.27
exp2_adult,logreg,456,n_100,400,0.958125,0.9704166666666667,3.0225
exp2_adult,logreg,456,n_200,797,0.9548097030531159,0.9675449602676705,3.0325
exp2_adult,logreg,456,n_50,200,0.9579166666666667,0.96625,3.03
exp2_adult,logreg,789,n_100,399,0.9412280701754385,0.960233918128655,3.085
exp2_adult,logreg,789,n_200,797,0.9500627352572146,0.9662484316185695,3.08875
exp2_adult,logreg,789,n_50,200,0.9125,0.92875,3.055
exp2_adult,logreg,999,n_100,398,0.9554020100502513,0.9802345058626466,3.295
exp2_adult,logreg,999,n_200,793,0.9627154266498528,0.9899117276166457,3.27125
exp2_adult,logreg,999,n_50,199,0.9597152428810721,0.9661641541038525,3.25
exp2_adult,mlp,123,n_100,388,0.9679553264604811,0.9514175257731958,2.395
exp2_adult,mlp,123,n_200,790,0.9603586497890296,0.9396835443037975,2.4475
exp2_adult,mlp,123,n_50,196,0.9523809523809523,0.9664115646258503,2.34
exp2_adult,mlp,42,n_100,391,0.9554987212276214,0.9317988064791135,2.4025
exp2_adult,mlp,42,n_200,788,0.9514382402707277,0.9190566835871404,2.39625
exp2_adult,mlp,42,n_50,194,0.9647766323024056,0.9132302405498283,2.49
exp2_adult,mlp,456,n_100,395,0.9679324894514769,0.9464135021097045,2.3625
exp2_adult,mlp,456,n_200,785,0.959660297239915,0.9395966029723992,2.36
exp2_adult,mlp,456,n_50,197,0.9682741116751269,0.9268189509306259,2.51
exp2_adult,mlp,789,n_100,389,0.9486289631533847,0.94528706083976,2.445
exp2_adult,mlp,789,n_200,782,0.9530903665814151,0.9321824381926684,2.43625
exp2_adult,mlp,789,n_50,193,0.9405008635578583,0.9270293609671848,2.385
exp2_adult,mlp,999,n_100,390,0.9493589743589743,0.9279914529914529,2.21
exp2_adult,mlp,999,n_200,780,0.9530555555555555,0.8854700854700854,2.23375
exp2_adult,mlp,999,n_50,196,0.8833333333333333,0.9039965986394558,2.435
exp2_adult,rf,123,n_100,386,0.9531519861830742,0.9455958549222798,2.685
exp2_adult,rf,123,n_200,699,0.9529089175011921,0.9518597997138768,2.6972222222222224
exp2_adult,rf,123,n_50,192,0.9526909722222223,0.9409722222222222,2.725
exp2_adult,rf,42,n_100,393,0.9406700593723495,0.9589058524173029,2.795
exp2_adult,rf,42,n_200,782,0.931692242114237,0.9676044330775789,2.765
exp2_adult,rf,42,n_50,199,0.9363484087102176,0.9788944723618092,2.74
exp2_adult,rf,456,n_100,388,0.9551116838487973,0.9757302405498283,2.59
exp2_adult,rf,456,n_200,662,0.9476334340382677,0.9690332326283988,2.5036284470246732
exp2_adult,rf,456,n_50,197,0.9602368866328257,0.9771573604060914,2.58
exp2_adult,rf,789,n_100,385,0.9435064935064935,0.9683982683982685,2.45
exp2_adult,rf,789,n_200,652,0.9513036809815951,0.9681748466257669,2.4304733727810652
exp2_adult,rf,789,n_50,192,0.9388020833333334,0.9791666666666666,2.375
exp2_adult,rf,999,n_100,393,0.9564885496183205,0.964164546225615,2.87
exp2_adult,rf,999,n_200,698,0.9531518624641833,0.960458452722063,2.8370473537604455
exp2_adult,rf,999,n_50,194,0.9568728522336769,0.9544673539518901,2.9
exp2_adult,svm,123,n_100,397,0.8994122586062131,0.8969773299748112,2.825
exp2_adult,svm,123,n_200,52,0.939102564102564,0.8974358974358976,2.75
exp2_adult,svm,123,n_50,198,0.9368686868686869,0.9326599326599327,2.615
exp2_adult,svm,42,n_100,398,0.9119765494137354,0.9316582914572865,2.7075
exp2_adult,svm,42,n_200,85,0.9794117647058823,0.9382352941176471,2.823529411764706
exp2_adult,svm,42,n_50,27,1.0,0.9876543209876543,2.962962962962963
exp2_adult,svm,456,n_100,45,0.9555555555555556,0.9333333333333331,2.717391304347826
exp2_adult,svm,456,n_50,25,0.96,0.9866666666666666,2.72
exp2_adult,svm,789,n_100,56,0.9553571428571429,0.9375,2.7017543859649122
exp2_adult,svm,789,n_200,176,0.9767992424242423,0.9384469696969696,2.8022598870056497
exp2_adult,svm,789,n_50,196,0.9409013605442177,0.9139455782312925,2.492462311557789
exp2_adult,svm,999,n_100,165,0.9808080808080809,0.9373737373737375,2.7710843373493974
exp2_adult,svm,999,n_200,29,0.9367816091954022,0.8879310344827587,2.533333333333333
exp2_adult,svm,999,n_50,198,0.9621212121212122,0.9499158249158249,2.83
exp2_adult,xgb,123,n_100,395,0.9259915611814346,0.9664556962025317,2.685
exp2_adult,xgb,123,n_200,792,0.9200126262626264,0.9635101010101009,2.61375
exp2_adult,xgb,123,n_50,197,0.917766497461929,0.9631979695431472,2.655
exp2_adult,xgb,42,n_100,397,0.940512174643157,0.9732577665827036,2.715
exp2_adult,xgb,42,n_200,789,0.9250316856780734,0.9645120405576679,2.6775
exp2_adult,xgb,42,n_50,200,0.9241666666666667,0.9616666666666666,2.72
exp2_adult,xgb,456,n_100,386,0.92426597582038,0.968307426597582,2.29
exp2_adult,xgb,456,n_200,773,0.9218628719275549,0.9522639068564035,2.27
exp2_adult,xgb,456,n_50,193,0.919775474956822,0.9590673575129534,2.31
exp2_adult,xgb,789,n_100,389,0.9185946872322193,0.9537275064267352,2.245
exp2_adult,xgb,789,n_200,783,0.9099616858237548,0.9496594295444869,2.2875
exp2_adult,xgb,789,n_50,197,0.9027072758037225,0.9564297800338409,2.315
exp2_adult,xgb,999,n_100,387,0.9506459948320413,0.9698966408268734,2.78
exp2_adult,xgb,999,n_200,780,0.9340384615384615,0.9622863247863248,2.72875
exp2_adult,xgb,999,n_50,193,0.9566493955094991,0.9667530224525043,2.8
german_credit,rf,123,not_applicable,173,0.9826589595375722,0.9927745664739884,3.115606936416185
german_credit,rf,42,not_applicable,177,0.9868173258003766,0.9934086629001883,3.1242937853107344
german_credit,rf,456,not_applicable,173,0.9908477842003853,0.9971098265895953,3.005780346820809
german_credit,xgb,123,not_applicable,175,0.9498095238095238,0.9738095238095238,2.653409090909091
german_credit,xgb,42,not_applicable,179,0.919459962756052,0.9487895716945995,2.28021978021978
german_credit,xgb,456,not_applicable,170,0.9333333333333335,0.961764705882353,1.8212290502793296
