method_pair,model,estimate_mean_of_run_means,ci95_low,ci95_high,n_runs,n_seeds,n_instances
anchors_dice,logreg,0.07001300375390085,0.0638845330776206,0.07508039217404304,7,5,2643
anchors_dice,mlp,0.020289190963573605,0.017565764500854127,0.02325416974372042,6,4,1562
anchors_dice,rf,0.06569892677231443,0.06082807546110343,0.07324473336850006,15,5,3877
anchors_dice,svm,0.06007903495275941,0.05143110456238569,0.0668232666712148,13,5,5803
anchors_dice,xgb,0.0999608645015075,0.09450308416187467,0.10447289256081715,12,5,4693
lime_anchors,logreg,0.2535251495371738,0.24611253442515693,0.2609377646491906,7,5,2643
lime_anchors,mlp,0.18710964300296234,0.18336302057791187,0.19258885445826762,7,5,2068
lime_anchors,rf,0.24791547453579904,0.23150541642091582,0.2615267449944066,15,5,3015
lime_anchors,svm,0.2774987050504983,0.2732273562848882,0.28177753932774885,15,5,6338
lime_anchors,xgb,0.20985077925947332,0.20476875725968222,0.21477975472996624,13,5,5031
lime_dice,logreg,0.08069474622599623,0.0790100692576654,0.08242371083777333,13,5,6600
lime_dice,mlp,0.015053467365967367,0.013943187830687829,0.016567484914075822,13,5,6000
lime_dice,rf,0.0970784216255533,0.09071972441441395,0.10541662941170094,15,5,4230
lime_dice,svm,0.08823450854700855,0.07502834467120181,0.09648088023088022,13,5,6400
lime_dice,xgb,0.10618482484777128,0.10474170574350859,0.10788550511988013,14,5,6600
shap_anchors,logreg,0.30199748206992993,0.2970038827304794,0.3050087930404705,7,5,2643
shap_anchors,mlp,0.247472996661637,0.24333691723193815,0.25175715865542836,7,5,2068
shap_anchors,rf,0.313789748071358,0.305484464559143,0.32169429766637436,15,5,3015
shap_anchors,svm,0.4605151245373493,0.43069613492587533,0.49866081084675073,14,5,1827
shap_anchors,xgb,0.34637154077748356,0.337937590846275,0.3582317822143899,13,5,5031
shap_dice,logreg,0.06608402548306394,0.050351157275264416,0.08443903839216339,13,5,6600
shap_dice,mlp,0.025205738705738705,0.018612789987789986,0.031798687423687425,13,5,6000
shap_dice,rf,0.09162105674926964,0.07801880303217328,0.10569023950163656,15,5,4230
shap_dice,svm,0.07939633627994776,0.06255397124797259,0.0943643247184914,12,5,1818
shap_dice,xgb,0.12156975886216959,0.0998360885908963,0.1399922831797832,14,5,6600
anchors_dice,all,0.06750694154806464,0.06187175543321278,0.07506340003087335,53,5,18578
lime_anchors,all,0.2402406381043608,0.23371339115023382,0.2469478765187069,57,5,19095
lime_dice,all,0.07844910676556963,0.07436559572517798,0.08504005952086359,68,5,29830
shap_anchors,all,0.34827109546109847,0.3404963374702503,0.3560004269638928,56,5,14584
shap_dice,all,0.07784799171825711,0.06758376972052467,0.08696540767970594,67,5,25248
