dataset,model,predicted_class,estimate_mean_of_run_means,ci95_low,ci95_high,n_runs,n_seeds,n_instances
breast_cancer,rf,0,0.9753045554265066,0.9700000000000001,0.9817073170731708,3,3,123
breast_cancer,rf,1,0.040515715487176675,0.03423423423423423,0.04680365296803652,3,3,219
breast_cancer,xgb,0,0.979321539786656,0.9631782945736433,1.0,3,3,122
breast_cancer,xgb,1,0.03178847861946454,0.022522522522522525,0.037162162162162164,3,3,219
exp2_adult,logreg,0,0.5267117828965311,0.4808565508531682,0.5679068902014949,15,5,3487
exp2_adult,logreg,1,0.8642322545266012,0.8524085845896147,0.8742088657573583,15,5,3491
exp2_adult,mlp,0,0.7060884837502478,0.6998666255612324,0.7137091206705125,15,5,3446
exp2_adult,mlp,1,0.6721162373614153,0.6487942547870217,0.6933584270037442,15,5,3419
exp2_adult,rf,0,0.417509897429257,0.37262630205244024,0.4623934928060737,15,5,3252
exp2_adult,rf,1,0.9747689704378245,0.9575856242005132,0.989082766982056,15,5,3164
exp2_adult,svm,0,0.3324304340952598,0.26693802394695254,0.4242960127388943,6,4,757
exp2_adult,svm,1,0.9557876975441578,0.9465021430344132,0.9651551079639317,14,5,1291
exp2_adult,xgb,0,0.44325660998002586,0.37958715744165816,0.5098990703423059,15,5,3399
exp2_adult,xgb,1,0.9156737905703672,0.8795714572152336,0.9517761239255006,15,5,3458
german_credit,rf,0,0.6075983592287941,0.5945945945945946,0.6180555555555557,3,3,119
german_credit,rf,1,0.4298941377316143,0.40061274509803924,0.45597964376590333,3,3,404
german_credit,xgb,0,0.7162367864693446,0.6065891472868218,0.7954545454545454,3,3,137
german_credit,xgb,1,0.49376628479035656,0.4883720930232558,0.5013227513227513,3,3,388
breast_cancer,all,0,0.9773130476065813,0.9686923218899963,0.9908536585365854,6,3,245
breast_cancer,all,1,0.0361520970533206,0.028378378378378376,0.04198290756509934,6,3,438
exp2_adult,all,0,0.5060315790214014,0.46467975086901214,0.553055095269216,66,5,14341
exp2_adult,all,1,0.8754445480954234,0.863457774880605,0.8877118367634522,74,5,14823
german_credit,all,0,0.6619175728490694,0.6005918709407082,0.7067550505050506,6,3,256
german_credit,all,1,0.4618302112609854,0.44610837756155103,0.4721758683945796,6,3,792
