dataset,model,seed,intensity,predicted_class,n_instances,sign_agreement_mean
breast_cancer,rf,123,not_applicable,0,42,0.9742063492063492
breast_cancer,rf,123,not_applicable,1,72,0.04050925925925926
breast_cancer,rf,42,not_applicable,0,41,0.9817073170731707
breast_cancer,rf,42,not_applicable,1,73,0.04680365296803652
breast_cancer,rf,456,not_applicable,0,40,0.97
breast_cancer,rf,456,not_applicable,1,74,0.03423423423423423
breast_cancer,xgb,123,not_applicable,0,43,0.9631782945736433
breast_cancer,xgb,123,not_applicable,1,71,0.03568075117370892
breast_cancer,xgb,42,not_applicable,0,40,1.0
breast_cancer,xgb,42,not_applicable,1,74,0.037162162162162164
breast_cancer,xgb,456,not_applicable,0,39,0.9747863247863248
breast_cancer,xgb,456,not_applicable,1,74,0.02252252252252252
exp2_adult,logreg,123,n_100,0,199,0.5571189279731993
exp2_adult,logreg,123,n_100,1,200,0.8943333333333334
exp2_adult,logreg,123,n_200,0,400,0.5607083333333334
exp2_adult,logreg,123,n_200,1,399,0.8761904761904763
exp2_adult,logreg,123,n_50,0,100,0.5906666666666667
exp2_adult,logreg,123,n_50,1,100,0.8638333333333335
exp2_adult,logreg,42,n_100,0,197,0.4866328257191201
exp2_adult,logreg,42,n_100,1,200,0.8460833333333333
exp2_adult,logreg,42,n_200,0,397,0.4693534844668346
exp2_adult,logreg,42,n_200,1,400,0.8547916666666666
exp2_adult,logreg,42,n_50,0,100,0.48800000000000004
exp2_adult,logreg,42,n_50,1,100,0.8225
exp2_adult,logreg,456,n_100,0,200,0.565
exp2_adult,logreg,456,n_100,1,200,0.8700833333333332
exp2_adult,logreg,456,n_200,0,399,0.5628654970760233
exp2_adult,logreg,456,n_200,1,398,0.8627303182579564
exp2_adult,logreg,456,n_50,0,100,0.56
exp2_adult,logreg,456,n_50,1,100,0.8875
exp2_adult,logreg,789,n_100,0,200,0.5755833333333333
exp2_adult,logreg,789,n_100,1,199,0.8613902847571189
exp2_adult,logreg,789,n_200,0,400,0.5812916666666667
exp2_adult,logreg,789,n_200,1,398,0.8766331658291456
exp2_adult,logreg,789,n_50,0,100,0.55
exp2_adult,logreg,789,n_50,1,100,0.8576666666666667
exp2_adult,logreg,999,n_100,0,199,0.46298157453936345
exp2_adult,logreg,999,n_100,1,199,0.8633165829145729
exp2_adult,logreg,999,n_200,0,397,0.4721242653232577
exp2_adult,logreg,999,n_200,1,398,0.8529313232830822
exp2_adult,logreg,999,n_50,0,99,0.4183501683501683
exp2_adult,logreg,999,n_50,1,100,0.8734999999999999
exp2_adult,mlp,123,n_100,0,197,0.7072758037225041
exp2_adult,mlp,123,n_100,1,193,0.6696891191709845
exp2_adult,mlp,123,n_200,0,398,0.7044388609715243
exp2_adult,mlp,123,n_200,1,392,0.6460459183673469
exp2_adult,mlp,123,n_50,0,99,0.6818181818181818
exp2_adult,mlp,123,n_50,1,98,0.5671768707482994
exp2_adult,mlp,42,n_100,0,195,0.7035042735042735
exp2_adult,mlp,42,n_100,1,197,0.649746192893401
exp2_adult,mlp,42,n_200,0,394,0.7125634517766497
exp2_adult,mlp,42,n_200,1,395,0.6697890295358649
exp2_adult,mlp,42,n_50,0,99,0.6860269360269362
exp2_adult,mlp,42,n_50,1,96,0.6805555555555555
exp2_adult,mlp,456,n_100,0,200,0.68
exp2_adult,mlp,456,n_100,1,196,0.7119897959183674
exp2_adult,mlp,456,n_200,0,395,0.7227004219409283
exp2_adult,mlp,456,n_200,1,390,0.7158119658119657
exp2_adult,mlp,456,n_50,0,100,0.7060000000000001
exp2_adult,mlp,456,n_50,1,98,0.6870748299319728
exp2_adult,mlp,789,n_100,0,197,0.716751269035533
exp2_adult,mlp,789,n_100,1,193,0.6844559585492229
exp2_adult,mlp,789,n_200,0,392,0.7215986394557823
exp2_adult,mlp,789,n_200,1,391,0.6580136402387041
exp2_adult,mlp,789,n_50,0,97,0.6903780068728524
exp2_adult,mlp,789,n_50,1,97,0.6857388316151203
exp2_adult,mlp,999,n_100,0,195,0.723931623931624
exp2_adult,mlp,999,n_100,1,195,0.7482905982905983
exp2_adult,mlp,999,n_200,0,390,0.7472649572649572
exp2_adult,mlp,999,n_200,1,390,0.7435897435897436
exp2_adult,mlp,999,n_50,0,98,0.6870748299319728
exp2_adult,mlp,999,n_50,1,98,0.5637755102040817
exp2_adult,rf,123,n_100,0,189,0.44409171075837744
exp2_adult,rf,123,n_100,1,197,0.9792724196277496
exp2_adult,rf,123,n_200,0,371,0.43243486073674753
exp2_adult,rf,123,n_200,1,329,0.9801418439716313
exp2_adult,rf,123,n_50,0,94,0.3973404255319149
exp2_adult,rf,123,n_50,1,99,0.9878787878787878
exp2_adult,rf,42,n_100,0,193,0.36044905008635575
exp2_adult,rf,42,n_100,1,200,0.9636666666666666
exp2_adult,rf,42,n_200,0,386,0.37521588946459417
exp2_adult,rf,42,n_200,1,396,0.9642255892255892
exp2_adult,rf,42,n_50,0,99,0.3745791245791245
exp2_adult,rf,42,n_50,1,100,0.9684999999999999
exp2_adult,rf,456,n_100,0,188,0.4401595744680851
exp2_adult,rf,456,n_100,1,200,0.9904166666666666
exp2_adult,rf,456,n_200,0,350,0.4502857142857143
exp2_adult,rf,456,n_200,1,313,0.989350372736954
exp2_adult,rf,456,n_50,0,97,0.45274914089347085
exp2_adult,rf,456,n_50,1,100,0.9875
exp2_adult,rf,789,n_100,0,189,0.5180776014109347
exp2_adult,rf,789,n_100,1,196,0.9944727891156462
exp2_adult,rf,789,n_200,0,331,0.4768378650553877
exp2_adult,rf,789,n_200,1,322,0.9878364389233953
exp2_adult,rf,789,n_50,0,94,0.49290780141843976
exp2_adult,rf,789,n_50,1,98,0.9948979591836735
exp2_adult,rf,999,n_100,0,195,0.36299145299145297
exp2_adult,rf,999,n_100,1,198,0.9372895622895623
exp2_adult,rf,999,n_200,0,381,0.34593175853018376
exp2_adult,rf,999,n_200,1,317,0.9506309148264985
exp2_adult,rf,999,n_50,0,95,0.33859649122807023
exp2_adult,rf,999,n_50,1,99,0.9454545454545454
exp2_adult,svm,123,n_100,0,198,0.30968013468013467
exp2_adult,svm,123,n_100,1,200,0.9416666666666665
exp2_adult,svm,123,n_200,1,52,0.939102564102564
exp2_adult,svm,123,n_50,0,98,0.3707482993197279
exp2_adult,svm,123,n_50,1,100,0.9466666666666668
exp2_adult,svm,42,n_100,0,198,0.34974747474747475
exp2_adult,svm,42,n_100,1,200,0.9456666666666667
exp2_adult,svm,42,n_200,1,85,0.9598039215686274
exp2_adult,svm,42,n_50,1,27,0.9814814814814815
exp2_adult,svm,456,n_100,1,45,0.9629629629629629
exp2_adult,svm,456,n_50,1,25,0.96
exp2_adult,svm,789,n_100,1,56,0.9613095238095237
exp2_adult,svm,789,n_200,1,176,0.977746212121212
exp2_adult,svm,789,n_50,0,97,0.4793814432989691
exp2_adult,svm,789,n_50,1,99,0.9680134680134681
exp2_adult,svm,999,n_100,0,66,0.2441919191919192
exp2_adult,svm,999,n_100,1,99,0.9722222222222222
exp2_adult,svm,999,n_200,1,29,0.9281609195402298
exp2_adult,svm,999,n_50,0,100,0.24083333333333332
exp2_adult,svm,999,n_50,1,98,0.9362244897959183
exp2_adult,xgb,123,n_100,0,196,0.3679421768707482
exp2_adult,xgb,123,n_100,1,200,0.9220833333333333
exp2_adult,xgb,123,n_200,0,396,0.3942760942760943
exp2_adult,xgb,123,n_200,1,396,0.9043350168350168
exp2_adult,xgb,123,n_50,0,97,0.3707903780068728
exp2_adult,xgb,123,n_50,1,100,0.9083333333333334
exp2_adult,xgb,42,n_100,0,199,0.3797319932998325
exp2_adult,xgb,42,n_100,1,200,0.9005000000000001
exp2_adult,xgb,42,n_200,0,394,0.36379018612521147
exp2_adult,xgb,42,n_200,1,395,0.8577215189873418
exp2_adult,xgb,42,n_50,0,100,0.38016666666666665
exp2_adult,xgb,42,n_50,1,100,0.8758333333333332
exp2_adult,xgb,456,n_100,0,187,0.4817290552584671
exp2_adult,xgb,456,n_100,1,199,0.9590452261306532
exp2_adult,xgb,456,n_200,0,377,0.5355879752431477
exp2_adult,xgb,456,n_200,1,396,0.9587962962962961
exp2_adult,xgb,456,n_50,0,94,0.5425531914893617
exp2_adult,xgb,456,n_50,1,100,0.9568333333333334
exp2_adult,xgb,789,n_100,0,191,0.5506108202443282
exp2_adult,xgb,789,n_100,1,198,0.9701178451178452
exp2_adult,xgb,789,n_200,0,389,0.5366323907455013
exp2_adult,xgb,789,n_200,1,394,0.9615059221658208
exp2_adult,xgb,789,n_50,0,98,0.564625850340136
exp2_adult,xgb,789,n_50,1,99,0.9646464646464646
exp2_adult,xgb,999,n_100,0,194,0.4215635738831615
exp2_adult,xgb,999,n_100,1,195,0.8709401709401708
exp2_adult,xgb,999,n_200,0,390,0.375
exp2_adult,xgb,999,n_200,1,390,0.867991452991453
exp2_adult,xgb,999,n_50,0,97,0.38384879725085913
exp2_adult,xgb,999,n_50,1,96,0.856423611111111
german_credit,rf,123,not_applicable,0,37,0.5945945945945946
german_credit,rf,123,not_applicable,1,136,0.40061274509803924
german_credit,rf,42,not_applicable,0,46,0.6101449275362318
german_credit,rf,42,not_applicable,1,131,0.45597964376590333
german_credit,rf,456,not_applicable,0,36,0.6180555555555557
german_credit,rf,456,not_applicable,1,137,0.4330900243309002
german_credit,xgb,123,not_applicable,0,43,0.6065891472868218
german_credit,xgb,123,not_applicable,1,133,0.4916040100250626
german_credit,xgb,42,not_applicable,0,50,0.7466666666666666
german_credit,xgb,42,not_applicable,1,129,0.4883720930232558
german_credit,xgb,456,not_applicable,0,44,0.7954545454545454
german_credit,xgb,456,not_applicable,1,126,0.5013227513227513
