Model,Explainer,Name,Fidelity,Stability,Sparsity,Cost_Raw,Causal,Efficiency
adult_mlp,shap,recovery_phase1_mlp_shap,0.7657184506323146,0.38630660771437164,0.09259259259259259,1722.2307604501111,0.0,0.9954225468751519
adult_mlp,shap,rec_p1_exp2_mlp_shap_s42_n50,0.7272829675690485,0.339002990562621,0.09259259259259257,694.5557963717147,0.0,0.9981539956227697
adult_mlp,shap,rec_p1_exp2_mlp_shap_s42_n100,0.7266618828336209,0.346499524351255,0.09259259259259257,699.1376014170237,0.0,0.998141817681212
adult_mlp,shap,rec_p1_exp2_mlp_shap_s456_n200,0.7256976921848964,0.3267239976894568,0.09259259259259257,684.0692837929237,0.0,0.9981818676374158
adult_mlp,shap,rec_p1_exp2_mlp_shap_s456_n100,0.721556971101541,0.34813904657000366,0.09259259259259257,714.0814470389159,0.0,0.9981020985581086
adult_mlp,shap,rec_p1_exp2_mlp_shap_s789_n100,0.7273719959935443,0.3398456992780129,0.09259259259259257,721.2694405134243,0.0,0.998082993649981
adult_mlp,shap,rec_p1_exp2_mlp_shap_s123_n200,0.7181212739867188,0.31114851717867814,0.09259259259259257,733.9168170330231,0.0,0.9980493782930222
adult_mlp,shap,rec_p1_exp2_mlp_shap_s999_n50,0.7365528161445201,0.3236548981555129,0.09259259259259257,481.48910660500405,0.0,0.9987203038070352
adult_mlp,shap,rec_p1_exp2_mlp_shap_s999_n200,0.7241095959011516,0.32056220093390303,0.09259259259259257,709.116414247037,0.0,0.9981152950775095
adult_mlp,shap,exp2_mlp_shap_s42_n50,0.7306365623948614,0.33718070006917095,0.09259259259259257,274.81181315524736,0.0,0.9992696296679222
adult_mlp,shap,exp2_mlp_shap_s42_n100,0.7270773607766549,0.3288947804349809,0.09259259259259257,63.11230042228999,0.0,0.9998323040437103
adult_mlp,shap,exp2_mlp_shap_s456_n50,0.7244144198936152,0.33523676417189285,0.09259259259259257,56.94899164402159,0.0,0.9998486854508983
adult_mlp,shap,exp2_mlp_shap_s456_n200,0.7259682505175583,0.3143473208059717,0.09259259259259257,70.76872597988768,0.0,0.9998119540938414
adult_mlp,shap,exp2_mlp_shap_s456_n100,0.7285086716531163,0.3322123088693285,0.09259259259259257,92.63042388251051,0.0,0.9997538480686444
adult_mlp,shap,exp2_mlp_shap_s789_n50,0.7112552006389613,0.3339648485900698,0.09259259259259257,60.20744852605276,0.0,0.9998400248254276
adult_mlp,shap,exp2_mlp_shap_s789_n100,0.7162711814139076,0.32670921437701717,0.09259259259259257,64.4231540648434,0.0,0.9998288199367061
adult_mlp,shap,exp2_mlp_shap_s123_n200,0.7093390116711069,0.3070636526649427,0.09259259259259257,85.45148293749662,0.0,0.9997729289161292
adult_mlp,shap,exp2_mlp_shap_s123_n100,0.7062356390236891,0.313652863090414,0.09259259259259257,68.51924603513908,0.0,0.9998179329678946
adult_mlp,shap,exp2_mlp_shap_s999_n200,0.6926399744846319,0.3104067732376435,0.09259259259259257,300.24075202003587,0.0,0.9992020423026139
adult_mlp,shap,exp2_mlp_shap_s999_n100,0.7005594215047249,0.3113744423052435,0.09259259259259257,53.833331972855376,0.0,0.999856966536849
adult_rf,dice,exp2_rf_dice_s42_n50,0.1499089976285846,0.4006724980704062,0.018518518518518517,593.1991491945519,0.0,0.9984233906130847
adult_rf,dice,exp2_rf_dice_s42_n200,0.13802299080812905,0.40286744436278454,0.01881944444444444,640.1101695239777,0.0,0.9982987062019555
adult_rf,dice,exp2_rf_dice_s42_n100,0.14501397828751336,0.4139915988199151,0.01833333333333333,651.5149044775899,0.0,0.9982683936516893
adult_rf,dice,exp2_rf_dice_s456_n200,0.1325137483520518,0.39763154381368077,0.018464763747782616,1547.3923074585766,0.0,0.995887248546548
adult_rf,dice,exp2_rf_dice_s789_n100,0.11455731407806344,0.3783069861662463,0.017916666666666664,1299.7781180019956,0.0,0.9965453802431687
adult_rf,dice,exp2_rf_dice_s123_n50,0.12103780426877474,0.37982139535277964,0.01685185185185185,580.7446902280208,0.0,0.9984564932160822
adult_rf,dice,exp2_rf_dice_s123_n100,0.1188947726296226,0.3617061965394149,0.016828703703703703,1799.8124614650533,0.0,0.9952163431166849
adult_rf,dice,exp2_rf_dice_s999_n50,0.1281533973750338,0.38255503364029536,0.017546296296296296,1375.9555008480675,0.0,0.9963429090102938
adult_rf,dice,exp2_rf_dice_s999_n100,0.13757305960903893,0.3705903343704227,0.01770833333333333,596.2570245750425,0.0,0.9984152631115201
adult_xgb,anchors,exp2_xgb_anchors_s42_n50,0.3043581442428179,0.0007457598085231413,0.06203703703703703,3872.198461241205,0.0,0.9897081655882524
adult_xgb,anchors,exp2_xgb_anchors_s42_n200,0.0,0.0,0.0,1.0,0.0,0.9999973918108841
adult_xgb,anchors,exp2_xgb_anchors_s42_n100,0.32516879297982143,0.0010267827079560215,0.05585648148148147,2722.023888185213,0.0,0.9927652050286683
adult_xgb,anchors,exp2_xgb_anchors_s456_n50,0.3209681269856867,0.0005357142857142856,0.05731481481481481,2914.5761993544875,0.0,0.9922534218408139
adult_xgb,anchors,exp2_xgb_anchors_s456_n100,0.3136310257344175,0.0010926536935005004,0.05425925925925926,2363.510818358336,0.0,0.9937180939379174
adult_xgb,anchors,exp2_xgb_anchors_s789_n50,0.3102751744070678,0.00016666666666666663,0.05685185185185185,3087.7967139951033,0.0,0.9917930204743165
adult_xgb,anchors,exp2_xgb_anchors_s789_n200,0.31055823386174675,9.472746168079222e-05,0.05622685185185184,3694.6127100175204,0.0,0.9901801692807912
adult_xgb,anchors,exp2_xgb_anchors_s123_n50,0.0,0.0,0.0,1.0,0.0,0.9999973918108841
adult_xgb,anchors,exp2_xgb_anchors_s123_n200,0.32731853619882373,0.000544538759187193,0.05909722222222222,2666.589169023573,0.0,0.9929125445080964
adult_xgb,anchors,exp2_xgb_anchors_s999_n200,0.3172583091309699,0.000245884766389125,0.06336805555555555,3521.5745801046432,0.0,0.9906400858884362
adult_mlp,lime,exp2_mlp_lime_s42_n50,0.5191085288575897,0.0024779716934268457,0.08444444444444443,3.5468310343276244,0.0,0.9999906226098406
adult_mlp,lime,exp2_mlp_lime_s42_n200,0.5362160329598797,0.0025953134515438086,0.08359953703703703,3.2551501124453353,0.0,0.9999913978661392
adult_mlp,lime,exp2_mlp_lime_s42_n100,0.5304479746444511,0.0027915682776652457,0.08365740740740739,3.149159178356058,0.0,0.9999916795785622
adult_mlp,lime,exp2_mlp_lime_s456_n50,0.561591523670099,0.002991175359565114,0.08430555555555555,3.599355996993836,0.0,0.9999904830041788
adult_mlp,lime,exp2_mlp_lime_s456_n200,0.5486650322596283,0.0027507314065446276,0.08484953703703703,3.1873574066412402,0.0,0.9999915780518087
adult_mlp,lime,exp2_mlp_lime_s456_n100,0.5533617336455624,0.002898464141105613,0.08474537037037039,3.2975179504137486,0.0,0.9999912852570148
adult_mlp,lime,exp2_mlp_lime_s789_n50,0.5177427556624393,0.017342879106735883,0.0850925925925926,3.268639224997969,0.0,0.9999913620135391
adult_mlp,lime,exp2_mlp_lime_s789_n200,0.5451374919460733,0.016566462395427303,0.08586805555555553,2.8190761161386035,0.0,0.9999925569035905
adult_mlp,lime,exp2_mlp_lime_s789_n100,0.526717083737779,0.015864636437923272,0.08421296296296293,3.2006711556459777,0.0,0.9999915426653058
adult_mlp,lime,exp2_mlp_lime_s123_n50,0.5590957288706778,0.001963334278710046,0.08467592592592592,2.840503747574985,0.0,0.9999924999512669
adult_mlp,lime,exp2_mlp_lime_s123_n200,0.5461329622819585,0.002262917101365631,0.08505787037037034,3.279440621736285,0.0,0.9999913333045964
adult_mlp,lime,exp2_mlp_lime_s123_n100,0.5576530367509204,0.0027828716850650925,0.08379629629629629,3.424157594636199,0.0,0.9999909486625567
adult_mlp,lime,exp2_mlp_lime_s999_n50,0.5318732910425891,0.010734328779236862,0.08407407407407405,2.8218012445722707,0.0,0.9999925496604942
adult_mlp,lime,exp2_mlp_lime_s999_n200,0.5495373520424094,0.011780203693325162,0.0861574074074074,3.302071094940402,0.0,0.9999912731552497
adult_mlp,lime,exp2_mlp_lime_s999_n100,0.5373938138177465,0.01176819424844653,0.08553240740740739,3.311047920033161,0.0,0.999991249295821
adult_logreg,dice,exp2_logreg_dice_s42_n50,0.17851454601118874,0.348701999598401,0.01787037037037037,504.58268311494976,0.0,0.9986589235819242
adult_logreg,dice,exp2_logreg_dice_s42_n200,0.17616744301577378,0.3519688012108235,0.017499999999999998,484.08015651379174,0.0,0.9987134170770129
adult_logreg,dice,exp2_logreg_dice_s42_n100,0.17087884143383938,0.3606527101532086,0.017106481481481483,492.4592659602058,0.0,0.998691146311641
adult_logreg,dice,exp2_logreg_dice_s456_n50,0.1644113986486377,0.3210220996267575,0.017175925925925924,489.5052941751783,0.0,0.9986989976487025
adult_logreg,dice,exp2_logreg_dice_s456_n200,0.15587785428062875,0.3392446629172823,0.01710648148148148,568.6097930071264,0.0,0.9984887464585714
adult_logreg,dice,exp2_logreg_dice_s456_n100,0.15501865501591444,0.33497120229280947,0.01766203703703704,491.4199564908631,0.0,0.9986939086836435
adult_logreg,dice,exp2_logreg_dice_s789_n50,0.14572482951806143,0.33400084028206595,0.018148148148148146,490.0501956500056,0.0,0.9986975493596004
adult_logreg,dice,exp2_logreg_dice_s789_n200,0.17762919880624298,0.35725739973958376,0.017835648148148146,503.78711199067766,0.0,0.9986610381238047
adult_logreg,dice,exp2_logreg_dice_s123_n50,0.0,0.0,0.0,1.0,0.0,0.9999973918108841
adult_logreg,dice,exp2_logreg_dice_s123_n200,0.1766217054774862,0.3567917281073044,0.017557870370370366,481.32903098397946,0.0,0.9987207292706982
adult_logreg,dice,exp2_logreg_dice_s123_n100,0.16584224623123245,0.3590257841893188,0.017453703703703704,563.3950505231769,0.0,0.9985026066792879
adult_logreg,dice,exp2_logreg_dice_s999_n50,0.0,0.0,0.0,1.0,0.0,0.9999973918108841
adult_logreg,dice,exp2_logreg_dice_s999_n200,0.167771722372579,0.3469303959799725,0.01798611111111111,601.5802462935426,0.0,0.9984011145647476
adult_logreg,dice,exp2_logreg_dice_s999_n100,0.17499402403202832,0.33348563136764897,0.0175,546.6167743676124,0.0,0.9985472015200636
adult_mlp,dice,exp2_mlp_dice_s42_n200,0.017512982249512546,0.12746736171318848,0.015381944444444441,490.85505837552773,0.0,0.9986954101216502
adult_mlp,dice,exp2_mlp_dice_s456_n50,0.0,0.0,0.0,1.0,0.0,0.9999973918108841
adult_mlp,dice,exp2_mlp_dice_s456_n200,0.0,0.0,0.0,1.0,0.0,0.9999973918108841
adult_mlp,dice,exp2_mlp_dice_s456_n100,0.029124048808230753,0.14630416138109348,0.015347222222222224,482.9616024209099,0.0,0.9987163900726418
adult_mlp,dice,exp2_mlp_dice_s789_n50,0.03976507623501267,0.14769084824847986,0.01597222222222222,579.0637520534801,0.0,0.9984609609676887
adult_mlp,dice,exp2_mlp_dice_s789_n200,0.024135629545824874,0.1231857786850242,0.01528935185185185,525.2242838737658,0.0,0.9986040604427876
adult_mlp,dice,exp2_mlp_dice_s123_n50,0.021824642315693633,0.13049939848923445,0.015,514.0689910930814,0.0,0.9986337100027751
adult_mlp,dice,exp2_mlp_dice_s123_n200,0.023868986424656635,0.12390149920660776,0.01528935185185185,506.67398166384373,0.0,0.9986533651368886
adult_mlp,dice,exp2_mlp_dice_s999_n50,0.021632718044316022,0.13281319461208088,0.015972222222222224,540.8429600232921,0.0,0.9985625476932323
adult_mlp,dice,exp2_mlp_dice_s999_n200,0.029726563551504052,0.12116627529056753,0.01528935185185185,552.8999168278096,0.0,0.9985305016079281
adult_mlp,dice,exp2_mlp_dice_s999_n100,0.027928925155434055,0.11988460934253332,0.015648148148148147,530.5184859602377,0.0,0.9985899890270538
adult_svm,lime,exp2_svm_lime_s42_n50,0.5923942950443873,0.005099724864909429,0.08662037037037035,800.8024455957639,0.0,0.9978716035366476
adult_svm,lime,exp2_svm_lime_s42_n200,0.5934134941668439,0.007219508999887591,0.08481481481481482,804.5723011419614,0.0,0.9978615836689168
adult_svm,lime,exp2_svm_lime_s42_n100,0.5902325408680873,0.007850119520288659,0.0862037037037037,745.8499238762306,0.0,0.9980176613875011
adult_svm,lime,exp2_svm_lime_s456_n50,0.5857653536682115,0.007293903152180604,0.0849537037037037,5282.089046024485,0.0,0.9859608291183617
adult_svm,lime,exp2_svm_lime_s456_n200,0.5906228334025606,0.007519340138159446,0.08393518518518517,741.5859334797278,0.0,0.9980289946121446
adult_svm,lime,exp2_svm_lime_s456_n100,0.5856206165998343,0.008564952861155868,0.08525462962962962,782.7864831924761,0.0,0.9979194880134167
adult_svm,lime,exp2_svm_lime_s789_n50,0.5904939791475493,0.03959194411418428,0.085,772.3805505943892,0.0,0.9979471458552016
adult_svm,lime,exp2_svm_lime_s789_n200,0.6012687588278838,0.04122690130035145,0.08496527777777776,820.5443748801918,0.0,0.9978191316268469
adult_svm,lime,exp2_svm_lime_s789_n100,0.5972421756591253,0.04018019383137229,0.0848611111111111,859.5707907272663,0.0,0.9977154036404547
adult_svm,lime,exp2_svm_lime_s123_n50,0.5919105979840638,0.007910578272737803,0.08486111111111111,824.5848619044409,0.0,0.9978083924499593
adult_svm,lime,exp2_svm_lime_s123_n200,0.5845277126469918,0.007039683056620377,0.0835185185185185,793.7666865424035,0.0,0.9978903038221723
adult_svm,lime,exp2_svm_lime_s123_n100,0.5847311940190413,0.008219547718877122,0.08368055555555554,740.6621370975336,0.0,0.9980314499628725
adult_svm,lime,exp2_svm_lime_s999_n50,0.600572077245035,0.03346795767646538,0.08592592592592592,802.3727177058754,0.0,0.9978674299234542
adult_svm,lime,exp2_svm_lime_s999_n200,0.6014772377206729,0.029643725673812443,0.08538194444444443,802.8538493587425,0.0,0.997866151127632
adult_svm,lime,exp2_svm_lime_s999_n100,0.5992909205386551,0.029244356788868192,0.0862962962962963,746.1657210874546,0.0,0.9980168220327175
adult_logreg,lime,exp2_logreg_lime_s42_n50,0.6442853177477478,0.006441968525665994,0.08435185185185183,3.101720414197189,0.0,0.9999918056656593
adult_logreg,lime,exp2_logreg_lime_s42_n200,0.643852418147801,0.0068175708762463995,0.08358796296296295,2.990176610619528,0.0,0.999992102137008
adult_logreg,lime,exp2_logreg_lime_s42_n100,0.6556811766944386,0.007817919909185282,0.08372685185185183,53.295517091755755,0.0,0.9998583959905525
adult_logreg,lime,exp2_logreg_lime_s456_n50,0.6746465219305238,0.008286244300407721,0.08814814814814813,20.043678543297574,0.0,0.9999467757759262
adult_logreg,lime,exp2_logreg_lime_s456_n200,0.6762806059777391,0.006580883872178731,0.0866087962962963,3.1273982325728866,0.0,0.9999917374167991
adult_logreg,lime,exp2_logreg_lime_s456_n100,0.6696289361812039,0.007345532024549347,0.08585648148148146,3.211419925210066,0.0,0.9999915140962405
adult_logreg,lime,exp2_logreg_lime_s789_n50,0.6513009338370273,0.038166759338729234,0.08611111111111111,3.4854200202971697,0.0,0.9999907858336645
adult_logreg,lime,exp2_logreg_lime_s789_n200,0.6597259138179943,0.0405556728769594,0.08594907407407407,2.6576454196765553,0.0,0.9999929859688972
adult_logreg,lime,exp2_logreg_lime_s789_n100,0.6533059164969995,0.03771840503289701,0.08534722222222221,2.9991785481979605,0.0,0.9999920782108329
adult_logreg,lime,exp2_logreg_lime_s123_n50,0.6324620501635649,0.006336005258709549,0.0800462962962963,3.3704293789924122,0.0,0.9999910914663346
adult_logreg,lime,exp2_logreg_lime_s123_n200,0.6561238966353022,0.006857544344431143,0.08399305555555553,3.1381904094087076,0.0,0.9999917087323621
adult_logreg,lime,exp2_logreg_lime_s123_n100,0.6460154147111562,0.007019835637620666,0.08222222222222221,3.118818637885852,0.0,0.9999917602204326
adult_logreg,lime,exp2_logreg_lime_s999_n50,0.6677192758850558,0.03059691654660294,0.08694444444444444,3.117423120420426,0.0,0.9999917639295669
adult_logreg,lime,exp2_logreg_lime_s999_n200,0.6592160039860127,0.0290808244414431,0.08581018518518517,3.153980133611185,0.0,0.9999916667649853
adult_logreg,lime,exp2_logreg_lime_s999_n100,0.6653998266248681,0.0307205240784777,0.08664351851851851,3.0352436126122484,0.0,0.9999919823537978
adult_rf,shap,exp2_rf_shap_s42_n50,0.7342148566667325,0.9563293230658904,0.45087962962962963,130.62353875499954,0.0,0.9996528664843265
adult_rf,shap,exp2_rf_shap_s42_n200,0.7283952726920859,0.9525786808458137,0.45129629629629625,65.56110147284926,0.0,0.9998257953957461
adult_rf,shap,exp2_rf_shap_s42_n100,0.723228767903906,0.9535715952442659,0.4515046296296296,76.18768976237334,0.0,0.9997975510750324
adult_rf,shap,exp2_rf_shap_s456_n50,0.7371197647190136,0.9514222502104437,0.48203703703703704,76.93325644024299,0.0,0.9997955694395546
adult_rf,shap,exp2_rf_shap_s456_n200,0.7194819908392607,0.9512923836384981,0.482879105520615,421.54815948888637,0.0,0.9988796203522994
adult_rf,shap,exp2_rf_shap_s456_n100,0.7377687089702316,0.9506124946155978,0.48483796296296305,844.228364270025,0.0,0.9977561821482485
adult_rf,shap,exp2_rf_shap_s789_n50,0.7353942999561899,0.9517321681030595,0.4673611111111111,693.6462933499934,0.0,0.9981564129832937
adult_rf,shap,exp2_rf_shap_s789_n200,0.7210386096111998,0.9493647226807865,0.46489425816348895,72.87894730318749,0.0,0.9998063453541209
adult_rf,shap,exp2_rf_shap_s789_n100,0.728780372817059,0.9449435824488294,0.4675694444444444,65.85333302282379,0.0,0.9998250186759378
adult_rf,shap,exp2_rf_shap_s123_n50,0.7322965063197024,0.932484854503234,0.5210185185185184,444.26994060515426,0.0,0.9988192283190758
adult_rf,shap,exp2_rf_shap_s123_n200,0.7159509982330133,0.9381344204619191,0.5205375514403292,857.644625929172,0.0,0.9977205231778662
adult_rf,shap,exp2_rf_shap_s123_n100,0.7361043555704014,0.937312175300962,0.5213194444444444,412.60282684190315,0.0,0.998903396077611
adult_rf,shap,exp2_rf_shap_s999_n50,0.729929613886256,0.9563591938073421,0.46944444444444444,506.5910742271808,0.0,0.9986535854958756
adult_rf,shap,exp2_rf_shap_s999_n200,0.7188928395894968,0.952611799315541,0.46879191168884754,89.3537589333409,0.0,0.9997625570891856
adult_rf,shap,exp2_rf_shap_s999_n100,0.7314354663019995,0.9524707904441274,0.4697916666666667,70.25407686742255,0.0,0.9998133219754409
adult_xgb,dice,exp2_xgb_dice_s42_n50,0.3465680284978627,0.5944630920089196,0.016712962962962964,861.12402917,0.0,0.9977112753009043
adult_xgb,dice,exp2_xgb_dice_s42_n200,0.32397388635164936,0.5699358708027801,0.01653935185185185,883.0771577749966,0.0,0.9976529262628033
adult_xgb,dice,exp2_xgb_dice_s456_n200,0.3130355573473592,0.5682299698601728,0.016458333333333332,689.0211691871446,0.0,0.998168706062374
adult_xgb,dice,exp2_xgb_dice_s456_n100,0.3251535658305768,0.5579076728823938,0.016898148148148148,737.5999265574501,0.0,0.9980395889868218
adult_xgb,dice,exp2_xgb_dice_s789_n200,0.32744552053547066,0.5748737983035119,0.016863425925925924,586.665066242058,0.0,0.9984407574978695
adult_xgb,dice,exp2_xgb_dice_s789_n100,0.0,0.0,0.0,1.0,0.0,0.9999973918108841
adult_xgb,dice,exp2_xgb_dice_s123_n50,0.31241754156899043,0.5767104111628291,0.01634259259259259,807.7348343838821,0.0,0.9978531779980919
adult_xgb,dice,exp2_xgb_dice_s123_n200,0.3203789595383501,0.5645044842218236,0.016678240740740743,666.804232376453,0.0,0.9982277562741128
adult_xgb,dice,exp2_xgb_dice_s123_n100,0.3250575238152601,0.5679404822317415,0.016273148148148148,778.5445294692909,0.0,0.9979307626669692
adult_xgb,dice,exp2_xgb_dice_s999_n50,0.32355393689581086,0.571831138932403,0.016759259259259262,828.9532602315012,0.0,0.9977967817203448
adult_xgb,dice,exp2_xgb_dice_s999_n200,0.3173058990162563,0.5804038895473046,0.016585648148148148,710.299256282633,0.0,0.9981121512114919
adult_xgb,dice,exp2_xgb_dice_s999_n100,0.3469093413616528,0.5806000128946459,0.017152777777777777,834.2594535223179,0.0,0.9977826784332887
adult_svm,anchors,exp2_svm_anchors_s42_n50,0.5157527227214526,0.0013562676782328713,0.045462962962962955,265858.40962376,0.0,0.2933771918987701
adult_svm,anchors,exp2_svm_anchors_s42_n100,0.5178050478317995,0.0008821849466995873,0.041342592592592584,28797.46461425755,0.0,0.9234595077952179
adult_svm,anchors,exp2_svm_anchors_s456_n50,0.49663282846168977,0.002096756302099037,0.04273148148148147,29955.141885399968,0.0,0.9203825269959013
adult_svm,anchors,exp2_svm_anchors_s456_n200,0.5075538812018385,0.0012327335497718222,0.0439699074074074,34765.61658188768,0.0,0.9075968062724699
adult_svm,anchors,exp2_svm_anchors_s789_n50,0.5366468230148077,0.0001364774001802114,0.04555555555555555,35822.03486499959,0.0,0.9047889608960338
adult_svm,anchors,exp2_svm_anchors_s789_n100,0.5296755119266274,0.00012587728088177082,0.04108796296296296,30259.32845689837,0.0,0.9195740320351365
adult_svm,anchors,exp2_svm_anchors_s123_n50,0.5026929981850368,0.0006566035778378482,0.045046296296296286,28256.80239311958,0.0,0.9248965294201789
adult_svm,anchors,exp2_svm_anchors_s123_n100,0.504704936737758,0.0003670295470700207,0.04518518518518518,37822.12734323242,0.0,0.8994729317177923
adult_svm,anchors,exp2_svm_anchors_s999_n50,0.504689330206189,7.142857142857142e-05,0.04347222222222222,28872.60561288014,0.0,0.9232597911593587
adult_svm,anchors,exp2_svm_anchors_s999_n100,0.5147677508190295,0.0003696835477692237,0.04217592592592592,27938.890439895014,0.0,0.9257415049589833
adult_rf,lime,exp2_rf_lime_s42_n50,0.4477508132780521,0.007033884557877755,0.08231481481481481,20.363260825179168,0.0,0.9999459263608347
adult_rf,lime,exp2_rf_lime_s42_n200,0.44290017191164,0.006879308402417076,0.08320601851851851,16.273713370974292,0.0,0.9999567959350314
adult_rf,lime,exp2_rf_lime_s42_n100,0.4392226502213246,0.006936687425919907,0.08263888888888889,18.578858442615456,0.0,0.9999506691090999
adult_rf,lime,exp2_rf_lime_s456_n50,0.46008540479271515,0.007322283347829231,0.08453703703703702,17.979517275089165,0.0,0.9999522620930089
adult_rf,lime,exp2_rf_lime_s456_n200,0.455848578543592,0.007322983272431158,0.08501316991883028,53.58740258500648,0.0,0.9998576201905254
adult_rf,lime,exp2_rf_lime_s456_n100,0.46648945024554633,0.006351795274857809,0.08444444444444443,18.386070405049395,0.0,0.999951181518823
adult_rf,lime,exp2_rf_lime_s789_n50,0.4424749496965383,0.0407713295076436,0.08324074074074073,16.818913500464987,0.0,0.9999553468521375
adult_rf,lime,exp2_rf_lime_s789_n200,0.46105224473304945,0.04126039301898584,0.08493589743589743,16.707076116677886,0.0,0.9999556441037906
adult_rf,lime,exp2_rf_lime_s789_n100,0.46335823847349317,0.03875120573653916,0.08506944444444443,16.261182486632606,0.0,0.9999568292407648
adult_rf,lime,exp2_rf_lime_s123_n50,0.454610758995531,0.006884767159445644,0.0850462962962963,17.500252710087807,0.0,0.9999535359263139
adult_rf,lime,exp2_rf_lime_s123_n200,0.45394792761475017,0.006503903663354587,0.08465792181069957,18.75935141253851,0.0,0.999950189378335
adult_rf,lime,exp2_rf_lime_s123_n100,0.4660867916571867,0.0072120286949049865,0.08541666666666665,55.555503756622784,0.0,0.9998523891907751
adult_rf,lime,exp2_rf_lime_s999_n50,0.47254287306936676,0.029292288668495113,0.0835185185185185,20.145505859982222,0.0,0.9999465051299473
adult_rf,lime,exp2_rf_lime_s999_n200,0.4618740174168826,0.02983917241382631,0.08411998349324253,18.179872612805426,0.0,0.9999517295702216
adult_rf,lime,exp2_rf_lime_s999_n100,0.4680126586511305,0.028635781693965544,0.08391203703703702,44.68679291909211,0.0,0.9998812770469973
adult_rf,anchors,exp2_rf_anchors_s42_n50,0.31209393542633856,0.0011617486470244691,0.17050925925925928,48381.20725359898,0.0,0.8714080409640972
adult_rf,anchors,exp2_rf_anchors_s42_n200,0.3220430878924141,0.0007702346871181976,0.16655092592592596,48073.62479416028,0.0,0.8722255618272005
adult_rf,anchors,exp2_rf_anchors_s456_n50,0.31735379220811816,0.0007688650965213218,0.1521759259259259,54957.778085139944,0.0,0.853928227998582
adult_rf,anchors,exp2_rf_anchors_s456_n200,0.29450291896947095,0.00068825110189736,0.16774176208138472,49823.13324958811,0.0,0.8675755578409589
adult_rf,anchors,exp2_rf_anchors_s456_n100,0.29355230753577566,0.0005299034205082175,0.1733796296296296,54325.27520929038,0.0,0.8556093521365563
adult_rf,anchors,exp2_rf_anchors_s789_n100,0.3054887428339296,0.00021844942570498863,0.18962962962962962,54952.46924371505,0.0,0.8539423383240917
adult_rf,anchors,exp2_rf_anchors_s123_n50,0.27315562242806257,0.0004392162960573494,0.20685185185185184,376238.073678935,0.0,0.0
adult_rf,anchors,exp2_rf_anchors_s123_n200,0.2814315493921661,0.0008580351379257505,0.17569444444444443,52459.37213362785,0.0,0.8605687204167453
adult_rf,anchors,exp2_rf_anchors_s123_n100,0.28617939224086475,0.0009334041564873475,0.20006944444444444,59724.62058170033,0.0,0.8412584769367781
adult_rf,anchors,exp2_rf_anchors_s999_n50,0.30012891796266516,0.0004266449503030459,0.19194444444444442,55978.152018154935,0.0,0.8512161846007601
adult_rf,anchors,exp2_rf_anchors_s999_n100,0.29593003413264546,0.00016720375410763624,0.19925925925925927,53732.561442503276,0.0,0.8571847211321787
adult_svm,shap,exp2_svm_shap_s42_n50,0.965728987455013,0.9628363489331048,0.09259259259259259,231677.0014259285,0.0,0.3842276727193379
adult_svm,shap,exp2_svm_shap_s42_n200,0.9619117214164282,0.9682516695470806,0.09259259259259257,90603.74692449182,0.0,0.7591851036185997
adult_svm,shap,exp2_svm_shap_s456_n50,0.9597882223970691,0.9658540028941072,0.09259259259259259,226036.93705710178,0.0,0.3992183529394514
adult_svm,shap,exp2_svm_shap_s456_n100,0.9607747455422144,0.9684097918942947,0.09259259259259257,96108.92272993679,0.0,0.7445529425902497
adult_svm,shap,exp2_svm_shap_s789_n200,0.9529902081700802,0.9701989698620707,0.09259259259259257,88978.70281116401,0.0,0.763504294864203
adult_svm,shap,exp2_svm_shap_s789_n100,0.9593900857195793,0.9675737144086636,0.09259259259259257,163119.13069587742,0.0,0.5664470676550509
adult_svm,shap,exp2_svm_shap_s123_n50,0.8360425545235093,0.9228628704785191,0.09259259259259257,89144.40644621401,0.0,0.7630638725495084
adult_svm,shap,exp2_svm_shap_s123_n200,0.9407644084011444,0.9703530445601113,0.09259259259259257,94471.67808734566,0.0,0.7489045615212023
adult_svm,shap,exp2_svm_shap_s999_n50,0.8541642899973795,0.9379677297652558,0.09259259259259257,89338.58525505588,0.0,0.7625477663070053
adult_logreg,shap,exp2_logreg_shap_s42_n50,0.9599164670921929,0.8779396399268252,0.09259259259259257,29.04440228623571,0.0,0.9999228528270808
adult_logreg,shap,exp2_logreg_shap_s42_n200,0.9602837332279739,0.8803512250497534,0.09259259259259257,29.505446925759315,0.0,0.9999216274203645
adult_logreg,shap,exp2_logreg_shap_s42_n100,0.959757718197912,0.8766806798112211,0.09259259259259257,25.475084917852655,0.0,0.9999323396860552
adult_logreg,shap,exp2_logreg_shap_s456_n50,0.9274259635377149,0.8805061761181555,0.09259259259259257,30.996038566008792,0.0,0.9999176655892298
adult_logreg,shap,exp2_logreg_shap_s456_n200,0.9304473592176842,0.8854789756823789,0.09259259259259257,71.97989135293028,0.0,0.9998087349474605
adult_logreg,shap,exp2_logreg_shap_s456_n100,0.9314471339592236,0.8844316276406344,0.09259259259259257,32.14998072733579,0.0,0.9999145985359479
adult_logreg,shap,exp2_logreg_shap_s789_n50,0.9493366084901601,0.8753385382069382,0.09259259259259257,224.41340542573016,0.0,0.9994035831770439
adult_logreg,shap,exp2_logreg_shap_s789_n200,0.9506201434607161,0.8846325424954429,0.09259259259259257,25.88628585501283,0.0,0.9999312467585012
adult_logreg,shap,exp2_logreg_shap_s789_n100,0.9505743504204763,0.8822391625427666,0.09259259259259257,31.08247168986054,0.0,0.9999174358593481
adult_logreg,shap,exp2_logreg_shap_s123_n50,0.9379595773286007,0.8553003141124006,0.09259259259259257,623.6172996399999,0.0,0.9983425424637736
adult_logreg,shap,exp2_logreg_shap_s123_n200,0.9424073589695949,0.8623912728670081,0.09259259259259257,31.653560482391185,0.0,0.9999159179671919
adult_logreg,shap,exp2_logreg_shap_s123_n100,0.9417485842877659,0.8681958762735903,0.09259259259259257,33.201233635154495,0.0,0.9999118044195795
adult_logreg,shap,exp2_logreg_shap_s999_n50,0.949877514110656,0.8950314402727573,0.09259259259259257,29.180871679945994,0.0,0.9999224901062133
adult_logreg,shap,exp2_logreg_shap_s999_n200,0.9494336545385967,0.8953880150933929,0.09259259259259257,31.136868886642333,0.0,0.9999172912774908
adult_logreg,shap,exp2_logreg_shap_s999_n100,0.9494368247085574,0.8973908009925019,0.09259259259259257,29.43382665871468,0.0,0.9999218177792771
adult_xgb,shap,exp2_xgb_shap_s42_n50,0.7824505062109804,0.5984453159520303,0.35407407407407404,1.04862606000097,0.0,0.9999972625680832
adult_xgb,shap,exp2_xgb_shap_s42_n200,0.7815940054253062,0.6127829623979423,0.3545138888888889,0.946990915981587,0.0,0.999997532703288
adult_xgb,shap,exp2_xgb_shap_s42_n100,0.7779008570263747,0.610748973123999,0.3528935185185185,1.008785933663603,0.0,0.999997368458824
adult_xgb,shap,exp2_xgb_shap_s456_n50,0.7588960738166333,0.5383470810345847,0.38935185185185184,1.1619280605373206,0.0,0.9999969614236375
adult_xgb,shap,exp2_xgb_shap_s456_n200,0.7612080965075961,0.5310739998696135,0.39020833333333327,1.0561131261420087,0.0,0.9999972426682724
adult_xgb,shap,exp2_xgb_shap_s456_n100,0.7560225362127839,0.5471271441772854,0.38942129629629635,1.103776283271145,0.0,0.999997115984763
adult_xgb,shap,exp2_xgb_shap_s789_n50,0.7085356586803817,0.5256376563776947,0.3688888888888889,1.026652269938495,0.0,0.9999973209720373
adult_xgb,shap,exp2_xgb_shap_s789_n200,0.7077357111659537,0.5386809617638683,0.36979166666666674,0.9591223993629683,0.0,0.9999975004591192
adult_xgb,shap,exp2_xgb_shap_s789_n100,0.7003788513033187,0.5427090779580288,0.3692129629629629,1.1602774200036947,0.0,0.9999969658108613
adult_xgb,shap,exp2_xgb_shap_s123_n50,0.7259101057667467,0.5907511005730562,0.4010185185185185,1.055264586029807,0.0,0.9999972449236001
adult_xgb,shap,exp2_xgb_shap_s123_n200,0.7241276937291683,0.5849216163503936,0.4017824074074074,1.0856422736833338,0.0,0.9999971641829964
adult_xgb,shap,exp2_xgb_shap_s123_n100,0.7291295289617881,0.5752512866836785,0.40182870370370366,1.047698635047709,0.0,0.9999972650330783
adult_xgb,shap,exp2_xgb_shap_s999_n50,0.8208890629008735,0.6145541979179703,0.36620370370370364,3.0639125002198853,0.0,0.9999919061549997
adult_xgb,shap,exp2_xgb_shap_s999_n200,0.8203268264260608,0.6066299125036998,0.36520833333333336,1.038869274634635,0.0,0.999997288500562
adult_xgb,shap,exp2_xgb_shap_s999_n100,0.8287331801560335,0.6098289618126886,0.36618055555555556,1.132346539743594,0.0,0.9999970400481158
adult_xgb,lime,exp2_xgb_lime_s42_n50,0.5307848670075532,0.0024036296498505067,0.08222222222222221,3.6904785050137434,0.0,0.999990240810422
adult_xgb,lime,exp2_xgb_lime_s42_n200,0.5344652187452801,0.0035546889997177004,0.08355324074074072,3.107096683670534,0.0,0.9999917913761174
adult_xgb,lime,exp2_xgb_lime_s42_n100,0.5289764690697483,0.003911416647849287,0.08296296296296295,3.8869271700968966,0.0,0.9999897186711474
adult_xgb,lime,exp2_xgb_lime_s456_n50,0.5725855042447887,0.0035530486524867227,0.0862962962962963,12.134941490003257,0.0,0.9999677963424229
adult_xgb,lime,exp2_xgb_lime_s456_n200,0.5704603775663168,0.0036092305800800896,0.08582175925925924,4.06097088191018,0.0,0.999989256081812
adult_xgb,lime,exp2_xgb_lime_s456_n100,0.5569654982523439,0.003774445404465448,0.08546296296296294,3.7458729896025034,0.0,0.9999900935778817
adult_xgb,lime,exp2_xgb_lime_s789_n50,0.573285421248094,0.02098561733703153,0.08675925925925926,4.463897955356515,0.0,0.9999881851452915
adult_xgb,lime,exp2_xgb_lime_s789_n200,0.5571246669081514,0.02212870060175396,0.08337962962962962,3.1183823419269174,0.0,0.9999917613800601
adult_xgb,lime,exp2_xgb_lime_s789_n100,0.5693322194251023,0.023447332295112693,0.08518518518518517,3.6544982307532337,0.0,0.9999903364420939
adult_xgb,lime,exp2_xgb_lime_s123_n50,0.5374651075365516,0.0028218544914167436,0.08319444444444443,39.40111455362057,0.0,0.9998953258076039
adult_xgb,lime,exp2_xgb_lime_s123_n200,0.5536890653475366,0.00393865283530308,0.08462962962962962,3.7426078612770652,0.0,0.9999901022562391
adult_xgb,lime,exp2_xgb_lime_s123_n100,0.5498114781984557,0.0029897580495746676,0.08372685185185183,4.061345096415607,0.0,0.9999892550871904
adult_xgb,lime,exp2_xgb_lime_s999_n50,0.5510387483645798,0.019355832001425054,0.08416666666666664,34.982445587811526,0.0,0.9999070701511313
adult_xgb,lime,exp2_xgb_lime_s999_n200,0.5558011343164173,0.017041332444458095,0.08407407407407405,3.9243753185837704,0.0,0.9999896191380248
adult_xgb,lime,exp2_xgb_lime_s999_n100,0.5505469452992569,0.01787003713656436,0.08333333333333331,3.88025602511334,0.0,0.9999897364023282
adult_svm,dice,exp2_svm_dice_s42_n200,0.22001895523368836,0.3939336164206405,0.015451388888888888,2233.917822399708,0.0,0.9940625380850303
adult_svm,dice,exp2_svm_dice_s42_n100,0.20871373536718438,0.3861027174465558,0.01525462962962963,2315.799067696753,0.0,0.9938449066035427
adult_svm,dice,exp2_svm_dice_s456_n50,0.22268115490224338,0.4132496037553814,0.015046296296296295,2123.0422385432757,0.0,0.994357233378048
adult_svm,dice,exp2_svm_dice_s456_n200,0.20797936160220282,0.3987664674983401,0.015497685185185184,2104.1380317687867,0.0,0.9944074787121505
adult_svm,dice,exp2_svm_dice_s456_n100,0.0,0.0,0.0,1.0,0.0,0.9999973918108841
adult_svm,dice,exp2_svm_dice_s789_n50,0.23494843857780956,0.3794965935540848,0.01587962962962963,2093.819437289494,0.0,0.9944349044186752
adult_svm,dice,exp2_svm_dice_s789_n200,0.23325263394767887,0.394157272845079,0.01574074074074074,2106.122792898732,0.0,0.9944022034320354
adult_svm,dice,exp2_svm_dice_s789_n100,0.24989502716646717,0.39050157212693876,0.015300925925925926,2149.8559918574756,0.0,0.9942859653259215
adult_svm,dice,exp2_svm_dice_s123_n50,0.0,0.0,0.0,1.0,0.0,0.9999973918108841
adult_svm,dice,exp2_svm_dice_s123_n100,0.20655959667323523,0.40093564299357964,0.015625,2107.6064053174878,0.0,0.9943982601509157
adult_svm,dice,exp2_svm_dice_s999_n100,0.0,0.0,0.0,5.59005207309383,0.0,0.9999851919496198
adult_mlp,anchors,exp2_mlp_anchors_s42_n200,0.3080562518181398,0.00031123150792764626,0.13966435185185186,12019.181894901176,0.0,0.9680543660168185
adult_mlp,anchors,exp2_mlp_anchors_s42_n100,0.0,0.0,0.0,1.0,0.0,0.9999973918108841
adult_mlp,anchors,exp2_mlp_anchors_s456_n200,0.3092318298603678,0.00041079819967240446,0.14975694444444446,10507.327830650464,0.0,0.972072710371526
adult_mlp,anchors,exp2_mlp_anchors_s456_n100,0.0,0.0,0.0,1.0,0.0,0.9999973918108841
adult_mlp,anchors,exp2_mlp_anchors_s789_n100,0.30246651881495457,0.00020284945771549938,0.14456018518518518,10530.662785959868,0.0,0.9720106885877096
adult_mlp,anchors,exp2_mlp_anchors_s123_n50,0.28363518265188853,0.00023628585866051078,0.1511574074074074,9457.656995005236,0.0,0.9748626217634079
adult_mlp,anchors,exp2_mlp_anchors_s123_n200,0.0,0.0,0.0,1.0,0.0,0.9999973918108841
adult_mlp,anchors,exp2_mlp_anchors_s123_n100,0.29004406691186013,0.0003646699454842976,0.15069444444444444,9746.34399770861,0.0,0.9740953229777506
adult_mlp,anchors,exp2_mlp_anchors_s999_n50,0.2995077072775827,3.571428571428571e-05,0.1490277777777778,10289.843406904838,0.0,0.9726507604142252
adult_mlp,anchors,exp2_mlp_anchors_s999_n100,0.2993947150291353,3.418115050973352e-05,0.14344907407407406,9910.068440315517,0.0,0.9736601611422045
adult_logreg,anchors,exp2_logreg_anchors_s42_n50,0.0,0.0,0.0,1.0,0.0,0.9999973918108841
adult_logreg,anchors,exp2_logreg_anchors_s42_n100,0.5041596485893131,0.0007075626565473308,0.03400462962962963,1125.4655393874964,0.0,0.9970086841974278
adult_logreg,anchors,exp2_logreg_anchors_s456_n50,0.5059430944807197,0.00010685794932649012,0.03421296296296296,1147.139537075003,0.0,0.996951077059073
adult_logreg,anchors,exp2_logreg_anchors_s456_n200,0.5029387748968105,0.0007475729932549726,0.03614583333333333,1449.3678942837482,0.0,0.9961477868197971
adult_logreg,anchors,exp2_logreg_anchors_s456_n100,0.0,0.0,0.0,1.0,0.0,0.9999973918108841
adult_logreg,anchors,exp2_logreg_anchors_s789_n50,0.49326612195399294,0.0001984126984126984,0.03532407407407408,1193.7793310079724,0.0,0.9968271135383293
adult_logreg,anchors,exp2_logreg_anchors_s789_n100,0.5013009822847198,0.0001388888888888889,0.034375,1196.1268625785306,0.0,0.9968208740536746
adult_logreg,anchors,exp2_logreg_anchors_s123_n50,0.0,0.0,0.0,1.0,0.0,0.9999973918108841
adult_logreg,anchors,exp2_logreg_anchors_s123_n100,0.5013612175686607,0.0005601437779565088,0.036064814814814806,1840.302738014998,0.0,0.9951087243470945
adult_logreg,anchors,exp2_logreg_anchors_s999_n200,0.0,0.0,0.0,1.0,0.0,0.9999973918108841
adult_logreg,anchors,exp2_logreg_anchors_s999_n100,0.48671610476584193,0.0001018055231950731,0.037662037037037036,1312.6974795849494,0.0,0.9965110419793701
adult_mlp,shap,exp2_mlp_shap,0.7605,0.3774,0.0926,343.4721,0.0,0.9990871380620463
adult_rf,dice,exp2_rf_dice,0.1806,0.4498,0.0176,5107.879,0.0,0.9864238605521018
adult_xgb,anchors,exp2_xgb_anchors,0.3122,0.0014,0.0625,14262.6476,0.0,0.9620914771611858
adult_mlp,lime,exp2_mlp_lime,0.541,0.0105,0.0859,73.9175,0.0,0.9998035849935378
adult_logreg,dice,exp2_logreg_dice,0.1441,0.3344,0.019,1059.7651,0.0,0.9971833088493418
adult_mlp,dice,exp2_mlp_dice,-0.0017,0.1312,0.0155,1205.9237,0.0,0.9967948351208984
adult_svm,lime,exp2_svm_lime,0.5976,0.0052,0.088,4553.2352,0.0,0.987898043699341
adult_logreg,lime,exp2_logreg_lime,0.6484,0.0072,0.0836,78.4939,0.0,0.9997914214180051
adult_rf,shap,exp2_rf_shap,0.7329,0.9479,0.4523,140.3579,0.0,0.9996269936064606
adult_xgb,dice,exp2_xgb_dice,0.3831,0.5365,0.019,1021.3864,0.0,0.9972853152771662
adult_svm,anchors,exp2_svm_anchors,0.5051,0.0,0.037,30711.9247,0.0,0.9183710802414192
adult_rf,lime,exp2_rf_lime,0.4508,0.0066,0.0833,300.4664,0.0,0.9992014425547229
adult_rf,anchors,exp2_rf_anchors,0.3444,0.0005,0.1326,52974.2461,0.0,0.8592002411798404
adult_svm,shap,exp2_svm_shap,0.8671,0.9205,0.0926,154575.9449,0.0,0.5891539301928017
adult_logreg,shap,exp2_logreg_shap,0.9611,0.8789,0.0926,184.653,0.0,0.9995092620282381
adult_xgb,shap,exp2_xgb_shap,0.7841,0.6042,0.3576,2.0293,0.0,0.999994656042967
adult_xgb,lime,exp2_xgb_lime,0.491,0.0061,0.0778,72.0978,0.0,0.9998084215590471
adult_svm,dice,exp2_svm_dice,0.3054,0.4159,0.0155,3720.3991,0.0,0.9901116318491273
adult_mlp,anchors,exp2_mlp_anchors,0.3584,0.0009,0.1167,13230.5819,0.0,0.9648345960093251
adult_logreg,anchors,exp2_logreg_anchors,0.4954,0.0004,0.0329,4842.2418,0.0,0.9871298954586848
adult_mlp,shap,rec_p1_exp2_mlp_shap_s42_n50,0.7272829675690485,0.339002990562621,0.09259259259259257,694.5557963717147,0.0,0.9981539956227697
adult_mlp,shap,rec_p1_exp2_mlp_shap_s42_n100,0.7266618828336209,0.346499524351255,0.09259259259259257,699.1376014170237,0.0,0.998141817681212
adult_mlp,shap,rec_p1_exp2_mlp_shap_s456_n200,0.7256976921848964,0.3267239976894568,0.09259259259259257,684.0692837929237,0.0,0.9981818676374158
adult_mlp,shap,rec_p1_exp2_mlp_shap_s789_n100,0.7273719959935443,0.3398456992780129,0.09259259259259257,721.2694405134243,0.0,0.998082993649981
adult_mlp,shap,rec_p1_exp2_mlp_shap_s123_n200,0.7181212739867188,0.31114851717867814,0.09259259259259257,733.9168170330231,0.0,0.9980493782930222
adult_mlp,shap,rec_p1_exp2_mlp_shap_s999_n50,0.7365528161445201,0.3236548981555129,0.09259259259259257,481.48910660500405,0.0,0.9987203038070352
adult_mlp,shap,rec_p1_exp2_mlp_shap_s999_n200,0.7241095959011516,0.32056220093390303,0.09259259259259257,709.116414247037,0.0,0.9981152950775095
random_forest,lime,exp1_adult_rf_lime,0.30087001193615115,0.34154958655394324,0.09240740740740744,39.804899997543544,0.0,0.9998942525896277
xgboost,shap,exp1_adult_xgb_shap,0.7741759350515999,0.6002369554452185,0.09259259259259262,193.25748700415716,0.0,0.9994863922337283
xgboost,shap,exp1_adult_xgb_shap,0.7968214752865359,0.5827404423108886,0.09259259259259262,196.9996470026672,0.0,0.9994764459777635
xgboost,shap,exp1_adult_xgb_shap,0.8271256130409713,0.603992968302478,0.09250000000000004,293.30044098198414,0.0,0.9992204888976518
xgboost,shap,exp1_adult_xgb_shap,0.7850160379464128,0.566145325771868,0.09259259259259262,194.6054570027627,0.0,0.9994828094754699
xgboost,shap,exp1_adult_xgb_shap,0.7792315544832158,0.6007691191435384,0.09259259259259262,189.42904400406405,0.0,0.999496567820566
xgboost,shap,exp1_adult_xgb_shap,0.7585541803720512,0.5655058581348312,0.09259259259259262,190.67007398232818,0.0,0.999493269297299
xgboost,shap,exp1_adult_xgb_shap,0.7496389291940837,0.6135168053131838,0.09259259259259262,191.55105400830507,0.0,0.9994909277478085
xgboost,shap,exp1_adult_xgb_shap,0.7920321075035979,0.5621077754505779,0.09259259259259262,190.3721580072306,0.0,0.9994940611256937
xgboost,shap,exp1_adult_xgb_shap,0.8100427646755065,0.5818282827603874,0.09259259259259262,193.9766909973696,0.0,0.9994844806674109
xgboost,lime,exp1_adult_xgb_lime,0.5255519269778813,0.26093767571666526,0.09250000000000004,9.329000993166119,0.0,0.9999752542283536
xgboost,lime,exp1_adult_xgb_lime,0.47243329971001524,0.2772624313531165,0.09148148148148151,9.363637000788003,0.0,0.9999751621695968
xgboost,lime,exp1_adult_xgb_lime,0.5411360335341194,0.2678266410484642,0.09231481481481485,9.249078987631947,0.0,0.9999754666523881
xgboost,lime,exp1_adult_xgb_lime,0.5059874160812093,0.28256341199230606,0.09259259259259262,9.08570697531104,0.0,0.9999759008775021
xgboost,lime,exp1_adult_xgb_lime,0.48185867209697364,0.21645683457145876,0.09212962962962966,9.55705299274996,0.0,0.9999746480908389
xgboost,lime,exp1_adult_xgb_lime,0.5343405633104287,0.2702288012873598,0.09231481481481485,9.527867999859154,0.0,0.999974725661389
xgboost,lime,exp1_adult_xgb_lime,0.4852934248079893,0.24808801124089042,0.09240740740740744,9.118112020660192,0.0,0.9999758147484014
xgboost,lime,exp1_adult_xgb_lime,0.4964820713806841,0.2373392875645464,0.09240740740740744,9.124479992315173,0.0,0.9999757978230224
xgboost,lime,exp1_adult_xgb_lime,0.5253963067231806,0.24658773050802804,0.09259259259259262,9.404914996121079,0.0,0.999975052457156
random_forest,lime,exp1_adult_rf_lime,0.2850131289306674,0.3377623053113053,0.0913888888888889,38.12703000148758,0.0,0.9998987121863481
random_forest,lime,exp1_adult_rf_lime,0.28212435143126763,0.36085424535814625,0.09259259259259262,38.527177991345525,0.0,0.9998976486363308
random_forest,lime,exp1_adult_rf_lime,0.30087001193615115,0.34154958655394324,0.09240740740740744,38.16017901757732,0.0,0.9998986240798536
random_forest,lime,exp1_adult_rf_lime,0.3056502493153705,0.34627261132127357,0.09138888888888891,37.77136201271787,0.0,0.99989965751334
random_forest,lime,exp1_adult_rf_lime,0.2770171261399063,0.2962685878385723,0.09250000000000004,38.11824600910768,0.0,0.9998987355332484
random_forest,lime,exp1_adult_rf_lime,0.31173153800292697,0.35157576479837166,0.09222222222222225,39.283231005538255,0.0,0.9998956391293068
random_forest,lime,exp1_adult_rf_lime,0.26552231387629044,0.3258403673983954,0.09250000000000004,40.34360898658633,0.0,0.999892820759482
random_forest,lime,exp1_adult_rf_lime,0.2898211149666904,0.3337466202884387,0.09250000000000004,37.85880499519408,0.0,0.9998994250993635
random_forest,lime,exp1_adult_rf_lime,0.25717641067446534,0.33956491528949106,0.09250000000000004,38.510386005509645,0.0,0.9998976932676105
random_forest,shap,exp1_adult_rf_shap,0.7398156658051469,0.9457315590812714,0.5201851851851852,189.93412499781698,0.0,0.9994952253699896
random_forest,shap,exp1_adult_rf_shap,0.7589968145406075,0.9469588945687322,0.4963888888888889,216.99817199492827,0.0,0.9994232920643631
random_forest,shap,exp1_adult_rf_shap,0.7244011931163159,0.9567787288581378,0.49648148148148147,178.96119301905856,0.0,0.9995243902347171
random_forest,shap,exp1_adult_rf_shap,0.7341715053802298,0.9253707964791781,0.5457407407407407,223.63536301534623,0.0,0.9994056511295013
random_forest,shap,exp1_adult_rf_shap,0.7246681028194896,0.9529535039963981,0.5456481481481482,209.79006100213155,0.0,0.9994424504426755
random_forest,shap,exp1_adult_rf_shap,0.7436414340859,0.9369938895041191,0.4948148148148148,222.109454004094,0.0,0.9994097068303829
random_forest,shap,exp1_adult_rf_shap,0.7173166590850976,0.935552544196511,0.5166666666666667,221.60092399921268,0.0,0.9994110584480572
random_forest,shap,exp1_adult_rf_shap,0.7322873345633405,0.9451133784187907,0.5527777777777778,349.765439981129,0.0,0.9990704110460046
random_forest,shap,exp1_adult_rf_shap,0.7593204281001823,0.9360079292142218,0.5309259259259259,194.37537000514567,0.0,0.9994834210217889
svm_test,anchors,test_svm_anchors,0.0,0.0,0.0,1.0,0.0,0.9999973918108841
rf,shap,exp1_rf_shap,0.5788,0.9464,0.4573,0.1907,0.652,0.9999995428426293
rf,lime,exp1_rf_lime,0.1075,0.0861,0.0926,42.8608,0.619,0.999886130338404
xgboost,shap,exp1_xgb_shap,0.3463,0.4516,0.2286,0.0187,0.821,1.0
xgboost,lime,exp1_xgb_lime,0.5083,0.121,0.0926,19.1896,0.476,0.9999490458241895
xgboost,lime,exp1_lime_kauto_n5000_fsnone,0.6356621971840999,0.9696074331404754,0.0,15.21936034259852,0.0,0.9999595982911844
xgboost,lime,exp1_lime_kauto_n1000_fsauto,0.6496473027965889,0.9673000411371993,0.0,4.521364570246078,0.0,0.9999880324052534
xgboost,lime,exp1_lime_k0.75_n5000_fsnone,0.0,7.406758537882871e-60,0.0,16.356295841978863,0.0,0.9999565764397679
xgboost,lime,exp1_lime_k2.0_n1000_fsnone,0.24517328193910704,0.2696845476847232,0.0,4.277338646352291,0.0,0.9999886809997288
xgboost,lime,exp1_lime_k1.0_n1000_fsnone,0.0,1.795445295530777e-22,0.0,4.550554140587337,0.0,0.9999879548225369
xgboost,lime,exp1_lime_kauto_n1000_fsnone,0.6116791441493519,0.8684279588819408,0.0,4.267914651427418,0.0,0.9999887060476865
xgboost,lime,exp1_lime_k2.0_n5000_fsnone,0.286880488913722,0.3033347374934293,0.0,15.966903121443465,0.0,0.9999576114034442
xgboost,lime,exp1_lime_k0.5_n5000_fsauto,0.0,6.128122215321401e-131,0.0,15.488703080336563,0.0,0.9999588824073599
xgboost,lime,exp1_lime_k2.0_n1000_fsauto,0.25142331848626986,0.30860339245795854,0.0,4.4544365227920935,0.0,0.9999882102927545
xgboost,lime,exp1_lime_k0.75_n1000_fsnone,0.0,7.279940557788816e-62,0.0,4.274608314153738,0.0,0.999988688256656
xgboost,lime,exp1_lime_k0.5_n5000_fsnone,0.0,2.1336678155719414e-129,0.0,15.872839544317685,0.0,0.9999578614142443
xgboost,lime,exp1_lime_k0.75_n1000_fsauto,0.0,3.966406046247628e-62,0.0,4.452915603178553,0.0,0.9999882143351941
xgboost,lime,exp1_lime_k0.75_n5000_fsauto,0.0,-1.933238506500766e-60,0.0,18.01867394533474,0.0,0.9999521580188204
xgboost,lime,exp1_lime_k0.25_n1000_fsnone,0.0,0.0,0.0,4.285044767311774,0.0,0.9999886605176939
xgboost,lime,exp1_lime_k0.5_n1000_fsnone,0.0,9.542337350032178e-135,0.0,4.292181352502666,0.0,0.9999886415494235
xgboost,lime,exp1_lime_k1.0_n5000_fsauto,0.0,-3.91400058568292e-21,0.0,15.376199001912028,0.0,0.999959181431015
xgboost,lime,exp1_lime_k0.25_n1000_fsauto,0.0,0.0,0.0,4.408164689084515,0.0,0.9999883332782769
xgboost,lime,exp1_lime_kauto_n5000_fsauto,0.6511570694880069,0.9910253350901688,0.0,15.359680246911012,0.0,0.9999592253360767
xgboost,lime,exp1_lime_k0.5_n1000_fsauto,0.0,8.509264333059089e-135,0.0,4.508365655783564,0.0,0.9999880669549601
xgboost,lime,exp1_lime_k0.25_n5000_fsauto,0.0,0.0,0.0,15.1775615173392,0.0,0.9999597093879348
xgboost,lime,exp1_lime_k2.0_n5000_fsauto,0.2840833193003306,0.32073598267691883,0.0,16.949992618174292,0.0,0.9999549984580398
xgboost,lime,exp1_lime_k1.0_n5000_fsnone,0.0,-1.141401617523676e-20,0.0,15.847232326632366,0.0,0.9999579294754554
xgboost,lime,exp1_lime_k1.0_n1000_fsauto,0.0,1.9255920251221298e-22,0.0,4.54533233132679,0.0,0.9999879687015404
xgboost,lime,exp1_lime_k0.25_n5000_fsnone,0.0,0.0,0.0,15.753907297039405,0.0,0.999958177523276
