key,openml_id,source,stratum_plan,name,version,licence,target,positive_class,rows,features,numeric,categorical,share_numeric,categories_median,categories_max,minority_share,missing_share,mean_abs_corr,stratum,passes,reason,auc_logreg,auc_rf,auc_xgb,auc_mlp,models_in_range
phoneme,1489,pool,numeric-small,phoneme,1,Public,Class,2,5404,5,5,0,1.0,0.0,0,0.2935,0.0,0.126,numeric-small,1,,0.8193,0.9617,0.9387,0.9275,4
qsar_biodeg,1494,pool,numeric-small,qsar-biodeg,1,Public,Class,2,1055,41,41,0,1.0,0.0,0,0.3374,0.0,0.165,numeric-small,1,,0.9267,0.9194,0.9241,0.9247,4
ozone_level,1487,pool,numeric-small,ozone-level-8hr,1,Public,Class,2,2534,72,72,0,1.0,0.0,0,0.0631,0.0,0.353,numeric-small,1,,0.9039,0.899,0.912,0.9008,4
magic_telescope,1120,pool,numeric-large,MagicTelescope,1,Public,class:,h,19020,10,10,0,1.0,0.0,0,0.3516,0.0,0.279,numeric-large,1,,0.8365,0.9326,0.9263,0.9289,4
electricity,151,pool,numeric-large,electricity,1,Public,class,UP,45312,8,7,1,0.875,7.0,7,0.4245,0.0,0.216,mixed-large,1,,0.8269,0.9657,0.9224,0.9011,4
credit_default,42477,pool,numeric-large,default-of-credit-card-clients,1,CC0,y,1,30000,23,23,0,1.0,0.0,0,0.2212,0.0,0.201,numeric-large,1,,0.7261,0.7648,0.7817,0.7594,4
german_credit,31,pool,mixed-small,credit-g,1,Public,class,bad,1000,20,7,13,0.35,4.0,10,0.3,0.0,0.102,mixed-small,1,,0.7708,0.7809,0.7924,0.7501,4
churn,40701,pool,mixed-small,churn,1,public,class,1,5000,20,16,4,0.8,2.5,10,0.1414,0.0,0.042,mixed-small,1,,0.8582,0.9084,0.9124,0.9043,4
compas,42192,pool,mixed-small,compas-two-years,3,Public,two_year_recid,1,5278,13,7,6,0.538,2.0,2,0.4704,0.0,0.151,mixed-small,1,,0.7338,0.6672,0.7325,0.7306,4
adult,1590,pool,mixed-large,adult,2,Public,class,>50K,48842,14,6,8,0.429,7.5,41,0.2393,0.0095,0.059,mixed-large,1,,0.9051,0.9011,0.9243,0.8829,4
bank_marketing,1461,pool,mixed-large,bank-marketing,1,Public,Class,2,45211,16,7,9,0.438,3.0,12,0.117,0.0,0.057,mixed-large,1,,0.9066,0.9271,0.9307,0.8951,4
amazon_employee,4135,pool,categorical-large,Amazon_employee_access,1,Public,target,0,32769,9,0,9,0.0,343.0,7518,0.0579,0.0,nan,categorical-large,1,,0.7179,0.7886,0.7425,0.7894,4
pc4,1049,OpenML-CC18,,pc4,1,Public,c,True,1458,37,37,0,1.0,0.0,0,0.1221,0.0,0.351,numeric-small,1,,0.9166,0.9295,0.9394,0.9212,4
pc3,1050,OpenML-CC18,,pc3,1,Public,c,True,1563,37,37,0,1.0,0.0,0,0.1024,0.0,0.406,numeric-small,1,,0.8123,0.8332,0.8458,0.8081,4
jm1,1053,OpenML-CC18,,jm1,1,Public,defects,True,10885,21,21,0,1.0,0.0,0,0.1935,0.0001,0.589,numeric-large,1,,0.7177,0.7516,0.74,0.7264,4
kc1,1067,OpenML-CC18,,kc1,1,Public,defects,True,2109,21,21,0,1.0,0.0,0,0.1546,0.0,0.72,numeric-small,1,,0.81,0.817,0.8092,0.7918,4
