k_datasets,true_rho_bar,critical_w_alpha05,power,mean_w,mean_rho_bar_hat,rho_bar_hat_p2_5,rho_bar_hat_p97_5,range_width
4,0.0,0.625,0.034,0.25,-0.0,-0.3,0.567,0.867
4,0.2,0.625,0.158,0.398,0.197,-0.267,0.767,1.033
4,0.5,0.625,0.513,0.623,0.497,-0.067,0.9,0.967
4,0.8,0.625,0.957,0.85,0.8,0.433,1.0,0.567
6,0.0,0.411,0.043,0.166,-0.001,-0.187,0.373,0.56
6,0.2,0.411,0.292,0.333,0.2,-0.147,0.64,0.787
6,0.5,0.411,0.811,0.582,0.499,0.08,0.853,0.773
6,0.8,0.411,0.999,0.834,0.801,0.533,1.0,0.467
8,0.0,0.312,0.05,0.125,-0.0,-0.136,0.279,0.414
8,0.2,0.312,0.429,0.3,0.2,-0.093,0.579,0.671
8,0.5,0.312,0.942,0.562,0.5,0.15,0.807,0.657
8,0.8,0.312,1.0,0.824,0.799,0.564,0.95,0.386
10,0.0,0.252,0.047,0.1,-0.0,-0.102,0.222,0.324
10,0.2,0.252,0.528,0.28,0.2,-0.053,0.533,0.587
10,0.5,0.252,0.981,0.547,0.497,0.191,0.773,0.582
10,0.8,0.252,1.0,0.82,0.8,0.604,0.96,0.356
12,0.0,0.211,0.047,0.083,-0.001,-0.082,0.182,0.264
12,0.2,0.211,0.621,0.265,0.198,-0.03,0.494,0.524
12,0.5,0.211,0.995,0.538,0.497,0.221,0.755,0.533
12,0.8,0.211,1.0,0.817,0.8,0.621,0.933,0.312
16,0.0,0.161,0.048,0.063,0.0,-0.062,0.137,0.198
16,0.2,0.161,0.771,0.249,0.199,0.005,0.445,0.44
16,0.5,0.161,1.0,0.529,0.498,0.265,0.717,0.452
16,0.8,0.161,1.0,0.812,0.8,0.645,0.925,0.28
20,0.0,0.127,0.052,0.05,-0.0,-0.049,0.109,0.159
20,0.2,0.127,0.879,0.238,0.198,0.026,0.415,0.388
20,0.5,0.127,1.0,0.524,0.498,0.292,0.698,0.406
20,0.8,0.127,1.0,0.81,0.8,0.668,0.908,0.24
