case_id,dataset,explainer,model_family,quadrant
exp4_3d27b1d2bd43df77,adult,anchors,mlp,FP
exp4_0c57055995cafaca,adult,anchors,logreg,FN
exp4_52ed2fe68041b4f8,adult,anchors,logreg,TN
exp4_9294bc72ae3aeda0,adult,anchors,mlp,TP
exp4_5169d5420efbc3da,adult,anchors,logreg,FN
exp4_da03a9f284de692d,adult,anchors,mlp,FN
exp4_4204b78d9c679eb0,adult,anchors,logreg,FP
exp4_3debbe632feba167,adult,dice,mlp,TN
exp4_6d6ef32df0477323,adult,dice,logreg,FP
exp4_1c49ba0b8d18e8b6,adult,dice,logreg,TN
exp4_6496b69e203cf5db,adult,dice,logreg,FP
exp4_7b78e47140c1369b,adult,dice,mlp,TP
exp4_57d1693f50447ebd,adult,dice,logreg,TN
exp4_214506591db1e703,adult,dice,mlp,FP
exp4_7ee17e1b81806239,adult,lime,logreg,FN
exp4_2a3f635ae972c4ad,adult,lime,logreg,FN
exp4_4c3d79ea2f396cd5,adult,lime,logreg,FP
exp4_31247e881a13bce1,adult,lime,mlp,TN
exp4_4deccedcca9c7800,adult,lime,mlp,TN
exp4_60730b2d1280bac2,adult,lime,mlp,TP
exp4_d47138a03cd221ff,adult,lime,logreg,FP
exp4_3e006f8c0e7512b1,adult,shap,mlp,FN
exp4_d3748ef854fdb49f,adult,shap,logreg,TP
exp4_b352dc7c29edc22c,adult,shap,logreg,FP
exp4_03f9ac9f3ab42b8b,adult,shap,logreg,FN
exp4_778dd7d6e1653158,adult,shap,logreg,TN
exp4_902d690264149a09,adult,shap,mlp,FN
exp4_75520768088e5528,adult,shap,mlp,FN
exp4_89444d28efe2ceee,breast_cancer,anchors,xgb,TP
exp4_af2a9f1c15262b41,breast_cancer,anchors,xgb,TP
exp4_56bce20eb20c4e00,breast_cancer,anchors,rf,FP
exp4_e594d44f0a99f099,breast_cancer,anchors,rf,TP
exp4_8ce491005c0b4780,breast_cancer,anchors,rf,TN
exp4_afc105601fc7fdd6,breast_cancer,anchors,rf,FP
exp4_de938d5223748d7d,breast_cancer,anchors,rf,TN
exp4_50e3b33d6c3d012f,breast_cancer,shap,xgb,TP
exp4_f75792557c566daf,breast_cancer,shap,rf,FP
exp4_64b60f2ab98bce43,breast_cancer,shap,xgb,TP
exp4_003259ff27515980,breast_cancer,shap,xgb,TP
exp4_e475cad54cb8d814,breast_cancer,shap,rf,TP
exp4_e9eba60d9edc4d8a,breast_cancer,shap,xgb,FN
exp4_57fbcb6615a605ff,breast_cancer,shap,xgb,TP
exp4_445412523328930a,german_credit,anchors,rf,FN
exp4_2fb8d841944fa76b,german_credit,anchors,xgb,FP
exp4_636acbcad2a09395,german_credit,anchors,xgb,TP
exp4_959ed027a5ab7370,german_credit,anchors,xgb,FN
exp4_aa0d2427f637293a,german_credit,anchors,rf,TP
exp4_7468633961295699,german_credit,anchors,rf,TN
exp4_28cfcd5501fa69b2,german_credit,anchors,xgb,FN
exp4_4440b587017f192b,german_credit,shap,xgb,FP
exp4_1a9c16ecde743d5e,german_credit,shap,xgb,FN
exp4_778d3be3c54f91e6,german_credit,shap,xgb,FP
exp4_c715759299b480a0,german_credit,shap,rf,TP
exp4_56b2fc0abd88017e,german_credit,shap,xgb,TP
exp4_99188a61b3de9ed4,german_credit,shap,xgb,TP
exp4_c04339897f75190f,german_credit,shap,xgb,FN
