dataset,model,seed,explainer,rows,failed,sha256
adult,logreg,42,dice,200,0,d49e08281be9cfdc372189444a5cf6a28e7a6d5eafdff5d08f04f32e2b5bac0e
adult,logreg,42,lime,200,0,21476906e9c3f7a09273e49c23ff4795ca405200d2819d5bf5e398270cea6bdf
adult,mlp,42,anchors,200,0,8c768163755c9aa5b72eb01665d7838a6a21f7f4e9602047e35a99515e62b8b1
adult,rf,42,dice,200,0,685e24985baefaf0bf58f0569611b18f7f72c5f9c5f39d32b26e7ec6ed55b704
adult,rf,42,shap,200,0,9e6c1ab61f4a05d6cf772351de297e598a693043a2737980aaea3103dc1faea7
adult,xgb,42,anchors,200,0,b78f2cc8f6075867417135faef02776e7a3ff3da6170782bdd0f4d1233f7b45b
adult,xgb,42,dice,200,0,91ed7bfa0c94af3112a8e93d28bea75f9d49da838420e0f2f5108c13baedbe4f
adult,xgb,42,lime,200,0,287926223b8dff36e0cc6b1a316dcb2060ff081ab46fcb44f007a0d671b303f3
amazon_employee,logreg,42,dice,200,1,ff16f3aa25358e6238350c0a3ab935b35f189fa4dcaeb6de506c7617e6fdf2ef
amazon_employee,logreg,42,lime,200,0,b15034c2f06a6c77ba6ca7c798d81c40f79aaf63c438e5c04d2462730c569f57
amazon_employee,logreg,42,shap,200,0,d0761bf9174d614241a12ecb32f8917c640e2234e9771a8576d9cd6070a5d51d
amazon_employee,rf,42,shap,200,0,8c452382348eea6b3ff73d84966dff6e31280c56dc4f4e262819d13a82a06134
amazon_employee,xgb,42,dice,200,0,6d7a86bb921121cdf274163c620671e3141d5ddc8813655e370a8652940f31ea
amazon_employee,xgb,42,lime,200,0,138d61de5d512aba03834d381b31c25de60150c31e13f5c29e9d12f5cf11e076
amazon_employee,xgb,42,shap,200,0,0f4beb355426458ea75b1bf4a1ed2f21438667dd1867b3c149e0b49c7c6daf58
bank_marketing,logreg,42,dice,200,0,ec3c1e2a2c15bc0823b15a9e18b7c27b97c361a6734b8663b9b11476d6794e56
bank_marketing,mlp,42,shap,200,0,40037d4d35eacbaaa000f40938e31c6e6d62795655c7a4aad2d624ecbf0daa30
bank_marketing,rf,42,anchors,200,0,5e9fcb0524d18fb9a7437a049172519661ade818b24f305210551de7ef65e924
bank_marketing,rf,42,shap,200,0,b647e9c8b9317256b34d16a801704cb5ee7061f7851fce4d5c365503ad2c6781
bank_marketing,xgb,42,lime,200,0,4c49fbfb40ae59765a35caf4f87f0828773a61726b0b0dab74627e0195a498eb
churn,logreg,42,anchors,200,0,0a999a6fb6ffcdc3144a70230546cbaca8e10ae14cde6a675fd4670d6f8224b8
churn,mlp,42,anchors,200,0,1ab5d9252c68726d0015cd56d3ee4ba7b5c4760925861da65d118e9b95e214a1
churn,mlp,42,lime,200,0,1b6aa494923bf97424332c1d0f9c48f7cf68f56b46ef0643361710b955fcc16e
churn,mlp,42,shap,200,0,05b2cd596ed6ae9d92548df9a741457428308b0e55079f17df7de890127cc1eb
churn,rf,42,anchors,200,0,d7c0a9f99291d23eb7c7189f9c4ead674903222b878608fc321cd2674b0d7979
churn,rf,42,dice,200,0,e836bb4c0179859f363b2bd249b51c4e71a132cee1994b6038b5a9009a117b08
churn,rf,42,lime,200,0,92233554e16cba9a668561e69a6c80a63f39f91efb347ed6404284df01fca83a
churn,rf,42,shap,200,0,418305dc17bfb444bcb0950ea7ab61d9cec9826087b8ba04e1da9a0847814cdd
churn,xgb,42,anchors,200,0,730fe1393fd2c6d702899b6f49000aff8d77d6c1bf1bf0535f3f32cefb157996
churn,xgb,42,lime,200,0,54f46eeaea66d3a14dea3a87ac8c3d22915103d448463fd21673328a83bff599
compas,logreg,42,anchors,200,0,b4d1bb70b653734605bdcb8ea436e81f678bf8366bdb4528d65b65859b96596d
compas,logreg,42,dice,200,0,2e35a19eb2f1526d03204e707c6c88e4d3193cd0ade4d31139f5bb4d5711ea1f
compas,logreg,42,lime,200,0,7f0e9931f7fe804df5977c6b2b6be2e9e4b4bd19ae39e3b8fefa2dedb1d18aef
compas,logreg,42,shap,200,0,b1d9cfce6de0d6bcd165dc1fbbb6235eef441b5fb16f73067f35f88c5aff8089
compas,mlp,42,anchors,200,0,9f89bf3a62252cb27982eaab42b49c7a934bd6ee30a52440e5f41818ffa4abbb
compas,mlp,42,dice,200,0,546ecebec4c12a781e8d4411b42f7c9ca76407b967e883fa4b9ed19bad81e3e6
compas,mlp,42,lime,200,0,0e8e541fc45b6de4f54d442a955ba8c91635bc88ff0e5624ae980041c1e15f5a
compas,rf,42,anchors,200,0,faac1f1acb9e1f3da90092c421ab488ef1c17bfabfb08c6c2ad8349f86716eb8
compas,rf,42,lime,200,0,857957fa828808c717c9eaa41c1cf5a0cc66470dffdd621fb75b836369cf84b3
compas,xgb,42,anchors,200,0,38ab623ea531ac9a085d2db2e315431849951b51fc82f0e31812e67fb99903cb
credit_default,logreg,42,dice,200,1,17aec2ff8f82064cd2e68b833bdc095935203e538c2e618a9177c001aba92418
credit_default,mlp,42,dice,200,0,b39e8865b20f24d569a636d3bcf9c834170d1cb7bd65a8ce27d9ac1b2f1cd664
credit_default,mlp,42,lime,200,0,f55edd06aaa0393cd9c052161225eeae33433899832e642879f2143be160fdbd
credit_default,rf,42,lime,200,0,10d382ab356a03bb2b717b9763e9a6d3060a0307eaeae2edfc0b1deb4caae8e1
credit_default,rf,42,shap,200,0,8b83e1476fd49938dec6964dd79178950bc01a9d2c897d664a74cd1ba81ea7fd
credit_default,xgb,42,anchors,200,0,77be616c216f127faeeec7bfcf887e0811747089a124c98e8d3482da9a9fb120
credit_default,xgb,42,shap,200,0,8105f8c9d66815b40190f3cbb3458e0cc16ecee5168d55ffbda2dd9b4efc0dcb
electricity,logreg,42,dice,200,0,9093309112fa82830b1ba796426b163339c93c76c3d7d73eba4d55d40f553711
electricity,mlp,42,anchors,200,0,13b720108acef8b48335faa202bcf1eacd4ebc821af3cb4a66ce254eee7e841f
electricity,rf,42,dice,200,0,69dec9ca2cc219baef665cc6a2fc72ec3e07eaf3584dc90fd8233a9b1e859811
electricity,rf,42,lime,200,0,a01151a70337982e050e5adfb67270d7735022cf6253d8d1956b94053440819e
electricity,rf,42,shap,200,0,19b51f23e181e55cab4523480b39ca66114dbb609821aadcf79f5cb9e1b90318
german_credit,logreg,42,anchors,200,0,218d2a85bfc24108a7d8250e667d4d3ef39334ca543f15dc7cff11ca727caf10
german_credit,logreg,42,dice,200,0,6916ff6a49cd941e468b01143fc8c9fa94765b4fc1eb9075ee33fc100815c344
german_credit,rf,42,lime,200,0,6de272a1eab55874074c95b412487fdb5fa30a749057e5835636cda70ca7834d
german_credit,rf,42,shap,200,0,8b898767525379d8ba0c340dda0ae20f274580ac71947659139ae0ff844241d4
german_credit,xgb,42,anchors,200,0,8bc59f8e2e479399f2058dccdccae29eb788543c98590bef32022ea27d90df7f
german_credit,xgb,42,dice,200,0,0e6043aa4fb8d126bb0ba5ff0c0f8fd625c7c2684b692728b97db9e7c70e31de
german_credit,xgb,42,lime,200,0,a987474a13dce9ebbb9f166e55432b571c08b09c72cef21aabede83438608ebb
jm1,logreg,789,lime,200,0,8cee83f3cb7f2367a92b2d07b574ece567a8160a93e84e3376c684e2bdc0b426
jm1,mlp,42,anchors,200,0,7935fd1a2c7b79367cf52b9a1a78e3abfe653099d4e11194eb8c65e8f69872e5
jm1,mlp,42,lime,200,0,77f6dd930b8f56281321b8fc7b009201ebd54fb75da49a92510bdae3f2b3a8c7
jm1,mlp,42,shap,200,0,9c96530a77ef65efab404bd3f0fe8752fe552ec78401eb5f172b10c04c1b9cb7
jm1,rf,42,dice,200,0,38d053c07657beb9b35e114c00ad26eab168aa6e572b07ea148a9d74328ce74b
jm1,rf,42,shap,200,0,4c5feb703097bd14f0de9c4034073a645e01a250f9e7ed940e91d3492ea71873
jm1,xgb,42,anchors,200,0,2e371de648fc2bf9634a0856a46e52a88bc5e1badb51121e4dcfa69b45660c68
jm1,xgb,42,lime,200,0,b303de33778b21152056b5f2ffca7b22c98ee313ed744f060f9c35020d4842d0
jm1,xgb,456,shap,200,0,10bf9a3c2af79b71d24356cbeb6b9d5f457ff7453471e1ecb17148506365911c
kc1,logreg,123,lime,200,0,c5725b1da6cde9c7b93da032895c701d37a31a309d112fb1334e3f4257843b7c
kc1,logreg,42,lime,200,0,fda876f217257f4684f4dae8e347626fd10617591486454c071ce073ef15f9ff
kc1,logreg,42,shap,200,0,4187bb9755f8bf747209024e58ddaae4633c3b2887986e4d0bd54f7f27778e9c
kc1,mlp,42,anchors,200,0,8411daf93ddbb3f95d22c5e6380189433e02e12f520794a1932049636ee17322
kc1,mlp,42,lime,200,0,782beadbca4ee8dcd4be18ec515181e3d28d220496aaa00472f696cc0c971376
kc1,rf,42,anchors,200,0,34427823ac6cadc6b60a94b229ba30f4e92f2045d4a705c8862c17776dabfd49
kc1,xgb,42,dice,200,0,f3119e384bbc10a927abd00b1c32130db84265bce75bb9771df520b0b456ef42
kc1,xgb,42,shap,200,0,3084cbc71d76b1963a7f23fb6d6abe7639f262e6452bd6910674af4ce7b4eadd
kc1,xgb,456,lime,200,0,3e02749a98807531ef28d6d5af6b0f1ae2c848a14d2e79824c5aa297a0c9fb44
magic_telescope,logreg,42,dice,200,0,02c709bed79c59ce3d1003ddbf70ae82574fc3cd9367c70b1fc8596c32d9c3f9
magic_telescope,logreg,42,lime,200,0,694ca8ec8780b081b5530f8a6ffcec30416f2a3e733dac0d09bd8b7573fae79b
magic_telescope,mlp,123,lime,200,0,7adf6f6a39d2f155de95d91810e4fdcf587d2cd18a9301974d3411f80415f192
magic_telescope,mlp,42,lime,200,0,e7f745fa5bce02e33519e7f6bcb559f22b156838c7d830e1ccf38b2e15a885fd
magic_telescope,rf,42,anchors,200,0,7f470fc27ce366c1d473bb79c988b50ae8cb6ab4b9a79329a769b978bbc2c47d
magic_telescope,rf,42,lime,200,0,c9849bddf7f436e8201efd88cb86e140a1f1e0f82d2b884ccc4a03ac5759fc44
magic_telescope,xgb,42,shap,200,0,8dd7c55a1e986244a472912ed300ac8719886ff90a4992470b0a3351f61ba5bf
ozone_level,logreg,42,shap,200,0,ec3bb6aaeb098397472668ca271d05088f0e0efdb8f41f244aed8a8d4c840712
ozone_level,rf,42,shap,200,0,0c8e56d68e66e6adb3c23c7688934dcf209f864ce43d2fdf2d007750e82e7108
ozone_level,xgb,789,lime,200,0,9349c6a21d9daca9caf3038c83a832b424fb9247f517e7e9f3b0b11412f7ac4b
pc3,logreg,42,dice,200,0,0d22aa6af33333899e11241a252063825029aa287e2436b8a75181d5b0462d85
pc3,logreg,42,shap,200,0,f9b5bbac033bc1306003cfdec30aedff31a96cf2a331bc40ca477127ce145be4
pc3,mlp,42,anchors,200,0,9f6586c17cb8d816e5756b51778c219c7a2c12abc3b53be16f0720d8982bfe02
pc3,mlp,42,lime,200,0,5f2e9dd3a13465dc8eaf6f0bba26b36affd2165b771f2f1ed3d33f79cea28436
pc3,rf,42,anchors,200,5,c8b1f32b9e03c7d66b7fbcfaef08c5e2c484f8adf9150e4947b92870ed27198e
pc3,rf,42,dice,200,2,12ae3321af69f08f812b2adc2c4ecd688852dfab62608e1dfe43d15b054d1ba2
pc3,xgb,42,lime,200,0,84c7f18887b0819f1aa897d68b727abe57419c730882f4b044ca6edcf178e38f
pc4,logreg,123,shap,200,0,9d8192efd37e34934ead29c0d5c1f9a5b379d64cea9ba2c57826b72209df2dea
pc4,mlp,42,anchors,200,0,14b303946fd1f695ca525e56ddf1f5ee18a0f6afbe89b3e949a696fec8e580be
pc4,mlp,42,dice,200,0,58e0799292c1b27edda609103067a7de841cec2ff5587cda9b8bc3d7e2227320
pc4,mlp,42,lime,200,0,3871083432e158d9f5554fa28eafe80d5d21bd121f01d16284fe5b9927f57d68
pc4,rf,42,lime,200,0,b638d1d0715520cdbd8a5cfe5a8b6c81ec547f3dc4991ee06211dd76090c9e06
pc4,xgb,42,anchors,200,0,c31cff728a4be043af169b12c4e3c1df0121e09e77014f44df7638a01ef109d7
pc4,xgb,42,lime,200,0,28d11afe1df5dad8cb698c22731ff934672f81b925a6747c2f427a7fb9838813
pc4,xgb,42,shap,200,0,6e877b508588272b0bebec9af90898a3a010e841ca6f31ef55e43c6c897a3e63
phoneme,logreg,42,shap,200,0,ff1bd59c9d38e5e10689d733754193faa9f63c5dd8cc89680cc5c7ae534e8a47
phoneme,mlp,42,dice,200,0,7c532ad94d783bdccc94de19e47b644f30b56be2c71f50779cbbcbc8c530a85e
phoneme,mlp,42,lime,200,0,a95faca26269535b19e0fa3c2a55fb47c58d99e480d29f99862a4e3678144f6d
phoneme,rf,42,dice,200,0,03f4191e07a006989eda8f93889c360f880c7082416272b2a1cfec82b7277677
phoneme,xgb,42,dice,200,0,205f193f45cf323ad24ad5dc37d042c8944745c6d5e4c8e543768c4e3460b886
phoneme,xgb,42,lime,200,0,e1062996801d5da7c655594a6ee0eec5a004bceb048f7ba47b7fe9f2a735501a
qsar_biodeg,logreg,42,dice,200,0,ce29ea8d92f274b0ebdf1a4b3763ad831b5ce474a632587425ad9f08ba1cd3a5
qsar_biodeg,mlp,42,dice,200,0,cd906d1b5f78ceefcf9b16f9310e3f824f8f85dd2df8f9d440976a5b188969a0
qsar_biodeg,mlp,42,shap,200,0,6b142def42c595d4933b57bcb73888bc4c8e14afc791cae6f9ea70798739f295
qsar_biodeg,rf,42,shap,200,0,7d0b812c49f8bbf763d59db61a8a14a6a79adc012544b498a4b0b9e71819e4af
qsar_biodeg,xgb,42,anchors,200,0,d2de5947d4d5db3d6e259cd1d62e0cc281a66f7b528dc6ff80b9d32dc2bc48d7
qsar_biodeg,xgb,42,dice,200,5,d3ba685a8b4b17e034ed079df8ece7ef6c4257525dc700f7567dee648f9ea09f
qsar_biodeg,xgb,42,shap,200,0,0ebf7b7a776aac2d93a6db332565e28de5139d13a632be837d4d57ecb380e360
