id,date_found,source,document,severity,numeric,defect_class,detected_by,caught_now,mechanism_now,dup_of,summary
A01,2026-08-22,review/tri-document-alignment-review_2026-08-22.md,paper_a,major,no,claim_scope,manual_audit,no,,,"Paper states an executed experiment could not be run"
A02,2026-08-22,review/tri-document-alignment-review_2026-08-22.md,paper_a,major,no,claim_scope,manual_audit,no,,,"Partial edit fixed the A01 statement at one site and left two others"
A03,2026-08-22,review/tri-document-alignment-review_2026-08-22.md,paper_a+paper_bc,major,yes,cross_document_inconsistency,manual_audit,yes,"one claim, sites in both papers",,"Two papers print different values for the same experimental cell"
A04,2026-08-22,review/tri-document-alignment-review_2026-08-22.md,thesis,major,yes,value_artifact_mismatch,manual_audit,yes,"registered value vs printed site",,"Chapter prints draft figures that match no artifact"
A05,2026-08-22,review/tri-document-alignment-review_2026-08-22.md,thesis,major,yes,value_artifact_mismatch,manual_audit,yes,"registered value vs printed site",,"Method profiles built on a superseded results snapshot"
A06,2026-08-22,review/tri-document-alignment-review_2026-08-22.md,thesis,minor,yes,cross_document_inconsistency,manual_audit,yes,"one claim, all sites",,"Same coverage count printed two ways in one document"
A07,2026-08-22,review/tri-document-alignment-review_2026-08-22.md,thesis+paper_bc,minor,yes,label_or_aggregation,manual_audit,partial,"value checked; attached label not checked",,"Correct-looking gap attributed to the wrong model"
A08,2026-08-22,review/tri-document-alignment-review_2026-08-22.md,thesis,minor,yes,label_or_aggregation,manual_audit,partial,"value checked; caption sample size not tied to it",,"Two statistics on different samples shown under one sample size"
A09,2026-08-22,review/tri-document-alignment-review_2026-08-22.md,thesis,minor,yes,provenance,manual_audit,yes,"retired-value guard on the superseded DOI",,"Document cites a superseded archive DOI"
A10,2026-08-22,review/tri-document-alignment-review_2026-08-22.md,paper_a+paper_bc,minor,yes,label_or_aggregation,manual_audit,yes,"resolver fixes raw vs adjusted p-value",,"Raw and adjusted p-values reported without stating which"
A11,2026-08-22,review/tri-document-alignment-review_2026-08-22.md,paper_a,suggestion,yes,not_a_defect,manual_audit,,,,"Headline effect size differs by design (different cell subset)"
A12,2026-08-22,review/tri-document-alignment-review_2026-08-22.md,thesis,suggestion,no,claim_scope,manual_audit,no,,T11-F03,"Direction of a comparison stated backwards in prose"
A13,2026-08-22,review/tri-document-alignment-review_2026-08-22.md,thesis,minor,no,render_defect,rebuild,no,"needs a CI render check (not built)",,"Dangling cross-reference visible only after rendering"
A14,2026-08-24,review/tri-document-alignment-review_2026-08-22.md,paper_bc,major,yes,provenance,registry_construction,yes,"resolver counts the committed corpus file",,"Corpus size claimed with no committed artifact of that size"
T11-F01,2026-08-11,review/scientific-rigor-review_thesis_2026-08-11.md,thesis,major,yes,value_artifact_mismatch,manual_review,yes,"registered value vs printed site",A04,"Chapter numbers contradict the results chapter"
T11-F02,2026-08-11,review/scientific-rigor-review_thesis_2026-08-11.md,thesis,major,no,coherence,manual_review,no,,,"Future-work item describes as pending work the same chapter reports done"
T11-F03,2026-08-11,review/scientific-rigor-review_thesis_2026-08-11.md,thesis,minor,no,claim_scope,manual_review,no,,,"Direction of a comparison stated backwards in prose"
T11-F04,2026-08-11,review/scientific-rigor-review_thesis_2026-08-11.md,thesis,suggestion,yes,unbacked_value,manual_review,partial,"coverage forces registration or an unbacked note",,"Derived statistic asserted without a derivation"
T11-F05,2026-08-11,review/scientific-rigor-review_thesis_2026-08-11.md,thesis,suggestion,no,methodology,manual_review,no,,,"Outcome-dependent missingness not discussed"
T11-F06,2026-08-11,review/scientific-rigor-review_thesis_2026-08-11.md,thesis,suggestion,no,claim_scope,manual_review,no,,,"Prescriptive register stronger than the evidence"
T28-F01,2026-08-28,review/scientific-rigor-review_thesis_2026-08-28.md,thesis,major,no,claim_scope,manual_review,no,,,"Instability claim stated more broadly than the evidence"
T28-F02,2026-08-28,review/scientific-rigor-review_thesis_2026-08-28.md,thesis,major,yes,value_artifact_mismatch,manual_review,yes,"now registered; mismatch fails the build",,"Prescriptive cost ranges do not re-derive from artifacts"
T28-F03,2026-08-28,review/scientific-rigor-review_thesis_2026-08-28.md,thesis,major,yes,unbacked_value,manual_review,partial,"coverage forces an unbacked note; disagreement still needs a reader",,"Two tables report different values for the same reference condition"
T28-F04,2026-08-28,review/scientific-rigor-review_thesis_2026-08-28.md,thesis,minor,no,claim_scope,manual_review,no,,,"Thresholds stated unconditionally across model families"
T28-F05,2026-08-28,review/scientific-rigor-review_thesis_2026-08-28.md,thesis,minor,yes,claim_scope,manual_review,partial,"value registered; scope of the claim not checked",,"Reproducibility threshold claimed beyond its measured scope"
T28-F06,2026-08-28,review/scientific-rigor-review_thesis_2026-08-28.md,thesis,minor,no,coherence,manual_review,no,,,"Named gaps used without a definition"
T28-F07,2026-08-28,review/scientific-rigor-review_thesis_2026-08-28.md,thesis,minor,no,claim_scope,manual_review,no,,,"Generalisation table row inconsistent with its own boundary"
T28-F08,2026-08-28,review/scientific-rigor-review_thesis_2026-08-28.md,thesis,minor,yes,label_or_aggregation,manual_review,partial,"value checked; denominator in caption not tied to it",,"Coverage counts given against the wrong denominator"
T28-F09,2026-08-28,review/scientific-rigor-review_thesis_2026-08-28.md,thesis,minor,yes,label_or_aggregation,manual_review,partial,"resolver encodes the aggregation; prose label not checked",,"Run-level means labelled as block-level means"
T28-F10,2026-08-28,review/scientific-rigor-review_thesis_2026-08-28.md,thesis,suggestion,yes,unbacked_value,manual_review,partial,,T11-F04,"Carried forward from the 2026-08-11 review"
T28-F11,2026-08-28,review/scientific-rigor-review_thesis_2026-08-28.md,thesis,suggestion,no,methodology,manual_review,no,,T11-F05,"Carried forward from the 2026-08-11 review"
T28-F12,2026-08-28,review/scientific-rigor-review_thesis_2026-08-28.md,thesis,suggestion,no,claim_scope,manual_review,no,,T11-F06,"Carried forward from the 2026-08-11 review"
T28-F13,2026-08-28,review/scientific-rigor-review_thesis_2026-08-28.md,registry,suggestion,yes,process_gap,manual_review,,,,"Verifier green while unregistered numbers carried defects; led to coverage checking"
T28-F14,2026-08-28,review/scientific-rigor-review_thesis_2026-08-28.md,thesis,minor,yes,provenance,coverage_sweep,no,"path existence checked; content of the cited file not",,"Traceability table cites the wrong artifact"
T28-F15,2026-08-28,review/scientific-rigor-review_thesis_2026-08-28.md,thesis,minor,yes,value_artifact_mismatch,coverage_sweep,yes,"registered value vs printed site",,"Printed coefficient of variation does not re-derive"
BC-F01,2026-09-28,review/scientific-rigor-review_paper_bc_tmlr_2026-09-28.md,paper_bc,major,no,claim_scope,manual_review,no,,,"Ordering claimed for a model family where it holds for only one member"
BC-F02,2026-09-28,review/scientific-rigor-review_paper_bc_tmlr_2026-09-28.md,paper_bc,major,yes,prior_publication_overlap,manual_review,yes,"registry-independent shared-literal scan",,"Results already published in another paper printed again"
BC-F03,2026-09-28,review/scientific-rigor-review_paper_bc_tmlr_2026-09-28.md,paper_bc,major,no,claim_scope,manual_review,no,,,"Abstract states as a cause what the body calls a hypothesis"
BC-F04,2026-09-28,review/scientific-rigor-review_paper_bc_tmlr_2026-09-28.md,paper_bc,major,no,reporting,manual_review,no,,,"Screening record mislabels lost records"
BC-F05,2026-09-28,review/scientific-rigor-review_paper_bc_tmlr_2026-09-28.md,paper_bc,major,yes,unbacked_value,manual_review,partial,"coverage forces an unbacked note; disagreement still needs a reader",,"Table cannot be re-derived and disagrees with another table"
BC-F06,2026-09-28,review/scientific-rigor-review_paper_bc_tmlr_2026-09-28.md,paper_bc,major,no,methodology,manual_review,no,,,"Unsupported theoretical explanation offered for a result"
BC-F07,2026-09-28,review/scientific-rigor-review_paper_bc_tmlr_2026-09-28.md,paper_bc,minor,yes,value_artifact_mismatch,manual_review,yes,"range registered; old text retired",,"Printed range excludes a value in its own table"
BC-F08,2026-09-28,review/scientific-rigor-review_paper_bc_tmlr_2026-09-28.md,paper_bc,minor,no,methodology,manual_review,no,,,"Argument from a ratio statistic runs backwards"
BC-F09,2026-09-28,review/scientific-rigor-review_paper_bc_tmlr_2026-09-28.md,paper_bc,minor,no,claim_scope,manual_review,no,,,"Dominance claimed over all endpoints when one is lost"
BC-F10,2026-09-28,review/scientific-rigor-review_paper_bc_tmlr_2026-09-28.md,paper_bc,minor,no,methodology,manual_review,no,,,"Prompt names the wrong dataset for half the cases"
BC-F11,2026-09-28,review/scientific-rigor-review_paper_bc_tmlr_2026-09-28.md,paper_bc,minor,no,reporting,manual_review,no,,,"Settings called library defaults when they are not"
BC-F12,2026-09-28,review/scientific-rigor-review_paper_bc_tmlr_2026-09-28.md,paper_bc,minor,no,reporting,manual_review,no,,,"Stale statements in the artifact sections"
BC-F13,2026-09-28,review/scientific-rigor-review_paper_bc_tmlr_2026-09-28.md,paper_bc,suggestion,no,claim_scope,manual_review,no,,,"Priority claim"
BC-F14,2026-09-28,review/scientific-rigor-review_paper_bc_tmlr_2026-09-28.md,paper_bc,suggestion,no,reporting,manual_review,no,,,"Proportion described in words instead of printed"
BC-F15,2026-09-28,review/scientific-rigor-review_paper_bc_tmlr_2026-09-28.md,paper_bc,suggestion,no,reporting,manual_review,no,,,"Wording slips in two captions"
BC-F16,2026-09-28,review/coverage-triage_paper_bc_tmlr_2026-09-28.md,paper_bc,minor,yes,label_or_aggregation,coverage_sweep,partial,"value checked; sample description not tied to it",,"Sample size of a probe misstated"
BC-F17,2026-09-28,review/coverage-triage_paper_bc_tmlr_2026-09-28.md,paper_bc,minor,yes,label_or_aggregation,coverage_sweep,partial,"value checked; wording of the statistic not",,"Ratio described as a ratio of medians when it is a median of ratios"
BC-F18,2026-09-28,planning/paper_bc_tmlr_remediation_plan_2026-09-28.md,paper_bc,minor,yes,label_or_aggregation,registry_construction,partial,"resolver encodes the aggregation; caption label not checked",,"Single-stratum values labelled as stratum medians"
BC-F19,2026-09-28,planning/paper_bc_tmlr_remediation_plan_2026-09-28.md,paper_bc,minor,yes,value_artifact_mismatch,registry_construction,yes,"registered value vs printed site",,"Printed per-seed ranges do not re-derive"
R01-figure,2026-09-06,rca/RCA-001-manuscript-artifact-drift.md,paper_bc,major,yes,value_artifact_mismatch,manual_review,partial,"rule: every labelled figure has a generator; figure text not scanned",,"Corrected value still printed as a figure data label weeks after the fix"
R01-untracked,2026-09-05,rca/RCA-001-manuscript-artifact-drift.md,paper_bc,major,yes,provenance,clean_worktree_verify,yes,"verifier run from a fresh worktree",,"Three cited artifacts existed on disk but were not tracked by git"
R02-bytecode,2026-09-27,rca/RCA-002-exp4-source-recovery.md,paper_bc,major,no,provenance,manual_review,yes,"hash pins on reconstructed sources",,"Verification input kept only on one machine and lost with it"
R03-escape,2026-09-14,rca/RCA-003-toml-escape-in-abstract.md,paper_bc,medium,no,render_defect,manual_pdf_check,yes,"sync check: control characters and backslash parity",,"Escape sequence in the abstract source silently corrupted the rendered abstract"
R03-bundle,2026-09-14,rca/RCA-003-toml-escape-in-abstract.md,paper_bc,medium,no,provenance,manual_pdf_check,yes,"bundle builder refuses a missing input",,"Supplementary tables missing from the uploaded artifact bundle"
R-chapter,2026-09-27,review/cifie-chapter-sync_2026-09-27.md,book_chapter,major,yes,prior_publication_overlap,manual_review,yes,"exclusivity check",,"Book chapter printed results of an unpublished paper"
C-retired,2026-09-27,review/cifie-chapter-sync_2026-09-27.md,book_chapter,major,yes,value_artifact_mismatch,manual_review,yes,"retired-value guards now cover the chapter",,"Values retired by the August audit still printed in the chapter"
C-profile,2026-09-27,review/cifie-chapter-sync_2026-09-27.md,book_chapter,major,yes,value_artifact_mismatch,manual_review,yes,"registered value vs printed site",,"Pre-audit method profile presented as the consolidated thesis values"
C-anchors,2026-09-27,review/cifie-chapter-sync_2026-09-27.md,book_chapter,minor,yes,label_or_aggregation,manual_review,partial,"value is registered as unbacked; its use as the benchmark mean is not checked",,"A probe value presented as the benchmark mean"
C-scope,2026-09-27,review/cifie-chapter-sync_2026-09-27.md,book_chapter,minor,no,claim_scope,manual_review,no,,,"Claim the thesis had retracted still stated in the chapter"
C-seeds,2026-09-27,review/cifie-chapter-sync_2026-09-27.md,book_chapter,minor,no,reporting,manual_review,no,,,"Treatment of seeds in the statistical blocks not stated"
