metric,value
instances_in_train,70788.0
instances_labelled,122529.0
shap.train_share_mis,0.5909573526809414
shap.train_share_cor,0.813739087868157
lime.train_share_mis,0.6210394765860472
lime.train_share_cor,0.8122857142857143
anchors.train_share_mis,0.6357040572792363
anchors.train_share_cor,0.8120089786756454
dice.train_share_mis,0.6781210592686002
dice.train_share_cor,0.81015625
seed42.shap.fidelity.n,13.0
seed42.shap.fidelity.median,0.013917059356139183
seed42.shap.fidelity.mean,0.025354462203916555
seed42.shap.fidelity.ci_lo,-0.0017957112898042693
seed42.shap.fidelity.ci_hi,0.05250463569763738
seed42.shap.fidelity.dz,0.5643259764635011
seed42.shap.fidelity.p,0.19091796875
seed42.shap.fidelity.pos,7.0
seed42.shap.fidelity.neg,6.0
seed42.shap.fidelity.p_holm,1.0
seed42.shap.fidelity.relevant,0.0
seed42.shap.stability.n,13.0
seed42.shap.stability.median,-0.069812081006148
seed42.shap.stability.mean,-0.10486805311062203
seed42.shap.stability.ci_lo,-0.14801297106091843
seed42.shap.stability.ci_hi,-0.06172313516032564
seed42.shap.stability.dz,-1.4687970975832443
seed42.shap.stability.p,0.000244140625
seed42.shap.stability.pos,0.0
seed42.shap.stability.neg,13.0
seed42.shap.stability.p_holm,0.00244140625
seed42.shap.stability.relevant,1.0
seed42.shap.faithfulness_gap.n,13.0
seed42.shap.faithfulness_gap.median,-0.0023132583108742555
seed42.shap.faithfulness_gap.mean,-0.008303098390656875
seed42.shap.faithfulness_gap.ci_lo,-0.02211740037624494
seed42.shap.faithfulness_gap.ci_hi,0.005511203594931192
seed42.shap.faithfulness_gap.dz,-0.3632114127960068
seed42.shap.faithfulness_gap.p,0.414306640625
seed42.shap.faithfulness_gap.pos,6.0
seed42.shap.faithfulness_gap.neg,7.0
seed42.shap.faithfulness_gap.p_holm,1.0
seed42.shap.faithfulness_gap.relevant,0.0
seed42.lime.fidelity.n,15.0
seed42.lime.fidelity.median,0.01985856086356519
seed42.lime.fidelity.mean,0.022540618272687333
seed42.lime.fidelity.ci_lo,0.0063299172934455465
seed42.lime.fidelity.ci_hi,0.03875131925192912
seed42.lime.fidelity.dz,0.7700208862564476
seed42.lime.fidelity.p,0.01806640625
seed42.lime.fidelity.pos,11.0
seed42.lime.fidelity.neg,4.0
seed42.lime.fidelity.p_holm,0.14453125
seed42.lime.fidelity.relevant,0.0
seed42.lime.stability.n,15.0
seed42.lime.stability.median,-0.0019066531494981221
seed42.lime.stability.mean,-0.0018565967021917141
seed42.lime.stability.ci_lo,-0.002456625399666671
seed42.lime.stability.ci_hi,-0.0012565680047167574
seed42.lime.stability.dz,-1.7134996844828225
seed42.lime.stability.p,0.00018310546875
seed42.lime.stability.pos,1.0
seed42.lime.stability.neg,14.0
seed42.lime.stability.p_holm,0.00201416015625
seed42.lime.stability.relevant,0.0
seed42.lime.faithfulness_gap.n,15.0
seed42.lime.faithfulness_gap.median,0.008449483173899375
seed42.lime.faithfulness_gap.mean,0.01204448736996816
seed42.lime.faithfulness_gap.ci_lo,-0.006066265760149438
seed42.lime.faithfulness_gap.ci_hi,0.030155240500085757
seed42.lime.faithfulness_gap.dz,0.36829030439421817
seed42.lime.faithfulness_gap.p,0.42120361328125
seed42.lime.faithfulness_gap.pos,10.0
seed42.lime.faithfulness_gap.neg,5.0
seed42.lime.faithfulness_gap.p_holm,1.0
seed42.lime.faithfulness_gap.relevant,0.0
seed42.anchors.fidelity.n,10.0
seed42.anchors.fidelity.median,-0.02942107835865798
seed42.anchors.fidelity.mean,-0.027517123912039393
seed42.anchors.fidelity.ci_lo,-0.06782921643311877
seed42.anchors.fidelity.ci_hi,0.012794968609039989
seed42.anchors.fidelity.dz,-0.48830421324903295
seed42.anchors.fidelity.p,0.232421875
seed42.anchors.fidelity.pos,5.0
seed42.anchors.fidelity.neg,5.0
seed42.anchors.fidelity.p_holm,1.0
seed42.anchors.fidelity.relevant,0.0
seed42.anchors.stability.n,10.0
seed42.anchors.stability.median,-0.000597151145866886
seed42.anchors.stability.mean,-0.0069387299062766555
seed42.anchors.stability.ci_lo,-0.01946511863146294
seed42.anchors.stability.ci_hi,0.00558765881890963
seed42.anchors.stability.dz,-0.3962569313484538
seed42.anchors.stability.p,0.064453125
seed42.anchors.stability.pos,2.0
seed42.anchors.stability.neg,8.0
seed42.anchors.stability.p_holm,0.451171875
seed42.anchors.stability.relevant,0.0
seed42.anchors.faithfulness_gap.n,10.0
seed42.anchors.faithfulness_gap.median,0.01001658601063836
seed42.anchors.faithfulness_gap.mean,0.007465936244053189
seed42.anchors.faithfulness_gap.ci_lo,-0.006752011010439101
seed42.anchors.faithfulness_gap.ci_hi,0.02168388349854548
seed42.anchors.faithfulness_gap.dz,0.375638547261642
seed42.anchors.faithfulness_gap.p,0.275390625
seed42.anchors.faithfulness_gap.pos,7.0
seed42.anchors.faithfulness_gap.neg,3.0
seed42.anchors.faithfulness_gap.p_holm,1.0
seed42.anchors.faithfulness_gap.relevant,0.0
seed42.dice.fidelity.n,15.0
seed42.dice.fidelity.median,-0.06007388867857956
seed42.dice.fidelity.mean,-0.05597529994507337
seed42.dice.fidelity.ci_lo,-0.08731276043261615
seed42.dice.fidelity.ci_hi,-0.024637839457530585
seed42.dice.fidelity.dz,-0.9891703862047437
seed42.dice.fidelity.p,0.00262451171875
seed42.dice.fidelity.pos,3.0
seed42.dice.fidelity.neg,12.0
seed42.dice.fidelity.p_holm,0.02362060546875
seed42.dice.fidelity.relevant,1.0
seed42.dice.stability.n,15.0
seed42.dice.stability.median,-0.24331720429636566
seed42.dice.stability.mean,-0.20956498776089685
seed42.dice.stability.ci_lo,-0.26986789107521625
seed42.dice.stability.ci_hi,-0.1492620844465775
seed42.dice.stability.dz,-1.924504718708866
seed42.dice.stability.p,6.103515625e-05
seed42.dice.stability.pos,0.0
seed42.dice.stability.neg,15.0
seed42.dice.stability.p_holm,0.000732421875
seed42.dice.stability.relevant,1.0
seed42.dice.faithfulness_gap.n,15.0
seed42.dice.faithfulness_gap.median,-0.014635583757242943
seed42.dice.faithfulness_gap.mean,-0.014698463103680084
seed42.dice.faithfulness_gap.ci_lo,-0.038601741324005345
seed42.dice.faithfulness_gap.ci_hi,0.009204815116645174
seed42.dice.faithfulness_gap.dz,-0.34052808494146086
seed42.dice.faithfulness_gap.p,0.25238037109375
seed42.dice.faithfulness_gap.pos,6.0
seed42.dice.faithfulness_gap.neg,9.0
seed42.dice.faithfulness_gap.p_holm,1.0
seed42.dice.faithfulness_gap.relevant,0.0
heldout.shap.fidelity.n,65.0
heldout.shap.fidelity.median,0.013917059356139183
heldout.shap.fidelity.mean,0.033643155160003164
heldout.shap.fidelity.ci_lo,0.01866696035121371
heldout.shap.fidelity.ci_hi,0.04861934996879262
heldout.shap.fidelity.dz,0.5566411079694475
heldout.shap.fidelity.p,0.0003551561950982285
heldout.shap.fidelity.pos,40.0
heldout.shap.fidelity.neg,25.0
heldout.shap.fidelity.p_holm,0.0024860933656875995
heldout.shap.fidelity.relevant,0.0
heldout.shap.stability.n,65.0
heldout.shap.stability.median,-0.0684268025858219
heldout.shap.stability.mean,-0.10803488817592123
heldout.shap.stability.ci_lo,-0.1289559264967899
heldout.shap.stability.ci_hi,-0.08711384985505255
heldout.shap.stability.dz,-1.2795605142155433
heldout.shap.stability.p,2.520032881866689e-12
heldout.shap.stability.pos,1.0
heldout.shap.stability.neg,64.0
heldout.shap.stability.p_holm,2.7720361700533578e-11
heldout.shap.stability.relevant,1.0
heldout.shap.faithfulness_gap.n,65.0
heldout.shap.faithfulness_gap.median,-0.00030147591936202645
heldout.shap.faithfulness_gap.mean,0.005191503765901155
heldout.shap.faithfulness_gap.ci_lo,-0.010912742573150794
heldout.shap.faithfulness_gap.ci_hi,0.021295750104953104
heldout.shap.faithfulness_gap.dz,0.07987903438325526
heldout.shap.faithfulness_gap.p,0.6125354993552576
heldout.shap.faithfulness_gap.pos,32.0
heldout.shap.faithfulness_gap.neg,33.0
heldout.shap.faithfulness_gap.p_holm,0.8959834532538409
heldout.shap.faithfulness_gap.relevant,0.0
heldout.lime.fidelity.n,75.0
heldout.lime.fidelity.median,0.028278413268226887
heldout.lime.fidelity.mean,0.03165185057543754
heldout.lime.fidelity.ci_lo,0.021893725241263123
heldout.lime.fidelity.ci_hi,0.04140997590961196
heldout.lime.fidelity.dz,0.7462939029710941
heldout.lime.fidelity.p,4.3520150011089154e-08
heldout.lime.fidelity.pos,59.0
heldout.lime.fidelity.neg,16.0
heldout.lime.fidelity.p_holm,4.3520150011089156e-07
heldout.lime.fidelity.relevant,0.0
heldout.lime.stability.n,75.0
heldout.lime.stability.median,-0.0030965464399208067
heldout.lime.stability.mean,-0.005483578050187774
heldout.lime.stability.ci_lo,-0.007621427407759797
heldout.lime.stability.ci_hi,-0.0033457286926157513
heldout.lime.stability.dz,-0.5901523059461414
heldout.lime.stability.p,1.1810895136097017e-07
heldout.lime.stability.pos,15.0
heldout.lime.stability.neg,60.0
heldout.lime.stability.p_holm,1.0629805622487315e-06
heldout.lime.stability.relevant,0.0
heldout.lime.faithfulness_gap.n,75.0
heldout.lime.faithfulness_gap.median,0.007648647993337365
heldout.lime.faithfulness_gap.mean,0.018575530278582882
heldout.lime.faithfulness_gap.ci_lo,0.005267416495432187
heldout.lime.faithfulness_gap.ci_hi,0.03188364406173358
heldout.lime.faithfulness_gap.dz,0.32114553908811194
heldout.lime.faithfulness_gap.p,0.01987360947765112
heldout.lime.faithfulness_gap.pos,43.0
heldout.lime.faithfulness_gap.neg,32.0
heldout.lime.faithfulness_gap.p_holm,0.09936804738825561
heldout.lime.faithfulness_gap.relevant,0.0
heldout.anchors.fidelity.n,57.0
heldout.anchors.fidelity.median,-0.01172388358374521
heldout.anchors.fidelity.mean,-0.019450780448407014
heldout.anchors.fidelity.ci_lo,-0.03866277720356595
heldout.anchors.fidelity.ci_hi,-0.00023878369324807636
heldout.anchors.fidelity.dz,-0.2686335421302876
heldout.anchors.fidelity.p,0.05916208481886132
heldout.anchors.fidelity.pos,26.0
heldout.anchors.fidelity.neg,31.0
heldout.anchors.fidelity.p_holm,0.2366483392754453
heldout.anchors.fidelity.relevant,0.0
heldout.anchors.stability.n,57.0
heldout.anchors.stability.median,-0.0002783957127325421
heldout.anchors.stability.mean,-0.01580721893214912
heldout.anchors.stability.ci_lo,-0.03261737359819836
heldout.anchors.stability.ci_hi,0.0010029357339001177
heldout.anchors.stability.dz,-0.24950512488381296
heldout.anchors.stability.p,0.00038272927847692083
heldout.anchors.stability.pos,16.0
heldout.anchors.stability.neg,38.0
heldout.anchors.stability.p_holm,0.0024860933656875995
heldout.anchors.stability.relevant,0.0
heldout.anchors.faithfulness_gap.n,57.0
heldout.anchors.faithfulness_gap.median,0.008424486713007329
heldout.anchors.faithfulness_gap.mean,0.002382315302420918
heldout.anchors.faithfulness_gap.ci_lo,-0.012728246169575304
heldout.anchors.faithfulness_gap.ci_hi,0.01749287677441714
heldout.anchors.faithfulness_gap.dz,0.041832551064222914
heldout.anchors.faithfulness_gap.p,0.44799172662692044
heldout.anchors.faithfulness_gap.pos,35.0
heldout.anchors.faithfulness_gap.neg,22.0
heldout.anchors.faithfulness_gap.p_holm,0.8959834532538409
heldout.anchors.faithfulness_gap.relevant,0.0
heldout.dice.fidelity.n,68.0
heldout.dice.fidelity.median,-0.03253522631778639
heldout.dice.fidelity.mean,-0.03933739432602048
heldout.dice.fidelity.ci_lo,-0.06044442881515698
heldout.dice.fidelity.ci_hi,-0.018230359836883984
heldout.dice.fidelity.dz,-0.45111396097488426
heldout.dice.fidelity.p,0.0002456229175567608
heldout.dice.fidelity.pos,21.0
heldout.dice.fidelity.neg,46.0
heldout.dice.fidelity.p_holm,0.0019649833404540864
heldout.dice.fidelity.relevant,0.0
heldout.dice.stability.n,68.0
heldout.dice.stability.median,-0.21183818038052749
heldout.dice.stability.mean,-0.19400957526240903
heldout.dice.stability.ci_lo,-0.22041536795120903
heldout.dice.stability.ci_hi,-0.16760378257360903
heldout.dice.stability.dz,-1.7784098448273553
heldout.dice.stability.p,2.1992372014592046e-12
heldout.dice.stability.pos,1.0
heldout.dice.stability.neg,66.0
heldout.dice.stability.p_holm,2.6390846417510453e-11
heldout.dice.stability.relevant,1.0
heldout.dice.faithfulness_gap.n,68.0
heldout.dice.faithfulness_gap.median,-0.005651840904003783
heldout.dice.faithfulness_gap.mean,-0.013628130295708942
heldout.dice.faithfulness_gap.ci_lo,-0.027473227515047882
heldout.dice.faithfulness_gap.ci_hi,0.00021696692362999787
heldout.dice.faithfulness_gap.dz,-0.23825836967396344
heldout.dice.faithfulness_gap.p,0.12510378715603188
heldout.dice.faithfulness_gap.pos,31.0
heldout.dice.faithfulness_gap.neg,37.0
heldout.dice.faithfulness_gap.p_holm,0.37531136146809563
heldout.dice.faithfulness_gap.relevant,0.0
seed42.n_agree,6.0
heldout.n_agree,7.0
