instance_id,quadrant,prediction_correct,metric_cost,metric_sparsity,metric_fidelity,metric_faithfulness_gap,metric_cf_sensitivity,metric_stability
5,TP,True,2041.1079160003283,0.009259259259259259,0.7888899345129478,0.3328462531122006,0.0,0.06824675591106438
27,FP,False,2103.052624999691,0.009259259259259259,-0.016989055880994353,0.0037562580209623553,0.0,0.09779521246490899
32,FP,False,2010.8106669977133,0.018518518518518517,-0.02730962561570698,0.0016276246667382699,0.0,0.13230801463287778
39,FP,False,2041.1865829992166,0.018518518518518517,0.010166137596468595,0.017864423821340902,0.0,0.05729582144513055
41,FP,False,2047.086375001527,0.018518518518518517,0.04811246848954524,0.06391837402369893,0.0,0.03629266022298366
45,FN,False,1998.60854200233,0.018518518518518517,0.03289072890608624,0.01442230986454246,0.0,0.7489930908968615
52,FN,False,2110.365666998405,0.018518518518518517,0.3965201624993479,0.14600759099439733,0.0,0.1492321015374214
83,FN,False,2022.4484999998822,0.018518518518518517,0.35758733541787613,0.0760270042815287,0.0,0.6175250360287807
93,FP,False,2067.802916997607,0.018518518518518517,2.6363071074279876e-05,0.15885546503327197,0.0,0.15561347259071429
116,TP,True,2037.0950839987927,0.009259259259259259,0.9999918470986309,0.8415719772450128,0.0,0.46598187704457356
120,FP,False,2016.4793330004613,0.018518518518518517,0.5513771929137543,0.11744841081153168,0.0,0.2427583152666006
136,TP,True,16272.671167000226,0.018518518518518517,0.09469180653687356,0.13714397870963313,0.0,0.06337412694400651
161,TP,True,2047.6602500002627,0.018518518518518517,0.23895906002933587,0.11935581988771748,0.0,0.1653356406442372
162,FN,False,2008.1522920008865,0.009259259259259259,-0.017304085325440626,0.006136367025462552,0.0,0.08272984744355943
185,FN,False,2001.9706249986484,0.018518518518518517,-0.020505321912939117,0.001360105475362014,0.0,0.46441757494857366
191,TP,True,2031.4628340001946,0.018518518518518517,-0.036718993008757,0.027488465173759857,0.0,0.05076121673203224
197,TP,True,2034.6389589994942,0.018518518518518517,-0.010461464508173656,0.0007723726857602475,0.0,0.40830540867990145
200,TP,True,2119.840125000337,0.009259259259259259,-0.019753318187245242,0.01597617863902734,0.0,0.20555934143802287
210,FN,False,1997.8500420002092,0.018518518518518517,0.35357139337648036,0.009597015931478409,0.0,0.8060255296731984
226,TP,True,2870.0127499996597,0.027777777777777776,-0.010219211016233888,3.5382938423644816e-07,0.0,0.6501524672129309
236,FN,False,1993.4645000030287,0.018518518518518517,-0.01416118059685707,0.14406349988223954,0.0,0.1565338078239085
238,TP,True,2113.0659589998686,0.018518518518518517,0.003180637125083539,0.00010793473628700756,0.0,0.16978503560860136
258,TP,True,2034.0601670013712,0.018518518518518517,-0.0026187825587656445,0.02342364475786285,0.0,0.061708605644570654
263,FP,False,2054.4208339997567,0.009259259259259259,0.623345361355257,0.33995005402139317,0.0,0.10375591025254315
268,FP,False,2029.6899170025426,0.009259259259259259,-0.027126719804667427,0.00675779670325477,0.0,0.010303972399549608
300,TP,True,2138.554834000388,0.018518518518518517,-0.027823282541810344,0.01905110849300351,0.0,0.07845961737273366
305,FN,False,2006.3081250009418,0.018518518518518517,0.46299295027243625,0.039586629496346934,0.0,0.566361786914006
353,TP,True,2025.8669590002683,0.018518518518518517,-0.0038468686269157136,0.01684571921582123,0.0,0.34563329189152286
403,FN,False,2005.8572919988364,0.018518518518518517,0.4150967912621748,0.05840776799273986,0.0,0.3065289123489941
406,TN,True,2025.294084000052,0.018518518518518517,0.6171821390416835,0.045568857925240513,0.0,0.8424325988124393
424,TP,True,2030.076499999268,0.009259259259259259,0.011176829533772036,0.033684183892378816,0.0,0.2389845331718379
439,TN,True,2030.5302080014371,0.009259259259259259,-0.0011269802550534945,0.0014431567309466653,0.0,0.9816888200703272
444,TN,True,2119.734750001953,0.009259259259259259,0.191708731879087,0.00861057554474565,0.0,0.5164797801543597
451,TP,True,2063.277790999564,0.018518518518518517,-0.015938891487014405,0.0018237493674216898,0.0,0.2916175562895611
462,TN,True,1989.6922090010776,0.009259259259259259,0.22445073813835897,0.025349749227466342,0.0,0.7521610961764248
463,TN,True,2023.8190419986495,0.009259259259259259,0.3018086138089362,0.013663504120593514,0.0,0.9917358173993442
470,TN,True,2049.164332998771,0.018518518518518517,0.020884509284030177,0.016695676810969867,0.0,0.28117621688655864
472,FP,False,2085.940542001481,0.018518518518518517,-0.027514275071097653,0.0006570785960475778,0.0,0.13821615011115998
486,TP,True,2032.325166001101,0.018518518518518517,-0.010055368309657073,0.008127214119582282,0.0,0.46488383705416464
500,TP,True,2081.5787500014267,0.009259259259259259,0.6692442010368242,0.21069170000185056,0.0,0.20586195108900557
529,FP,False,2048.6914579996665,0.018518518518518517,0.7950519423485083,0.36424401071852286,0.0,0.016190059898658776
537,FN,False,2040.2219580028031,0.018518518518518517,0.7298031207231194,0.04518030509042234,0.0,0.5761243193244445
591,TP,True,2094.792249999955,0.009259259259259259,0.9286397462859554,0.5327451434863586,0.0,0.1363915211233288
594,TN,True,2013.7808750005206,0.009259259259259259,-0.021797201434812646,0.0014693893590403545,0.0,0.48037818837118773
597,TN,True,2007.473249999748,0.018518518518518517,-0.0032501118052914724,0.002256511393878516,0.0,0.9847817682030854
614,FP,False,1982.9480830012471,0.009259259259259259,-0.005240836945264402,0.034972579704415474,0.0,0.0163291825574962
615,FP,False,2001.9411249995755,0.018518518518518517,0.02654715090279591,0.010438311105522069,0.0,0.19636486345704557
627,FP,False,2015.0164169972413,0.018518518518518517,0.030568067908367955,0.021316182483421375,0.0,0.03999737639231651
630,TN,True,2067.3465830004716,0.018518518518518517,0.18183080404548219,0.017509965785829182,0.0,0.5625679710349066
643,FP,False,2138.127917001839,0.018518518518518517,-0.05061818780918522,0.033614600384395676,0.0,0.03628939129474849
652,FP,False,2076.143750000483,0.018518518518518517,0.8481443467772294,0.44751387753866734,0.0,0.19386363462635245
658,FP,False,2009.9439579971659,0.018518518518518517,0.1083297842119423,0.08359603376596825,0.0,0.13429819242630783
664,FN,False,16337.843749999593,0.018518518518518517,0.15105092841287923,0.02053022112342396,0.0,0.8521401873452967
693,FP,False,2153.222375000041,0.018518518518518517,-0.02899433222275359,0.013441935853058529,0.0,0.07122437221154966
697,FP,False,2064.3424170011713,0.018518518518518517,-0.04643647740375151,0.035883632978216506,0.0,0.025232369506371952
698,FP,False,2058.000875000289,0.018518518518518517,0.041216754933293166,0.03642635926613991,0.0,0.06192847319587675
702,TP,True,2036.8003750008938,0.018518518518518517,-0.00901065466413902,0.01610201004216949,0.0,0.022054966736929305
706,FP,False,2011.5751250014,0.009259259259259259,-0.013100172378317204,0.006991091171036801,0.0,0.019842501984358503
748,TP,True,2030.379499999981,0.018518518518518517,-0.013143160226553933,0.0035159349948437058,0.0,0.32833380373251886
750,TP,True,2004.5404579996102,0.018518518518518517,-0.04495430289281864,0.0016462604520590673,0.0,0.02887335319335592
763,TN,True,2001.538583997899,0.018518518518518517,-0.036054883022235466,0.005839909510075625,0.0,0.10772699525805916
764,TP,True,2060.0450830006594,0.009259259259259259,-0.009343316412173234,3.701272115463894e-07,0.0,0.48447099300169133
779,FN,False,2064.419665999594,0.018518518518518517,0.49494528631968027,0.040099863044229064,0.0,0.5496764603596465
796,TN,True,2005.7094580006378,0.018518518518518517,0.521879361721883,0.04512798045320307,0.0,0.7488439728382315
809,TN,True,2146.2282089996734,0.018518518518518517,0.005243559237200291,0.00022318256185854812,0.0,0.9992891179485016
816,TP,True,2026.8374999996013,0.018518518518518517,-0.007752195025927568,0.004336924884392301,0.0,0.20584376751356256
818,FN,False,1997.3204170019017,0.009259259259259259,0.011053453326388865,0.01937976629833371,0.0,0.1697504184569086
825,FP,False,2103.3641249996435,0.018518518518518517,0.0008350838523895412,0.010613131026810718,0.0,0.03158353548278894
834,FN,False,2072.616042001755,0.009259259259259259,0.07455826212941138,0.020833227526272785,0.0,0.36410803531000685
866,TP,True,1991.506708000088,0.018518518518518517,-0.03122092130452295,0.010537554467908605,0.0,0.04690726001285011
876,TP,True,2018.0042079991836,0.018518518518518517,0.7178185865939876,0.33354326459398054,0.0,0.09392569512366943
886,FP,False,1982.2984999991604,0.018518518518518517,0.7028944428976317,0.2525350546898116,0.0,0.08634394414691285
929,TN,True,2000.0213330022234,0.018518518518518517,0.6564071515630873,0.04188057803682392,0.0,0.8538956401169676
935,FP,False,2148.42283300095,0.018518518518518517,-0.03550715395181877,0.0004959571990359457,0.0,0.03671234214218685
947,TP,True,2072.9780000001483,0.009259259259259259,0.4079242919008135,0.22448992228975273,0.0,0.13157835878693355
953,FP,False,2066.5097499986587,0.018518518518518517,-0.03293944603215439,0.006035682650508911,0.0,0.009372788381002216
977,FN,False,1976.3688749990251,0.018518518518518517,0.11548233946830581,0.01450542907397595,0.0,0.576485535482415
1007,TP,True,2023.3882909997192,0.018518518518518517,0.008606431430232271,0.013371535715185012,0.0,0.20382837991113473
1012,TP,True,2100.2556250005,0.018518518518518517,-0.009699500330989732,3.405105597487079e-08,0.0,0.8317250988853166
1029,TN,True,2077.76124999873,0.018518518518518517,0.04397096685090008,0.008055966699529973,0.0,0.8638933322739979
1039,TN,True,2152.9040830009762,0.018518518518518517,0.1231768189958009,0.0007173238679689387,0.0,0.9863193671235518
1042,TN,True,1999.7979999989184,0.009259259259259259,0.18390667709406203,0.0029283547431163334,0.0,0.9921380524272568
1056,TP,True,2110.4497500000434,0.018518518518518517,0.013653218660089015,0.010114753144271793,0.0,0.2631901039355665
1068,FP,False,2007.6013750003767,0.009259259259259259,-0.017177119707017234,0.017442048850163983,0.0,0.19769180182952256
1072,TP,True,2221.948667000106,0.018518518518518517,0.9086106054043467,0.38198960534638016,0.0,0.4335847264208753
1083,TN,True,2112.0674170015263,0.018518518518518517,0.15638208354051747,0.02422219181544781,0.0,0.9399331197450036
1114,TN,True,2058.7893330011866,0.018518518518518517,0.14703733804641161,0.014730814175589815,0.0,0.6484822794896218
1116,TP,True,2032.7155420000054,0.018518518518518517,0.8237276068657693,0.3565145127799473,0.0,0.10013776015060039
1138,FN,False,2003.4217089996673,0.018518518518518517,0.02946736415626452,0.048220529656572975,0.0,0.25453705748386113
1147,TP,True,2013.0569169996306,0.009259259259259259,-0.002436163772541451,0.0008218865736184799,0.0,0.21590041056530862
1152,TN,True,2069.589792001352,0.009259259259259259,0.2858061993525703,0.010970490074621954,0.0,0.974231286661234
1154,TN,True,2225.3882080003677,0.009259259259259259,0.2729025100108356,0.014568075424684829,0.0,0.9773945664030467
1171,TP,True,2088.7195420000353,0.009259259259259259,0.7003408299253461,0.2570790963531453,0.0,0.2589591835259145
1183,TP,True,2020.2548750003189,0.018518518518518517,0.6995164953468457,0.30486400227982857,0.0,0.12401104993983267
1184,FN,False,2004.504166998231,0.018518518518518517,0.500499476142894,0.020835648967671316,0.0,0.6892637629534764
1187,TP,True,2118.1052920001093,0.018518518518518517,-0.00994535772436555,9.571876047331784e-08,0.0,0.784874861064506
1204,FN,False,2001.3304999993125,0.018518518518518517,0.19320549476761664,0.03607551884586735,0.0,0.5141855710716634
1218,FN,False,2063.3058749990596,0.009259259259259259,0.06141422738534646,0.008845221768096267,0.0,0.6360612703909471
1238,FP,False,2036.8001669994555,0.018518518518518517,0.02352978504446471,0.013513178896373046,0.0,0.1323135472314815
1245,TP,True,2104.38675000114,0.009259259259259259,0.8618967450416494,0.3656001302922003,0.0,0.21956250709673664
1260,FP,False,2040.9170419989096,0.018518518518518517,-0.040647365083229914,0.011494674271164573,0.0,0.06171160061226803
1280,FP,False,2051.550333002524,0.009259259259259259,0.027702908635130863,0.008822115086192683,0.0,0.04235128551924491
1305,FN,False,2003.5328749982,0.018518518518518517,0.5399538434939876,0.07769380974891951,0.0,0.23362171209102128
1374,TP,True,2000.7512499996665,0.018518518518518517,-0.004428901089280617,0.004902288459625148,0.0,0.3414014806852966
1378,FN,False,1992.4442499977886,0.009259259259259259,-0.006446758476116161,0.019011972753156137,0.0,0.16641000127862826
1390,FN,False,1979.6624589980638,0.018518518518518517,0.27627464332580914,0.07801543204092803,0.0,0.17520580149840984
1399,TN,True,2034.0703340007167,0.009259259259259259,0.004234873023592678,0.00538003772301468,0.0,0.9917573064270825
1415,TP,True,1995.984375000262,0.018518518518518517,-0.013069925807967963,7.777680475218318e-07,0.0,0.6532674961913575
1418,TP,True,2034.9834999997256,0.009259259259259259,-0.013425440622856286,0.0012631251016322897,0.0,0.31167766379878187
1419,FN,False,1993.5428329990827,0.009259259259259259,0.11980390699588107,0.015137652164702656,0.0,0.48387874079774057
1420,FN,False,1990.546416000143,0.009259259259259259,0.2114476712523561,0.05188401140771348,0.0,0.37662931936033617
1422,TN,True,2149.7501250014466,0.018518518518518517,0.08752288462807223,0.00552289227847403,0.0,0.9832950550819749
1441,TN,True,2032.9422499999055,0.018518518518518517,0.12727256064586653,0.008407367873738983,0.0,0.8599616256837966
1455,TN,True,2029.4800410010794,0.018518518518518517,0.12626507692376462,0.003557222774863797,0.0,0.9878049211274735
1462,FP,False,2015.7728750018578,0.018518518518518517,0.6772894568479931,0.4012836542552954,0.0,0.22528583350572715
1483,TP,True,2072.2326249997423,0.018518518518518517,0.10641531841933753,0.03482887212519448,0.0,0.18797049654104397
1496,FP,False,2061.6395830002148,0.018518518518518517,0.15669433754330286,0.14355600710645444,0.0,0.009124003985713195
1500,FP,False,2032.671750002919,0.018518518518518517,-0.036392674482541736,0.006569525604687709,0.0,0.07968117315780687
1502,TN,True,2083.9399589967798,0.009259259259259259,0.17565298341191654,0.03137321499419715,0.0,0.7452828706049791
1505,FN,False,1998.9065839981777,0.018518518518518517,0.5153876432665496,0.05154052737575422,0.0,0.5488910235985609
1517,TP,True,2032.0203749997745,0.018518518518518517,0.5616088233739536,0.1643386451231631,0.0,0.24204410799103654
1530,FP,False,2075.3144580012304,0.018518518518518517,0.16701116728696977,0.0758173244066932,0.0,0.1624668607305619
1543,FP,False,2020.0772909993248,0.018518518518518517,0.8913338729716955,0.3921641056776506,0.0,0.11337005306719809
1562,TN,True,2071.2593339994783,0.018518518518518517,0.34197854498879837,0.016046251086898222,0.0,0.971165172032277
1590,TP,True,2208.7260839998635,0.018518518518518517,-0.009640592265344184,3.685973493094963e-08,0.0,0.7499230869976672
1604,FP,False,2104.883666997921,0.018518518518518517,0.01831508944442199,0.00014882712241626184,0.0,0.04238070316108533
1609,TN,True,2092.269999999189,0.009259259259259259,0.2623600743769619,0.019824223409823982,0.0,0.9761642949626346
1616,FN,False,2039.8387089990138,0.009259259259259259,0.40998009744222713,0.2052508763769016,0.0,0.14274489798761886
1620,FP,False,2047.4320000030275,0.018518518518518517,0.7018187013550374,0.2968178324025227,0.0,0.12968007860326655
1621,TN,True,2113.5488750005607,0.009259259259259259,0.341106136879118,0.016588597297563734,0.0,0.9687637377103185
1647,TN,True,2055.206957998962,0.009259259259259259,0.4003564184710872,0.018366914931895323,0.0,0.845985322910291
1654,FN,False,2006.0279589997663,0.018518518518518517,0.6125140557244685,0.0448249102105501,0.0,0.6160472100160567
1669,TN,True,2142.9607089994533,0.009259259259259259,0.06735006419394199,0.00901541653748987,0.0,0.5692226490181618
1686,TN,True,2014.3741249994491,0.009259259259259259,0.15184722765386122,0.027442397338609953,0.0,0.8561817496305313
1689,FP,False,2075.8875829997123,0.018518518518518517,-0.019953247123187384,0.005919087391131339,0.0,0.34782010823846615
1698,TN,True,2018.3589999996912,0.018518518518518517,0.1679171396305606,0.005937939635526385,0.0,0.9691746013321443
1701,TN,True,2064.1399590003857,0.018518518518518517,0.21495574638524936,0.013602551323305762,0.0,0.993072888318108
1705,TP,True,2019.2537500006438,0.018518518518518517,-0.00717819606137559,0.014386099076782788,0.0,0.20304152441417514
1712,TN,True,2041.479999999865,0.018518518518518517,0.08633015066762767,0.004084439301536846,0.0,0.8599870363022987
1713,TP,True,2172.151875000054,0.018518518518518517,0.13969604561141946,0.06693620755462748,0.0,0.43782944060766893
1740,FP,False,1983.4482920014125,0.018518518518518517,0.007721613366471713,0.011707343839490902,0.0,0.13563533956652102
1746,FP,False,2044.7874580022471,0.009259259259259259,-0.015626517770011252,0.015733344791343695,0.0,0.03728051872749917
1753,FN,False,1972.0291670018923,0.018518518518518517,0.04842380181605639,0.051452148577245116,0.0,0.23523473044498877
1754,TP,True,2115.4196669995144,0.018518518518518517,0.29214683522941853,0.19019660797586113,0.0,0.1413931647328632
1779,TP,True,2057.4773340013053,0.018518518518518517,0.04927624706315119,0.03664098099849222,0.0,0.11085282734366632
1808,TN,True,2046.2244170012127,0.009259259259259259,0.427144387600294,0.07778590238405515,0.0,0.3745135905449162
1812,FN,False,2102.993417000107,0.009259259259259259,0.09896408567201642,0.005909968807440449,0.0,0.8525402727939609
1819,TN,True,2075.873915999182,0.018518518518518517,0.3838194655601225,0.02616068331724017,0.0,0.7329979009778239
1820,FP,False,2088.8972079992527,0.018518518518518517,-0.02620517159222627,0.0823595648232468,0.0,0.08667225748215063
1831,FP,False,2017.513916001917,0.018518518518518517,0.14440444215270096,0.07316778156956338,0.0,0.01962266698537644
1840,FP,False,2002.0862499986833,0.018518518518518517,-0.010616702902309521,0.0006724329391939454,0.0,0.4830504763731663
1857,TP,True,2033.1489999989572,0.018518518518518517,-0.040943619070709134,0.0003041807135110708,0.0,0.05082169797020877
1876,TP,True,1984.432833000028,0.018518518518518517,0.39359148472283073,0.16102968259186623,0.0,0.2759468620978965
1879,FP,False,2044.2593339976156,0.009259259259259259,-0.018907923965210217,0.0006810182347879445,0.0,0.2620679650696269
1882,FN,False,2020.4747909992875,0.018518518518518517,0.08535012809959967,0.007652394788018865,0.0,0.8607849420674198
1900,FP,False,2000.2661250000529,0.009259259259259259,-0.012918575950380172,0.03364372442262653,0.0,0.2109394261819419
1901,TP,True,2054.6117499998218,0.009259259259259259,0.08805265684435977,0.048547334180568336,0.0,0.03167466657735491
1909,FP,False,2001.2375000005704,0.018518518518518517,0.015829772398151674,0.015252750696468476,0.0,0.2805157785238762
1910,FN,False,2008.9952919988718,0.009259259259259259,0.19816733979530185,0.04303856357586466,0.0,0.6348900770346126
1911,TP,True,2039.7897910006577,0.009259259259259259,-0.009381231938150504,0.003127077555819757,0.0,0.24442075354565398
1946,TP,True,2235.9279160009464,0.009259259259259259,0.7301024282645877,0.41939318124245173,0.0,0.19819106723906063
1947,TN,True,2009.6804579989112,0.018518518518518517,0.020080909257067507,0.0026314016444818067,0.0,0.9883795639316205
1948,TN,True,2048.960709000312,0.018518518518518517,0.16290927954734666,0.010581473686880921,0.0,0.9942009851582744
1964,FN,False,2010.9837080017314,0.018518518518518517,0.23165320713144993,0.008283157299286026,0.0,0.10252728388109777
1968,TP,True,2030.537082999217,0.018518518518518517,0.03270803153432225,0.0010158280956327204,0.0,0.17076830257873643
1973,TP,True,2004.0009579988691,0.018518518518518517,-0.0018770011194934998,0.017239185574826843,0.0,0.04442330816758546
1990,FP,False,2061.9561669991526,0.018518518518518517,0.6955557708676237,0.3200195850413767,0.0,0.12350553252679866
2010,FN,False,2001.9042090025323,0.018518518518518517,0.22002284879745035,0.04855253286190456,0.0,0.2521581790903719
2038,TN,True,2203.221166999356,0.009259259259259259,0.15296764257963005,0.06244966806130137,0.0,0.39691321627546294
2042,FN,False,2087.39504100231,0.018518518518518517,0.6771794254718263,0.16937098059180639,0.0,0.3606528749632864
2045,TP,True,2064.7434999991674,0.018518518518518517,-0.02280620363622328,0.002759282067660185,0.0,0.4291766423116207
2046,TP,True,2030.8751249995112,0.009259259259259259,-0.015019082722269516,0.010302740827676904,0.0,0.20518788061291518
2061,FP,False,2071.845915997983,0.009259259259259259,0.7903695485360285,0.37182762451679763,0.0,0.2523956533338781
2075,TP,True,2043.7879580003937,0.018518518518518517,0.014651486713095397,0.006303181471291053,0.0,0.46509908505340786
2076,FN,False,1991.380458999629,0.018518518518518517,0.03078691826707475,0.011048345601454929,0.0,0.5886300946025759
2092,FP,False,2007.41358400046,0.018518518518518517,-0.04143170003544404,0.00988590364171904,0.0,0.07475440691740437
2101,FN,False,1984.7133750008652,0.009259259259259259,0.45995587271752053,0.039840708552579526,0.0,0.578147631178431
2105,FP,False,2036.7205000002286,0.018518518518518517,0.9776590969951671,0.519216168654359,0.0,0.39959518976074787
2107,TP,True,2132.0284159992298,0.018518518518518517,0.020954730079519295,0.03449583569532699,0.0,0.1199528758491348
2122,TN,True,2014.0044170002511,0.009259259259259259,0.7179908466012582,0.031608414630359766,0.0,0.49301644717174015
2153,FN,False,1995.6327919971955,0.018518518518518517,0.20083985299665155,0.047907507803574334,0.0,0.21807116888958192
2183,TP,True,2047.6812920005614,0.009259259259259259,-0.026411561958418928,0.00915437793916718,0.0,0.17578144077340788
2187,FN,False,2043.5565840016352,0.018518518518518517,0.13508677952885514,0.08231805121676505,0.0,0.22762493536899606
2190,TP,True,2052.3760420001054,0.018518518518518517,0.8068231703270108,0.3274462235680373,0.0,0.15587377886109544
2232,FP,False,2019.0169169982255,0.018518518518518517,0.17885714236602396,0.10465305743367692,0.0,0.009523809523809525
2234,TP,True,2043.9632089983206,0.018518518518518517,0.9166177140441464,0.30825887373652516,0.0,0.1796825603308588
2289,TP,True,2089.9929999995948,0.018518518518518517,0.049630835604598196,0.024435658828028117,0.0,0.36563334007828857
2308,FP,False,2045.2280000026803,0.018518518518518517,0.007373945590630343,0.016440278734974334,0.0,0.2726590217546929
2310,TN,True,2049.4495000020834,0.018518518518518517,0.14078168874221123,0.008799615563609364,0.0,0.8482364721400111
2317,FP,False,1998.3435410031234,0.018518518518518517,0.169451542900186,0.11294303345693607,0.0,0.029387458256630025
2326,FN,False,1985.163959001511,0.009259259259259259,-0.004530465753875078,0.017156150484087612,0.0,0.18043239479927334
2330,FN,False,2027.4600410011772,0.018518518518518517,0.6274782148127976,0.1945532779340382,0.0,0.21596022443141033
2335,TP,True,2004.4178330008435,0.018518518518518517,-0.02105236045744312,0.0015365549090050612,0.0,0.23688537320517275
2351,TP,True,2064.6544999999605,0.009259259259259259,-0.006631449943401537,0.0038580912009962276,0.0,0.3475351691288389
2390,FP,False,2024.009249998926,0.018518518518518517,0.1468663288138954,0.05775503870522847,0.0,0.3010470607233174
2391,FN,False,1993.3098750007048,0.018518518518518517,0.1895937362652343,0.03709649601046283,0.0,0.5209908115876186
2396,FP,False,2076.750083000661,0.009259259259259259,-0.022892032879870728,0.006564996000283041,0.0,0.07922005715926494
2397,TN,True,2076.7663330007053,0.009259259259259259,0.0927614878325927,0.007611722071699911,0.0,0.9911816523082859
2401,FN,False,1997.307000001456,0.018518518518518517,-0.02027834726856248,0.05216662114999321,0.0,0.3157070389717808
2405,TP,True,2036.7834160006169,0.018518518518518517,-0.011898979240716655,0.003773455667067771,0.0,0.1868974651128216
2406,TN,True,2013.2669579998037,0.009259259259259259,0.227738241691377,0.0031556649488077987,0.0,0.971009767725717
2417,FN,False,1969.6409169991966,0.018518518518518517,0.6570269489372152,0.00835112709237043,0.0,0.7490248713292266
2420,FP,False,2053.378958000394,0.018518518518518517,0.056201973440492055,0.0327074792446056,0.0,0.01613670362218203
2425,FN,False,1978.1293330015615,0.009259259259259259,0.686138725927752,0.04910720434772989,0.0,0.8504529982764104
2431,FN,False,2079.1291249988717,0.009259259259259259,0.017874154851587658,0.0019466915712463284,0.0,0.3989916143163278
2460,TP,True,2100.427917000161,0.009259259259259259,-0.0015347707173304775,0.05778317668245114,0.0,0.14488509877849828
2466,FP,False,2101.745291998668,0.018518518518518517,-0.015694065272510722,0.1337637885724412,0.0,0.13384744502541418
2468,TP,True,2023.322167000515,0.009259259259259259,-0.004620910100444213,0.0009668673558073104,0.0,0.32661879957378925
2487,FN,False,2099.5173749979585,0.018518518518518517,-0.03245569484664479,0.004147685711894389,0.0,0.1255149925911503
2528,TP,True,2042.1004999989236,0.018518518518518517,0.5937005514245413,0.23324363825469074,0.0,0.12762166913193837
2531,TP,True,2013.3522910000465,0.018518518518518517,-0.010617677535620908,0.001762862013633848,0.0,0.2544382986677381
2532,TN,True,2089.1562910001085,0.018518518518518517,0.5764161479653052,0.02354729107175932,0.0,0.45449820729292484
2534,FN,False,2037.3759159992915,0.018518518518518517,-0.01929394128497828,0.00047197843980290033,0.0,0.14689543852572604
2553,TP,True,1990.0992090006184,0.018518518518518517,0.046416932357757255,0.018416515538255074,0.0,0.44652151954240393
2558,FP,False,2019.688332999067,0.018518518518518517,0.03157278527993249,0.010109451944969039,0.0,0.2936675179897316
2562,TP,True,2112.2207499993237,0.018518518518518517,0.7260310076604132,0.24628948212553792,0.0,0.18663349021292025
2594,TP,True,2026.251624998622,0.009259259259259259,-0.007338703312180279,0.002582112305476003,0.0,0.248509519232579
2623,FN,False,2025.3427089992329,0.009259259259259259,0.7105912061381059,0.06516651810871346,0.0,0.6181719399575664
2638,TN,True,2166.4680409994617,0.009259259259259259,0.09089518542764838,0.009529673770129643,0.0,0.9969937453422819
2639,TN,True,2154.5842500017898,0.018518518518518517,0.2180313400423798,0.07402772427329356,0.0,0.45964063902956714
2650,TN,True,2038.9160840004479,0.018518518518518517,0.6040667589941306,0.04229456531675238,0.0,0.5257067896170138
2675,TN,True,2063.3532920001016,0.018518518518518517,-0.018009966674176273,0.0022847673539594243,0.0,0.9959272266537321
2680,TN,True,2027.3251669968886,0.018518518518518517,0.46267097675832386,0.0013154187608376,0.0,0.8627542788574205
2704,FN,False,1978.4502500006056,0.009259259259259259,0.14350718195941298,0.019015652467824745,0.0,0.40410032546320657
2727,TP,True,2179.4401249990187,0.018518518518518517,-0.016878448339138357,0.02500135385925706,0.0,0.04678970052721002
2763,TN,True,2056.3815419991442,0.009259259259259259,0.20735730733833757,0.031151826484809284,0.0,0.5211198398658266
2765,TN,True,2117.6501249974535,0.009259259259259259,0.06144340001994943,0.019327925984948813,0.0,0.9891012230189378
2768,FN,False,2026.427834003698,0.018518518518518517,0.006307827646787688,0.008781684629984687,0.0,0.27179102398881927
2771,FP,False,2065.312917002302,0.018518518518518517,0.6091594355701524,0.3868175756716804,0.0,0.04597519760674453
2772,TN,True,2062.4388750002254,0.009259259259259259,0.10021287339195192,0.011325064565307241,0.0,0.9923409774026266
2785,TN,True,2043.1315410023672,0.018518518518518517,0.6156936060436852,0.048224028112725525,0.0,0.4204452366385627
2812,FP,False,2021.478875001776,0.018518518518518517,0.08507666862495375,0.060035318860850895,0.0,0.10642303829399102
2818,FP,False,2143.8838329995633,0.018518518518518517,0.06847221528872209,0.03963666723207282,0.0,0.08864354655731131
2820,FP,False,2037.3914580013661,0.009259259259259259,-0.03194543755205222,0.006485519140138618,0.0,0.00934986271537215
2826,FP,False,2048.2949999968696,0.018518518518518517,-0.021291925020552743,0.006613162918187032,0.0,0.020458988781318584
2835,FP,False,2009.4673749990761,0.009259259259259259,0.08722538401771233,0.0031932756680415064,0.0,0.03810112728842505
2907,TN,True,2227.459875000932,0.018518518518518517,0.22650596804622983,0.023012030603527522,0.0,0.9850703349876865
2922,TP,True,1998.1658329998027,0.018518518518518517,0.004724843269917939,0.006980727510390361,0.0,0.6322033621752463
2924,TN,True,2047.0953750009357,0.009259259259259259,0.23534817918991396,0.002982339472647144,0.0,0.9966265387493813
2938,FN,False,1994.3908329987607,0.018518518518518517,0.054453147770762184,0.021487957425240123,0.0,0.12236170035547561
2951,TN,True,1993.3751670014317,0.009259259259259259,0.09817604594087043,0.006210119277657522,0.0,0.9835349251829835
2962,FP,False,2091.821332996915,0.009259259259259259,0.11082508062143452,0.05617767532654361,0.0,0.0522570200755695
2973,TP,True,2100.303041999723,0.018518518518518517,0.17377137570172255,0.05865142128965917,0.0,0.3409486636752595
2981,TN,True,2040.7504999966477,0.018518518518518517,0.06759727297224401,0.01135807859117094,0.0,0.6561974648665315
2991,TN,True,2088.296750000154,0.018518518518518517,0.10520255325896552,0.029379632051452248,0.0,0.6354137662342287
2997,FN,False,2018.6952500007465,0.009259259259259259,0.5929696853755306,0.0947075418477055,0.0,0.5085575598736729
3008,TP,True,2058.325792000687,0.018518518518518517,-0.017029406865390638,0.00430914779162761,0.0,0.3131358174044803
3012,FN,False,2025.4692090020399,0.018518518518518517,0.6191601895521097,0.17018750513228065,0.0,0.5081515722740121
3028,TN,True,2026.9036249992496,0.009259259259259259,0.263917202993911,0.008056886758944906,0.0,0.9820051832995589
3042,TP,True,2076.2917089996336,0.018518518518518517,0.1268870013654593,0.07416790993886746,0.0,0.16040628156511136
3045,TN,True,2014.7060839990445,0.009259259259259259,0.052573454075730344,0.0008821054638850356,0.0,0.6057115768572705
3072,TN,True,2030.0625839990971,0.018518518518518517,0.37426315212312455,0.012479635367430297,0.0,0.9584548276055159
3080,FP,False,2030.0910000005388,0.018518518518518517,0.014534698565474818,0.016101881035211374,0.0,0.03623364923892339
3093,TN,True,2117.5728750022245,0.018518518518518517,0.36231863070980563,0.01272453480603529,0.0,0.6307956760399256
3116,FN,False,2029.7514160010905,0.018518518518518517,-0.01598883062979197,0.0756226330570331,0.0,0.19635001881522215
3139,FP,False,2095.558458000596,0.018518518518518517,-0.04154428935443262,0.0,0.0,0.039471784877717686
3142,FN,False,1978.9690420002444,0.018518518518518517,0.0528065194913558,0.01669981298494838,0.0,0.2658014007874824
3161,FP,False,2011.8416660006915,0.018518518518518517,-0.04831849229029845,0.000231603381224188,0.0,0.004023128905857669
3171,TN,True,2017.7455420016486,0.009259259259259259,0.696256369580397,0.05280706228688123,0.0,0.8549343516741266
3185,TP,True,2029.294875001142,0.018518518518518517,-0.012042349693300702,0.019375676622814253,0.0,0.11959002500392094
3186,FP,False,2066.9528340004035,0.009259259259259259,-0.023281659528195657,0.010416583554514192,0.0,0.023689534789087426
3191,FP,False,2109.82729099851,0.018518518518518517,-0.036033192253966034,0.00022206055219742282,0.0,0.014786625111760694
3259,FN,False,2001.4556250025635,0.009259259259259259,0.5677771928486327,0.22857736345465607,0.0,0.8001605129965066
3260,TP,True,2052.949124999941,0.018518518518518517,0.3707932047783251,0.06546262115321866,0.0,0.39496892105694004
3271,TN,True,2085.8353749972594,0.009259259259259259,0.11839828434705775,0.03553061652406728,0.0,0.35947380754221625
3305,FN,False,2015.921125002933,0.018518518518518517,0.6268216221086073,0.04571370842018903,0.0,0.40487538703863224
3312,TN,True,2103.2890419992327,0.018518518518518517,0.2086897835833765,0.0007981482583022045,0.0,0.5107794286738171
3327,FN,False,2007.7915000001667,0.018518518518518517,0.18551552628089668,0.019680564377154125,0.0,0.9478002080330973
3345,TP,True,2039.3242500013002,0.018518518518518517,-0.022560785136972857,0.022565771228998277,0.0,0.041795552222440795
3397,TN,True,2060.1950000000215,0.018518518518518517,0.14071798752287767,0.012179038038887646,0.0,0.9916077254481942
3410,FN,False,2007.982750001247,0.018518518518518517,0.21821676368869047,0.021594648160627686,0.0,0.5055558255120154
3415,TN,True,2019.946667001932,0.018518518518518517,0.0010769266963611655,0.0005798654293073177,0.0,0.9953621731000722
3417,FP,False,2079.639292001957,0.018518518518518517,0.2629286854515534,0.1494751076494949,0.0,0.051555849077517264
3447,TP,True,2036.71604200008,0.009259259259259259,-0.010537797228349013,8.387747502114351e-07,0.0,0.3704357696662108
3450,TP,True,2048.447417000716,0.009259259259259259,0.6579937324352589,0.3020636224377855,0.0,0.10776996205903536
3451,TP,True,2003.2891249993554,0.009259259259259259,-0.03513185269459633,0.004282384938000261,0.0,0.029244511291862882
3466,FN,False,2005.9928749979008,0.018518518518518517,0.572004856961616,0.06148598030687133,0.0,0.39683117695932457
3469,TN,True,2092.8797499982466,0.018518518518518517,0.3430662155196236,0.010122161385304682,0.0,0.9907982105609606
3491,FN,False,1994.3017920013517,0.018518518518518517,0.5997319092537293,0.05450907078618478,0.0,0.8477988832515458
3511,FN,False,2038.5837920039194,0.009259259259259259,0.08137040896498889,0.024820412643286882,0.0,0.7398814743664317
3527,FN,False,1993.8362079992658,0.018518518518518517,0.22748861353955693,0.013661659236310006,0.0,0.4783278560350364
3543,FN,False,2007.2757500020089,0.018518518518518517,-0.0015149148512678297,0.003852001692428969,0.0,0.5111707337274355
3552,FN,False,1975.9014580013172,0.009259259259259259,0.28898141045209724,0.0017909116337618824,0.0,0.4596214685084254
3570,TN,True,1985.2599170008034,0.018518518518518517,0.25635931032855636,0.009528451749297076,0.0,0.9967913702668124
3592,TP,True,2042.4247909995756,0.018518518518518517,0.5899632181197193,0.18959610302224283,0.0,0.17046929598872132
3597,TP,True,2016.6076249988691,0.009259259259259259,-0.03230012620065482,0.014325801655141579,0.0,0.04092590169671614
3601,TN,True,2129.638333000912,0.018518518518518517,0.06658791705873865,0.0018314010421555116,0.0,0.967141655127346
3629,FN,False,2011.1842080004863,0.018518518518518517,0.6762168922862944,0.07275825820020146,0.0,0.8588723160756374
3638,FP,False,2055.7648329995573,0.009259259259259259,0.02253316050449112,0.023343788161200973,0.0,0.2317237413474276
3680,FN,False,2034.1060829960043,0.018518518518518517,-0.02516509074977937,0.0038810592569832048,0.0,0.3672283549863563
3707,FP,False,2019.6681669985992,0.009259259259259259,-0.00907583426337078,0.0055100549350356465,0.0,0.08297464713516667
3717,TP,True,2056.487417000426,0.009259259259259259,0.05223401644762828,0.07907066174076383,0.0,0.20577996813534763
3727,FP,False,2067.021750001004,0.018518518518518517,0.7178017403007898,0.3186187838093357,0.0,0.10057119920758219
3733,FN,False,1995.2757909995853,0.009259259259259259,0.2013273558082845,0.028082093838798547,0.0,0.4020045791726925
3734,TP,True,2084.648042000481,0.009259259259259259,0.6774966470265829,0.22378811296289913,0.0,0.22505828135109937
3749,TP,True,2106.4819579996765,0.009259259259259259,0.004693466377478731,0.013116257872321624,0.0,0.17557837690764044
3771,FP,False,2014.587665998988,0.009259259259259259,0.5358895434018406,0.2980289255246292,0.0,0.032107991011816016
3783,FN,False,2025.2929589987616,0.018518518518518517,0.4176080041617305,0.03397773663553452,0.0,0.40375093375787524
3827,TN,True,2041.2613749977027,0.018518518518518517,0.17720135920304392,0.008698591217447288,0.0,0.9593406813179098
3836,TN,True,2105.919083001936,0.009259259259259259,0.1646241649154947,0.012959188221407958,0.0,0.9932620793530529
3837,FN,False,2079.562375001842,0.018518518518518517,0.2527330624511761,0.023130935913771633,0.0,0.5205195788997368
3862,FP,False,2043.6543750001874,0.009259259259259259,-0.026380645836085494,0.00431460366535108,0.0,0.018988546640697376
3866,TN,True,2240.2439159995993,0.009259259259259259,0.22818366429137144,0.02449358227453126,0.0,0.7249019720140528
3882,TN,True,2061.270957998204,0.018518518518518517,0.41478481723403987,0.04196100033991382,0.0,0.4188680993045102
3901,FP,False,2013.5149159978027,0.018518518518518517,-0.01018439838689104,0.007914906647608744,0.0,0.0845398366081891
3906,TN,True,2205.708458001027,0.018518518518518517,0.13613393570198337,0.02687163582920371,0.0,0.9707168370890106
3927,TP,True,2115.2407500012487,0.018518518518518517,0.5827610550907073,0.2585478842401002,0.0,0.039390621783281926
3933,TN,True,2112.786542000322,0.009259259259259259,0.521642228856528,0.020650146833979227,0.0,0.4636971452251759
3939,FP,False,2089.9320829994394,0.018518518518518517,-0.0299504497553057,0.008632518930532074,0.0,0.03482333263157298
3941,TN,True,2112.997375001214,0.018518518518518517,0.0216981163653881,0.00020052497344408282,0.0,0.9898041204419424
3942,FP,False,2149.2835419994663,0.009259259259259259,0.38627509326590553,0.17572238788823474,0.0,0.07155340895033027
3983,TP,True,2065.948416999163,0.018518518518518517,0.012551128527477317,0.01280548279991478,0.0,0.2008055938355411
3993,TN,True,2109.762125000998,0.018518518518518517,0.9638314462528635,0.16252551730972886,0.0,0.40890079305012167
3996,FP,False,2088.4399999995367,0.009259259259259259,0.7017437826627297,0.3453134103019973,0.0,0.09436010739859627
4011,FP,False,2086.2916669975675,0.018518518518518517,0.3048996301982772,0.04345599560369662,0.0,0.24589953106290338
4021,TP,True,2021.792124998683,0.018518518518518517,-0.004844163321986288,0.00947766854042209,0.0,0.27760109846537095
4040,TP,True,2037.948791999952,0.018518518518518517,0.03592198975906842,0.1105202143098779,0.0,0.06248891786841487
4059,FN,False,2015.8201250014827,0.018518518518518517,0.2520988140656949,0.002391881849723651,0.0,0.6355259509458463
4084,FP,False,2051.190458001656,0.018518518518518517,0.15589344268576177,0.07787205927470231,0.0,0.01346583180846483
4093,FN,False,2021.9607910039485,0.018518518518518517,0.36556385355719434,0.022263769843938103,0.0,0.8193042216546965
4094,TP,True,2099.446042000636,0.018518518518518517,0.9375509574237935,0.44006493242897865,0.0,0.20458773123913349
4096,FN,False,1995.445540997025,0.018518518518518517,0.38205989516498795,0.02044120205621465,0.0,0.9462022266491427
4105,TN,True,2050.8325829978276,0.009259259259259259,0.17950923754956105,0.010831377239583481,0.0,0.9883848611353376
4125,FN,False,2046.8504579985165,0.018518518518518517,0.10400982047607199,0.018403096666872065,0.0,0.6564532304692758
4128,TN,True,2146.7106670024805,0.009259259259259259,0.04857021665094174,0.004829835932802576,0.0,0.5732322022383594
4148,FP,False,2007.5054170010844,0.018518518518518517,0.06645218376351952,0.057801937170275486,0.0,0.1614085943978652
4156,TP,True,2044.5201669990638,0.018518518518518517,0.05887123661735361,0.026938235606209338,0.0,0.18033687701231205
4162,TN,True,2017.9770830000052,0.018518518518518517,0.019344461835667334,0.011025259166874316,0.0,0.9803756945898878
4187,TN,True,2104.0793330012093,0.018518518518518517,0.07290126694020028,0.0030006064348917644,0.0,0.9876538552124425
4199,TN,True,2051.1072919998696,0.018518518518518517,0.11710680109436306,0.020976601204180483,0.0,0.988526198001243
4201,FN,False,2047.5233329998446,0.009259259259259259,0.4785884939680787,0.07903296334335069,0.0,0.28446401149254835
4202,TP,True,2042.3951669999951,0.018518518518518517,0.4438690501560909,0.20070190174396696,0.0,0.10760529870015158
4240,TN,True,2022.7383750006993,0.009259259259259259,0.1934809863234911,0.011190405677467818,0.0,0.9849809315438819
4248,FN,False,2004.66891600081,0.018518518518518517,0.04939433930715325,0.022617263893996875,0.0,0.4529399081411497
4253,TP,True,2108.73516600077,0.018518518518518517,0.01825978251587162,0.009936599882398256,0.0,0.33212215359781455
4262,FP,False,2073.0364170012763,0.009259259259259259,0.47521205139059425,0.22054409565247057,0.0,0.0498944581128697
4272,TP,True,2011.579833999349,0.009259259259259259,0.003944634115046749,0.00837599380124232,0.0,0.01783621709462574
4295,TP,True,2115.7787920001283,0.018518518518518517,0.12772430586016614,0.06446954155510765,0.0,0.16955728631691439
4296,FN,False,2031.3558749985532,0.009259259259259259,0.18095920499681495,0.03087472366937949,0.0,0.7208717999249108
4302,TN,True,2100.5768750001153,0.018518518518518517,0.289868621500628,0.007941974829076742,0.0,0.9927408510949998
4307,TN,True,2219.9038340004336,0.009259259259259259,0.5293881431435166,0.07979143534582803,0.0,0.6278113700857076
4311,FN,False,2009.2243750004855,0.009259259259259259,0.13967798406871973,0.035065714868896924,0.0,0.5659333177660598
4314,TN,True,2000.1352500003122,0.018518518518518517,0.3498320236457622,0.016964037296978804,0.0,0.988747395290753
4357,TP,True,2044.8729999989155,0.018518518518518517,0.0033433525859333543,0.0015036235403826925,0.0,0.18758948933630012
4368,FN,False,1976.1322919985105,0.009259259259259259,0.07741812501876048,0.03015752106904171,0.0,0.456818653601009
4369,TP,True,2022.9617499990127,0.018518518518518517,-0.01055717073696641,0.0008214097297142287,0.0,0.406752650462619
4383,FN,False,2041.8717499997001,0.018518518518518517,0.6777613187802551,0.049712564225500355,0.0,0.5813911228249112
4395,FN,False,2015.8105839982454,0.018518518518518517,0.2148559413472688,0.00949514293422827,0.0,0.5065536291455053
4402,FN,False,2026.4831249987765,0.009259259259259259,0.6129496635092136,0.039913965607175333,0.0,0.4627960504574974
4415,TP,True,2033.7382920006348,0.018518518518518517,-0.02190066285593296,0.00781783376858125,0.0,0.12999125291730687
4434,TN,True,2032.1562499993888,0.018518518518518517,0.21766803329266773,0.07478274334596319,0.0,0.09870370158571007
4436,TN,True,2024.1532920008467,0.018518518518518517,0.5257325486005904,0.01867733851511573,0.0,0.9759575253006996
4444,TP,True,1995.9685410012753,0.018518518518518517,0.6853142326741971,0.2620279198811154,0.0,0.2606624561439743
4450,FP,False,1994.1122919990448,0.018518518518518517,-0.030247562790796715,0.005423107747838163,0.0,0.08912212445416878
4474,TP,True,1996.8010419997881,0.009259259259259259,-0.00482551299445902,0.0008389901462619864,0.0,0.7499935516042311
4481,TP,True,2017.3703330001445,0.018518518518518517,-0.009433822630934934,4.360422611870973e-08,0.0,0.48004540046712024
4491,FN,False,2000.1133330006269,0.018518518518518517,0.8758173127185186,0.429440593688404,0.0,0.3690530521660202
4503,FN,False,1993.3570840003085,0.018518518518518517,0.6685772380604464,0.039170006977895175,0.0,0.44967694443568595
4513,FN,False,1995.017666999047,0.009259259259259259,0.26117954113763003,0.04192023775397556,0.0,0.4653569814284123
4520,FP,False,2080.183999998553,0.018518518518518517,0.03585233622333107,0.021025736411868,0.0,0.08433278831441617
4521,FN,False,2041.6457089995674,0.018518518518518517,-0.02559402527108562,0.013645391927981754,0.0,0.12342609490373305
4528,TP,True,2110.2071660006914,0.018518518518518517,0.3489021722617185,0.1004100431310786,0.0,0.20881912496481855
4538,TN,True,2067.650749999302,0.009259259259259259,0.2026902620869203,0.004649828327577259,0.0,0.9244141909598463
4548,FP,False,2018.296874997759,0.018518518518518517,-0.020193817307252202,0.12191472055604197,0.0,0.02221892626435216
4570,TP,True,2055.618415999561,0.018518518518518517,-0.040014724445121094,0.0023788698341302705,0.0,0.024461459629150594
4573,TN,True,1978.1132499992964,0.018518518518518517,0.06161901334372413,0.04866893856789756,0.0,0.1804228985253789
4606,FN,False,1992.467083997326,0.018518518518518517,0.4256633247777626,0.05342803577041877,0.0,0.36878281524872353
4613,TN,True,2062.5929160014493,0.018518518518518517,0.08613471380194229,0.005549406966841627,0.0,0.46408389969977715
4655,FP,False,2010.0866249995306,0.018518518518518517,0.6680302814118385,0.353791274910867,0.0,0.05634480344942689
4672,FP,False,2042.1322920010425,0.018518518518518517,-0.03244481693562608,0.004382985361463421,0.0,0.015877001207120125
4690,FN,False,2003.5354999999981,0.018518518518518517,0.14006986329392485,0.02048080880333719,0.0,0.548415047091216
4694,FP,False,2027.344333997462,0.009259259259259259,-0.01714977454470884,0.03340508869924652,0.0,0.04082131798555791
4705,FP,False,2037.9197920010483,0.009259259259259259,0.22138594128059252,0.1032405292405939,0.0,0.15293562790082435
4729,TN,True,2085.8177080008318,0.018518518518518517,0.20810608131709735,0.005732169357311197,0.0,0.9884530144299103
4731,FP,False,2006.5462499987916,0.018518518518518517,-0.048885331862827515,0.14013243360580713,0.0,0.036747868245168805
4755,TN,True,2013.0370419974497,0.009259259259259259,0.1725163958981302,0.010681275565173703,0.0,0.8521059543326539
4760,FN,False,2003.7401670015242,0.009259259259259259,-0.001925206482936616,0.015885751611118243,0.0,0.3415951545734139
4765,FP,False,2004.2026250011986,0.018518518518518517,0.004543192745365118,0.020031378508445608,0.0,0.13730398352679712
4786,TN,True,2060.4216660012753,0.018518518518518517,0.2190324731307932,0.02160672074857206,0.0,0.5671269446202517
4793,FP,False,2055.6525419997342,0.018518518518518517,-0.013312140830089327,0.008680717849851916,0.0,0.258165080735179
4809,TP,True,2002.6858330002142,0.009259259259259259,0.002325561178805442,0.00974237078904494,0.0,0.36793225811268604
4840,FN,False,1990.9342079990893,0.018518518518518517,0.48759235506988086,0.22317836800361263,0.0,0.10622749003815928
4856,FN,False,2147.397084001568,0.009259259259259259,0.4293460963788605,0.18803073904329248,0.0,0.15874707449472558
4860,FN,False,2005.1582500018412,0.018518518518518517,0.2672011970668445,0.020325341734743124,0.0,0.6459080022906633
4861,FN,False,1966.8305419982062,0.009259259259259259,0.11497475096051923,0.009035607614998997,0.0,0.48053752028541313
4863,FN,False,2029.3885409992072,0.018518518518518517,-0.00484453445705087,0.035601988072703095,0.0,0.05435739824626352
4873,FP,False,2030.1229579999927,0.018518518518518517,-0.023738231277002655,0.009563128612674499,0.0,0.04995440229815675
4887,TP,True,2046.3109580014134,0.018518518518518517,0.007179767180434667,0.02139873929691738,0.0,0.2126212698155763
4924,TP,True,1973.544167,0.018518518518518517,-0.003930366131693687,0.010191154629296872,0.0,0.1239604688855701
4934,TP,True,2027.452207999886,0.009259259259259259,-0.01786244693555069,0.004292231250532685,0.0,0.2958623405436344
4943,FN,False,2129.8148749992833,0.009259259259259259,0.7605241090173752,0.036337114485059815,0.0,0.48120628296708
4947,FN,False,2008.3412919993862,0.018518518518518517,0.4644014139603133,0.07394390269516243,0.0,0.1474117612086319
5001,FN,False,2032.6240829999733,0.018518518518518517,0.635400311368051,0.046333817159626395,0.0,0.8509479871827715
5008,TN,True,2131.5679170002113,0.009259259259259259,0.09943675046686894,0.0055530604742103015,0.0,0.963689942025498
5028,FN,False,1984.7854170002392,0.018518518518518517,0.6511031621985186,0.010937003257087546,0.0,0.6355244807675551
5032,TP,True,2098.912207999092,0.018518518518518517,0.806652674727362,0.3335732298203923,0.0,0.20907384309009294
5034,TN,True,2157.7581250021467,0.018518518518518517,0.21152774636518254,0.010802556104901925,0.0,0.8537376544457193
5066,TP,True,2025.3670840011182,0.009259259259259259,0.8369703127597282,0.3789632073629787,0.0,0.12400693651876786
5075,FN,False,2018.9886250009295,0.018518518518518517,-0.02131883497191244,0.0008415376072178904,0.0,0.11174693474023095
5083,TN,True,2073.599542000011,0.018518518518518517,0.19086235162334847,0.023504069287368562,0.0,0.4814301570398253
5091,TP,True,2091.0830420007187,0.018518518518518517,-0.005733809449813618,0.0010771430573678353,0.0,0.3381888015409567
5101,FP,False,2069.7808749973774,0.018518518518518517,0.5764787578016968,0.22225601697858466,0.0,0.04328785044995814
5108,TN,True,2091.4755420017173,0.018518518518518517,-0.011504808985334153,0.014055263002523577,0.0,0.09987135025927658
5166,TP,True,2071.6642500010494,0.018518518518518517,0.5638598730537175,0.20693582070674132,0.0,0.22194876362564375
5194,TN,True,2022.3609999993641,0.018518518518518517,0.5092255911877505,0.2550604434482417,0.0,0.2650908500075169
5199,TN,True,1995.0913749999017,0.018518518518518517,0.895831272799027,0.5568801337834002,0.0,0.5209969462996877
5204,FP,False,2012.8061659997911,0.018518518518518517,-0.007400141881082658,0.007499441506678806,0.0,0.18264167332438638
5212,FP,False,2061.6901249995863,0.018518518518518517,-0.0010100965972091244,0.02567179005948672,0.0,0.09118873700656362
5214,FP,False,2031.1917500002892,0.018518518518518517,0.034399722080473635,0.10194093590413655,0.0,0.16839002386287552
5221,TP,True,2057.675458000631,0.009259259259259259,0.5814172866360131,0.17096589581913124,0.0,0.23632710919623237
5233,TN,True,2069.900541999232,0.018518518518518517,0.3907880062228824,0.0207421198718373,0.0,0.980613923367021
5241,FN,False,2007.3680420027813,0.018518518518518517,0.009697622597165403,0.006751222655532713,0.0,0.3923557647148221
5267,TN,True,2182.586375001847,0.009259259259259259,0.18462792845729817,0.016570795005469846,0.0,0.9883374454460019
5274,FP,False,2048.639208001987,0.009259259259259259,-0.031071095384219566,0.0,0.0,0.025000608785563955
5279,FN,False,1991.9100000006438,0.009259259259259259,0.0045039681092666674,0.054564681813134036,0.0,0.18150671681118904
5284,FN,False,2114.342625001882,0.018518518518518517,0.006248583684724994,0.006640159069476126,0.0,0.2186843328226055
5287,FN,False,2048.910749999777,0.018518518518518517,0.6823150695736442,0.06790547065833794,0.0,0.5751433493655441
5296,FN,False,2048.9528340003744,0.009259259259259259,0.40347743541875153,0.02199939730457323,0.0,0.8473191117914608
5299,TP,True,2044.23479199977,0.009259259259259259,0.02068932746240746,0.08100731197994315,0.0,0.35520829362030865
5305,FP,False,2100.8244170006947,0.009259259259259259,-0.024630103495521288,0.005167998772227067,0.0,0.02857142857142857
5329,FN,False,2035.873166998499,0.018518518518518517,0.6534750037257324,0.07216507015423665,0.0,0.2920558798044259
5358,FN,False,2028.2148750011402,0.018518518518518517,-0.004017632415445785,0.05981813446087847,0.0,0.10908136646550327
5383,FP,False,2098.8599579977745,0.018518518518518517,0.024691553376498625,0.25819515231226664,0.0,0.26300263348960695
5392,FN,False,1993.7670420003997,0.018518518518518517,0.24726491362772793,0.013656361982177137,0.0,0.36497752178285964
5408,FN,False,2019.5833750003658,0.009259259259259259,0.19732658049729143,0.013653110885402844,0.0,0.5608926746385366
5414,TP,True,1992.0532910000475,0.018518518518518517,0.11971227360047065,0.08347746096137398,0.0,0.32097962760727067
5426,TN,True,2049.2004999996425,0.018518518518518517,0.06868512673540637,0.009673001036122855,0.0,0.9876553270450045
5428,FN,False,2001.00937499883,0.018518518518518517,0.18079445942628053,0.01254451292903938,0.0,0.48409067835466113
5438,FN,False,2026.2210830005642,0.018518518518518517,0.6362367868697761,0.05130874740429944,0.0,0.7670657708850336
5461,TN,True,2113.1014579987095,0.018518518518518517,0.6303528053388099,0.04380116520085131,0.0,0.6326846392654428
5481,TP,True,2024.7607080000307,0.009259259259259259,-0.013526364319112952,0.013642873591036109,0.0,0.16107803946682225
5493,FP,False,2020.8620829980646,0.018518518518518517,0.10071288876725108,0.05014474290317883,0.0,0.03336016877496597
5514,TP,True,2027.0605000005162,0.018518518518518517,0.6401174913334027,0.3251604177202895,0.0,0.06955855492147626
5541,TN,True,2023.8559580011497,0.009259259259259259,0.03211289003643349,0.00842733713073892,0.0,0.9500630669586063
5548,TN,True,2017.987166000239,0.018518518518518517,0.017587499252090362,0.0025698040362071434,0.0,0.9970790232659057
5555,TN,True,2022.7274580010999,0.009259259259259259,0.5740166159229093,0.0876147180637814,0.0,0.9854630605147733
5594,TN,True,2076.4422499996726,0.018518518518518517,0.06270391524860117,0.0032287731240215577,0.0,0.9829648657869882
5601,FN,False,2015.1297920019715,0.018518518518518517,0.21094786722728032,0.02358146276310355,0.0,0.5208418368899824
5602,FP,False,2069.8947080018115,0.018518518518518517,0.10536449080653724,0.02169931047798712,0.0,0.13604601167877223
5604,FN,False,1994.5873750002647,0.018518518518518517,0.32180995883001956,0.014413024155213033,0.0,0.980405297467348
5613,TN,True,2175.354791001155,0.009259259259259259,-0.0009087457734431089,0.00598157893684971,0.0,0.9934995907273567
5619,TP,True,2064.388916000098,0.009259259259259259,0.18983697257527699,0.026498513138184743,0.0,0.30293177173668745
5621,FN,False,1973.1697919996805,0.018518518518518517,-0.007097601747798804,0.013358452687727562,0.0,0.02675141922072962
5640,FP,False,2016.3720839991583,0.018518518518518517,0.031075243940474884,0.01623851099807061,0.0,0.2397342081117232
5643,FP,False,2086.975207999785,0.009259259259259259,-0.025455801749653346,0.0059671072186271434,0.0,0.0640848880757765
5654,TN,True,2046.0514999995212,0.018518518518518517,0.15297709302367432,0.0016334957484307328,0.0,0.9878799419513676
5672,FN,False,1990.4932919998828,0.018518518518518517,0.2909812064113102,0.0458792983405813,0.0,0.3413951022143723
5684,FN,False,1992.99450000035,0.018518518518518517,0.280134025525224,0.025552151266570025,0.0,0.9943662396496489
5698,FP,False,2075.175666999712,0.009259259259259259,-0.014931026102418163,0.0016329421459790883,0.0,0.20366761588063462
5716,TN,True,2029.4825410019257,0.018518518518518517,0.4286015776872645,0.0002891596015789852,0.0,0.9958251215609157
5717,TP,True,2028.6702499997773,0.018518518518518517,0.2851502307445438,0.0629902094359186,0.0,0.2715048819244585
5726,TP,True,2106.894000000466,0.018518518518518517,0.2544236410993821,0.05980668322246374,0.0,0.2805926099644318
5727,TN,True,2013.0497089994606,0.018518518518518517,0.08133096236237042,0.002099552461299989,0.0,0.994452380039146
5732,TN,True,2051.9229999990785,0.018518518518518517,0.16729285137040842,0.012766452658934932,0.0,0.853836345539341
5748,TP,True,2071.146582999063,0.018518518518518517,0.7256579865740885,0.06198488133039948,0.0,0.48223903684992336
5755,FN,False,2042.1582500021032,0.018518518518518517,0.22560155559299977,0.015033338821902067,0.0,0.6465216458623557
5756,FP,False,2013.7098750019504,0.018518518518518517,-0.034338335348050884,0.0003414077604458887,0.0,0.020883458128239565
5780,FP,False,2009.3814169995312,0.018518518518518517,0.7520200070373969,0.3121145866487103,0.0,0.19044870019529822
5781,TP,True,2041.4844170009019,0.009259259259259259,0.0006922790540602325,0.005690464578410381,0.0,0.28840320777975975
5787,TN,True,2136.2002919995575,0.009259259259259259,0.19820962083495622,0.009208548344288331,0.0,0.9587630308391571
5816,FP,False,2040.3670000014245,0.018518518518518517,0.09582334608687446,0.040293348549860664,0.0,0.15966456622416877
5837,TN,True,2045.724125000561,0.018518518518518517,0.38350069904942674,0.002314968980980464,0.0,0.9857160949458574
5849,FN,False,2007.7506669986178,0.009259259259259259,-0.03137887161929158,0.001298799099101522,0.0,0.027779177037706396
5850,TN,True,2088.6091659995145,0.009259259259259259,0.44681943030494475,0.007328834022594169,0.0,0.9872696446251344
5880,TP,True,2001.439166999262,0.018518518518518517,-0.054021925983866306,0.00528020217963221,0.0,0.031719631774425966
5890,TP,True,2098.1780419988354,0.018518518518518517,0.029966341142507593,0.029819631483397613,0.0,0.1896675618861148
5898,TN,True,2056.031375001112,0.018518518518518517,0.027676444993823338,0.0017363567509060124,0.0,0.9631889256932625
5923,FP,False,2027.7022080008464,0.009259259259259259,-0.03572867298845658,0.10129092794362554,0.0,0.02840084456658752
5926,TN,True,2102.981624999302,0.009259259259259259,0.07640171383020539,0.008415840758108917,0.0,0.9229798368045197
5936,TP,True,2018.6444999999367,0.018518518518518517,-0.02819777351295516,0.005666030993530802,0.0,0.1706294502513302
5991,FN,False,2069.413708999491,0.018518518518518517,0.06626605053790334,0.05802140849382925,0.0,0.037423279695303756
5997,TN,True,2009.8544590000529,0.018518518518518517,0.2242727176319167,0.016594276176229217,0.0,0.7404552453925768
6000,TP,True,2102.91404200143,0.009259259259259259,-0.009345451616551053,2.7911230084942673e-06,0.0,0.5215847971088773
6003,FN,False,2012.7704579936108,0.018518518518518517,0.6082529228885442,0.05347059612780475,0.0,0.5595666283214605
6015,TP,True,2013.29879199875,0.018518518518518517,-0.046439676787150684,0.03888789649685853,0.0,0.010261280083472352
6042,TP,True,2186.311999999816,0.018518518518518517,-0.007470112447369991,0.00027229628172875664,0.0,0.3234958169100783
6044,FN,False,1993.5218749997148,0.009259259259259259,0.5763176365408729,0.20652444139014786,0.0,0.1221564314161484
6046,TP,True,2029.761249999865,0.018518518518518517,-0.006095652623487697,0.017280994905026437,0.0,0.16230316230218286
6059,TP,True,2044.802874999732,0.009259259259259259,-0.032146442910583835,0.0005454914878608719,0.0,0.04024487056783421
6060,TP,True,2021.366750001107,0.018518518518518517,-0.015562081099845868,0.00025287291307585225,0.0,0.22420432791450706
6085,FP,False,2103.189375000511,0.018518518518518517,0.02630161490339738,0.041456147399591914,0.0,0.025495084408531047
6088,TP,True,2040.9229590004543,0.009259259259259259,0.03134004498755128,0.021918981509103652,0.0,0.46141222504804197
6089,TP,True,2092.9008330003853,0.018518518518518517,0.15644123841328655,0.32213402801010876,0.0,0.04219408912455549
6127,FP,False,2035.5552500004706,0.018518518518518517,-0.03216105300910405,0.00835983770422144,0.0,0.03728455972128123
6137,FP,False,1985.4785419993277,0.009259259259259259,0.4468663585636556,0.13370463179150127,0.0,0.0380429102690096
6151,TN,True,2041.6401249985938,0.018518518518518517,0.125046585997265,0.006379801424424805,0.0,0.9818304125932648
6163,TP,True,2094.62616699966,0.018518518518518517,-0.047428682502016796,0.15048529746059486,0.0,0.05914101917233895
6166,FN,False,2035.346667005797,0.018518518518518517,0.022431552414451383,0.008261924319649866,0.0,0.22667647110790812
6207,FP,False,2082.720000002155,0.018518518518518517,0.4850952682487421,0.20378771337252094,0.0,0.02017912710071169
6208,FP,False,2060.9339170005114,0.009259259259259259,0.8219133162607851,0.29303781869972545,0.0,0.11220571782525181
6215,FP,False,2062.5202909977816,0.018518518518518517,-0.023156791567619,0.011260703406458905,0.0,0.07078150508323218
6240,TP,True,2151.9352919985977,0.018518518518518517,0.5174409818281989,0.3134516173922828,0.0,0.08262232704239522
6256,FP,False,2063.5077919978357,0.018518518518518517,0.7556115012977619,0.2734114366731214,0.0,0.14778397537204302
6264,FN,False,2025.6917500009877,0.018518518518518517,0.5276885966635951,0.20208252649748465,0.0,0.6345863642065139
6284,TN,True,2057.3691249992407,0.009259259259259259,0.09296577764526945,0.01006587123436617,0.0,0.5161602472489469
6294,FP,False,2013.3355420002772,0.018518518518518517,0.6436679378478811,0.4190559789893353,0.0,0.03040649107981227
6320,TN,True,2068.2153750003636,0.009259259259259259,0.3253076923136013,0.02537156485161758,0.0,0.8505520037590887
6347,TP,True,2101.503417001368,0.018518518518518517,-0.015537217381932105,0.00014363890733049,0.0,0.13350891936526169
6372,TN,True,2049.8826670009294,0.018518518518518517,0.47018294196436683,0.015583743286306864,0.0,0.9717230137952517
6387,FP,False,2079.6251669999037,0.018518518518518517,0.5617974822232386,0.26703622710910857,0.0,0.0813478153165981
6400,FP,False,2029.6747499996854,0.009259259259259259,0.0580052889181754,0.027379034691648263,0.0,0.15361302860753226
6401,TP,True,2061.693333000221,0.009259259259259259,0.8896106844214426,0.42028510530026564,0.0,0.2544452119017377
6402,FN,False,1997.7297910008929,0.018518518518518517,0.59457731880581,0.07981308179414531,0.0,0.625627964240399
6427,FP,False,2086.177500001213,0.018518518518518517,-0.02076977058080854,0.002077855105663051,0.0,0.17435925858041357
6451,FN,False,2013.1850420002593,0.009259259259259259,0.09306721088062392,0.039168210712462403,0.0,0.23745095684253778
6459,TN,True,1995.7552080013556,0.009259259259259259,0.6004953597805964,0.0375834176812021,0.0,0.7460480619563062
6468,FN,False,2155.332999998791,0.018518518518518517,0.22745486406993898,0.051781515522600075,0.0,0.056509601834031524
6489,TN,True,2016.2547920008365,0.009259259259259259,0.16702909032516344,0.008790191120606729,0.0,0.8482714487365047
6490,TP,True,2068.7451670000883,0.018518518518518517,0.639592974716009,0.23547712044044966,0.0,0.14882572041859218
6494,TP,True,2029.8367920004239,0.018518518518518517,0.49111099941393255,0.17182387868132276,0.0,0.1466281715742797
6496,FN,False,2076.9382920007047,0.018518518518518517,0.22570061398987157,0.019936341504838986,0.0,0.43583019195608635
6519,FN,False,2025.9997909997765,0.018518518518518517,0.3335044136288487,0.07946376008001621,0.0,0.33927052786311584
6537,FP,False,2001.1550829985936,0.009259259259259259,0.5671833923018612,0.2914411736061017,0.0,0.06294380688043791
6544,TN,True,2039.891541000543,0.018518518518518517,0.14747762978778786,0.01027690228511395,0.0,0.9964480021953603
6547,TN,True,2143.693041998631,0.009259259259259259,0.12392270400909138,0.003473010598052967,0.0,0.9952828105597493
6552,FN,False,2122.7300409955205,0.018518518518518517,0.5299019142922737,0.03786836383264512,0.0,0.5958005190680837
6567,FN,False,1985.2861250001297,0.018518518518518517,0.2819241986640415,0.026920042987075232,0.0,0.6534041165573305
6582,FP,False,2062.7477499983797,0.018518518518518517,-0.03660754903303861,0.017054663419114213,0.0,0.02214782572247912
6590,TP,True,2078.56591700056,0.018518518518518517,0.32739102972894946,0.25906442403424623,0.0,0.8641794541386507
6604,FN,False,1994.9072910021641,0.018518518518518517,0.04044521116151111,0.01262285386758974,0.0,0.2526390223605129
6613,FP,False,2141.4332910026133,0.018518518518518517,-0.0010677713973240746,0.04036395031413964,0.0,0.1679274520373244
6626,TP,True,2019.5914579999226,0.018518518518518517,-0.018683707498565967,0.00452542791635957,0.0,0.29393548274138476
6634,FP,False,2039.0022909996333,0.018518518518518517,0.7020146179513365,0.3489306618993152,0.0,0.14181543272443567
6642,FP,False,2026.8002080010774,0.018518518518518517,-0.0415509068196286,0.015127615129177263,0.0,0.04536875327768399
6648,TN,True,1998.905125001329,0.009259259259259259,0.04921673719400029,0.031623658083354766,0.0,0.047382855531844785
6668,TN,True,2000.3724160014826,0.009259259259259259,0.14130523713781903,0.0073869969331651145,0.0,0.9926835045183986
6674,FP,False,2081.2893330003135,0.018518518518518517,0.003707043639250899,0.014722145216828575,0.0,0.06026908748037007
6686,TN,True,2018.1923750023998,0.018518518518518517,0.18612176047450413,0.008219090944810548,0.0,0.9319727305009425
6718,TP,True,2199.3664159999753,0.018518518518518517,-0.022007721391649415,0.0025625405649748467,0.0,0.13080557108869417
6720,TN,True,2117.5000830007775,0.018518518518518517,-0.030388175425792432,0.00872890014486466,0.0,0.060341380302597086
6726,TN,True,2002.039082999545,0.018518518518518517,0.18808720523193542,0.006199309783545999,0.0,0.9796541136937948
6730,FN,False,2005.0473750015954,0.018518518518518517,0.5349911818287849,0.06722136089546993,0.0,0.29425000027381054
6732,FN,False,2017.6206670003012,0.009259259259259259,0.01913934367432011,0.08253176074562518,0.0,0.200378194748185
6735,FP,False,2016.3264169968897,0.009259259259259259,0.016618062954901584,0.015093700445181768,0.0,0.37453179461651226
6738,FP,False,2073.860207998223,0.018518518518518517,0.06427328099728702,0.03041895344255774,0.0,0.07545048640358559
6740,FN,False,1982.6267499993264,0.018518518518518517,0.11898990080636737,0.06087345824177132,0.0,0.11091017037598026
6744,TP,True,2030.024582999431,0.009259259259259259,-0.0036702267612770947,0.0014291461458315613,0.0,0.24933520210001794
6749,TN,True,2222.499625000637,0.018518518518518517,0.25894451433540033,0.006839449240981482,0.0,0.9895166888486832
6750,FN,False,2004.4875829989905,0.018518518518518517,0.01669980672104373,0.017414188986153295,0.0,0.4006556625873215
6753,TN,True,2110.79200000313,0.018518518518518517,0.2568818013937183,0.021426946396135016,0.0,0.8338709650024351
6756,TP,True,2076.789958000518,0.018518518518518517,-0.018794535748831956,0.0031421535533967537,0.0,0.07877245469012172
6763,FP,False,2074.383291997947,0.018518518518518517,0.014766179306927987,0.011781389454623592,0.0,0.07513279098707684
6764,TN,True,2025.039582998943,0.018518518518518517,-0.019152450091796676,0.00038197024879893515,0.0,0.9893743071315403
6767,FN,False,2016.3588750001509,0.018518518518518517,0.0965066343618769,0.015196037225641529,0.0,0.3982477535721936
6768,FN,False,1986.8233339984727,0.009259259259259259,0.2306971216735068,0.04882230340347607,0.0,0.4239774850081136
6775,FN,False,2035.9627090001595,0.009259259259259259,0.6030519022514947,0.03589152859322156,0.0,0.5876155265808806
6776,TN,True,2015.780707999511,0.018518518518518517,0.3940469054447315,0.006107990093211731,0.0,0.9762790790676161
6792,FN,False,2005.9231250015728,0.009259259259259259,0.27544058036998015,0.017980578115233792,0.0,0.09264173333142944
6793,TP,True,2018.41450000029,0.018518518518518517,0.32899518150893503,0.06881971277545562,0.0,0.1879706550288526
6797,FN,False,2026.2089589996322,0.018518518518518517,-0.030650477243893436,0.012710558828757434,0.0,0.1291560456161819
6816,FN,False,1982.8354170022067,0.009259259259259259,0.025521248907919045,0.01416391336483655,0.0,0.5178259434088911
6823,FP,False,2081.735708998167,0.018518518518518517,-0.01643641035102216,0.005215448968640346,0.0,0.12249143501995256
6837,FN,False,2005.2896249981131,0.009259259259259259,-0.008120948389310658,0.02274315098409163,0.0,0.3465570610588602
6843,FN,False,1998.2159580031293,0.018518518518518517,0.5518492723417268,0.038215145062020395,0.0,0.5766206285404053
6858,FP,False,2100.247541999124,0.018518518518518517,-0.01876990201637091,0.00848557952750606,0.0,0.0075595462708631786
6876,FP,False,2004.1482500018901,0.018518518518518517,-0.021238268475723143,0.00722760930298072,0.0,0.14869450395077582
6877,FN,False,1988.4108750011364,0.009259259259259259,0.1483027125034484,0.04941889268130267,0.0,0.07475108174469108
6905,TP,True,2013.4302910009865,0.009259259259259259,-0.0052383674747155055,0.02625930406180821,0.0,0.1880453910819721
6913,TN,True,2111.7751249985304,0.018518518518518517,0.12985191012698216,0.01749103616639769,0.0,0.8606498420437104
6921,TP,True,2097.441500000059,0.009259259259259259,0.82669138269736,0.37053196191632554,0.0,0.09278354532933836
6951,FP,False,2003.7992079996911,0.018518518518518517,0.10626225702168915,0.08218245266799817,0.0,0.056509185839543716
6961,FP,False,2042.5783750033588,0.018518518518518517,0.08347510312205836,0.07763048374927495,0.0,0.2168545143068577
6968,TN,True,2011.8673329998273,0.018518518518518517,0.1488778512873129,0.01807529019276502,0.0,0.8535431055199152
6976,FP,False,2107.6498330003233,0.018518518518518517,-0.008181356884949038,0.029266491196880073,0.0,0.022947679361798225
7010,FN,False,1995.471374997578,0.018518518518518517,0.5011026141974283,0.0452008987336866,0.0,0.428825479354318
7015,TN,True,2011.6235419991426,0.018518518518518517,0.1842198967506476,0.0071341738329404325,0.0,0.9808667685911084
7027,FN,False,2046.3992910008528,0.018518518518518517,0.23508336510564218,0.01970387900422446,0.0,0.5508597866524478
7031,FN,False,2022.604792000493,0.009259259259259259,0.03580342664246322,0.006851004753182899,0.0,0.4327099312788156
7041,TN,True,2016.3009579991922,0.009259259259259259,0.07669075352736829,0.019129535662778974,0.0,0.5704360965551195
7049,FN,False,2028.6592500015104,0.018518518518518517,0.36278345822977714,0.05385009385517625,0.0,0.16115568100232716
7052,FP,False,2093.8767500010727,0.009259259259259259,-0.012283090759669456,0.001196053525185814,0.0,0.22881471045598498
7059,TN,True,2007.5939999987895,0.018518518518518517,0.1977445573629645,0.055980278434332065,0.0,0.5222530280755703
7073,TP,True,2134.6380840004713,0.009259259259259259,0.09840092819799379,0.030974429170081086,0.0,0.3607018005794435
7080,TP,True,2047.1631660002458,0.018518518518518517,-0.005601986283325141,0.10777522862771871,0.0,0.03270181945233527
7082,TP,True,2043.3864999995421,0.009259259259259259,-0.006385382537394844,0.00946119321642569,0.0,0.26954328519842885
7084,TP,True,2053.2562080006755,0.009259259259259259,0.15067376245459546,0.06948407720116445,0.0,0.09078670835859995
7092,TP,True,2133.550041999115,0.018518518518518517,0.78023211540826,0.585810526763207,0.0,0.2756048778933217
7106,FP,False,2012.7253339996969,0.018518518518518517,-0.025125111117338877,0.00018367991432410857,0.0,0.17447800357116672
7107,TP,True,2087.5239169999986,0.018518518518518517,0.1028473632238743,0.1655424052356288,0.0,0.059019647213393915
7111,TP,True,2099.8000409999804,0.018518518518518517,-0.019902830254716605,0.005256231130266076,0.0,0.0889222002150455
7113,FN,False,2016.4936250002938,0.009259259259259259,0.2080253257780912,0.057971033886337064,0.0,0.4265320220654787
7141,TP,True,2028.7262090005242,0.018518518518518517,-0.010207996584400945,1.9844898080378925e-07,0.0,0.4806953562692823
7161,TP,True,2209.465582998746,0.018518518518518517,0.3724456874909028,0.19145798853419893,0.0,0.26019903808520106
7227,FP,False,2000.8517919995938,0.018518518518518517,-0.019698239290042642,0.009743939308857419,0.0,0.17571864737928614
7233,FP,False,2036.0809579979104,0.018518518518518517,0.23379470511345685,0.10133902555156948,0.0,0.028268530262788322
7243,FN,False,2012.4011249972682,0.018518518518518517,0.018156519587556288,0.021672051066541936,0.0,0.30619763715460463
7245,FN,False,1997.6695420009491,0.018518518518518517,0.4730742088646774,0.05083544523988176,0.0,0.5147848628998383
7256,TP,True,2029.0280000008352,0.009259259259259259,0.4783008851451857,0.1482354963524174,0.0,0.37540713553307
7268,TN,True,2040.4087909992086,0.009259259259259259,0.111586124556111,0.005027455948963394,0.0,0.4823716788433708
7292,TN,True,2030.094875000941,0.009259259259259259,0.03509871861484874,0.007506464174532768,0.0,0.3924431688713319
7297,FP,False,2097.0033749981667,0.018518518518518517,-0.03471587406504954,0.007223964999005461,0.0,0.00951677312090718
7302,FN,False,2022.137665997434,0.018518518518518517,0.37514626923079597,0.018978737153423422,0.0,0.8552338432411325
7308,TN,True,2123.5550829987915,0.018518518518518517,0.3204647559335204,0.01776473436687813,0.0,0.9911026183860049
7310,FP,False,1988.952874999086,0.009259259259259259,0.10800449371981133,0.07457900125664352,0.0,0.07147328369943762
7313,TP,True,2028.7376249998488,0.018518518518518517,0.04880464369377379,0.03761887289696064,0.0,0.45850760037290356
7326,TN,True,2005.847165997693,0.018518518518518517,0.040487296730932855,0.018651412015856572,0.0,0.4843477755265554
7348,FN,False,2003.4923749990412,0.018518518518518517,0.469462749321931,0.1514827698924347,0.0,0.11027769022051954
7361,FN,False,2008.82279200232,0.018518518518518517,0.1677359306709253,0.07498981303230334,0.0,0.2034635890215282
7362,FN,False,2005.2930419988115,0.018518518518518517,0.23748721435758896,0.042603544382441544,0.0,0.5666327088301654
7372,TP,True,2069.0933330006374,0.009259259259259259,0.19407619744829985,0.08367905131421638,0.0,0.27133195867460896
7376,FP,False,2067.737000001216,0.018518518518518517,2.618027480222546e-05,0.0050387954766719645,0.0,0.12812756061785716
7381,FN,False,1974.833000000217,0.018518518518518517,0.15251333768211478,0.028738108710974486,0.0,0.3471125902002262
7390,TP,True,2120.284291999269,0.018518518518518517,0.5285011499012798,0.13222758577373528,0.0,0.35764310953133693
7394,FP,False,2020.8617500029504,0.009259259259259259,-0.028054549439134255,0.0009968730955971505,0.0,0.03839999793866357
7397,TP,True,2058.0932500006384,0.018518518518518517,0.020617498228674428,0.039037390652010506,0.0,0.07639104975470172
7399,FN,False,1995.8433749998221,0.018518518518518517,0.24621398915762133,0.029167467452554968,0.0,0.8434752271522394
7406,FP,False,2062.790666001092,0.009259259259259259,0.03341935389397717,0.0293287776850627,0.0,0.03865610864703751
7431,TN,True,2006.2444169998344,0.009259259259259259,0.11588598291321073,0.009822161806605126,0.0,0.652408101778849
7479,TN,True,2044.47295799946,0.018518518518518517,0.024556193431994375,0.008294617634824364,0.0,0.35606191927080955
7487,TN,True,2052.518833999784,0.018518518518518517,0.21375671579116354,0.01612502143466832,0.0,0.6509191919181733
7493,FP,False,2046.3113330006308,0.009259259259259259,0.7684135383113231,0.1682558682522527,0.0,0.37854781168901586
7507,FN,False,1990.3568330009875,0.009259259259259259,0.3334972394622108,0.008172833040580418,0.0,0.44231870647139837
7562,TN,True,2030.6959170011396,0.009259259259259259,0.42846484180972494,0.01765329225937079,0.0,0.9862018433594052
7570,TN,True,2046.2019579972548,0.018518518518518517,0.181672005302065,0.005343104658042892,0.0,0.9963936099652959
7572,TP,True,2213.009457998851,0.009259259259259259,0.7339680395613734,0.2936107213948036,0.0,0.17240182663525006
7575,TP,True,2068.5578749998967,0.018518518518518517,0.00686110958251704,0.06958631362716594,0.0,0.11695149857060477
7584,TN,True,2057.8974170020956,0.009259259259259259,0.11264248861374969,0.0018391937437694933,0.0,0.511834044078444
7589,FP,False,1993.352916000731,0.018518518518518517,0.08262298393109327,0.07132247659138768,0.0,0.06717375116720088
7591,FN,False,2021.9090829996276,0.018518518518518517,0.15079270564607059,0.019054033064728193,0.0,0.9884210954747272
7596,TN,True,2058.091250000871,0.018518518518518517,0.15045727449283855,0.009869970470876309,0.0,0.923961113091613
7609,TP,True,2093.7745420014835,0.018518518518518517,0.8589295897430438,0.1808581452043715,0.0,0.43315752285795606
7618,FP,False,2064.076874998136,0.018518518518518517,0.07826215170783142,0.011954491820921342,0.0,0.10763328208146902
7629,FN,False,2088.092374997359,0.009259259259259259,0.06797939427608889,0.0422609408693214,0.0,0.26449497053783594
7672,FN,False,2008.5207500014803,0.009259259259259259,-0.03318173582457538,0.0014783092887263316,0.0,0.05677021799665611
7673,FN,False,1988.9035839987628,0.018518518518518517,-0.035700334394976614,0.00040170944295148114,0.0,0.3959938516550902
7679,TP,True,2049.250416999712,0.018518518518518517,0.5900094691221008,0.22225235124124165,0.0,0.10732844689968107
7684,FN,False,2007.3563330006436,0.018518518518518517,0.983743216245629,0.7620066037930487,0.0,0.31195715660423057
7700,FP,False,2093.598874998861,0.018518518518518517,0.08656749271129434,0.11924157903844529,0.0,0.02191502246232117
7708,FP,False,2090.163415999996,0.018518518518518517,0.012694867145346355,0.012077581876461574,0.0,0.05357630780898671
7712,TN,True,2057.538500001101,0.009259259259259259,0.09950658746974822,0.02120681866629473,0.0,0.7298483843150245
7748,FN,False,2173.6983750015497,0.018518518518518517,0.15724429641463755,0.02482086598881149,0.0,0.5433985882369997
7765,FN,False,2037.8789169990341,0.018518518518518517,0.24933562806886736,0.0036460599220864975,0.0,0.6522754676038574
7772,TN,True,2088.8169999998354,0.018518518518518517,0.15657443512547742,0.020853143574108474,0.0,0.9888885914633593
7774,FN,False,1976.8319169961615,0.018518518518518517,0.15539498972132293,0.07957617323879865,0.0,0.40577362863663313
7783,FP,False,2036.5884589991765,0.009259259259259259,-0.028017978422372858,0.0035076937396705254,0.0,0.11176224683637803
7820,FN,False,2001.0479580014362,0.018518518518518517,0.20949203086568713,0.03347978251594086,0.0,0.6387975267818079
7834,TN,True,2010.7733750010084,0.009259259259259259,0.19991930973363528,0.013091577058105264,0.0,0.9936005987602956
7843,FN,False,2000.1556249990244,0.009259259259259259,0.2741044191695017,0.028217411829961403,0.0,0.5019089591087437
7845,FN,False,2071.0552080017806,0.018518518518518517,0.5058508823053646,0.0357415106196481,0.0,0.8442939042034349
7866,FP,False,2114.053833000071,0.009259259259259259,0.046799453636385,0.02908115924513832,0.0,0.04251281217036194
7900,TP,True,2062.887832999877,0.009259259259259259,-0.018066348151922103,0.019435440286085015,0.0,0.3558162324555839
7939,FN,False,2000.6195840032888,0.009259259259259259,-0.025037035593870507,0.012900493420375303,0.0,0.02655368268873636
7967,TP,True,2081.7428329992254,0.018518518518518517,-0.008405686919506574,0.0012892594052973383,0.0,0.29207271514606364
7991,FP,False,2048.9178750030987,0.009259259259259259,-0.017349273249440033,0.002254939642807763,0.0,0.01895044131259438
8002,TN,True,2062.08612500086,0.018518518518518517,0.32858701881261565,0.008124848335768223,0.0,0.9729844094155177
8022,FN,False,2119.9264580027375,0.018518518518518517,0.27046761431002275,0.08556529100182036,0.0,0.2279296945767893
8036,TN,True,2070.3713330003666,0.009259259259259259,0.45519350340274567,0.16573118547096194,0.0,0.25929587734936
8048,FP,False,2100.5998330001603,0.009259259259259259,-0.03088283300524029,0.03012841634078245,0.0,0.06002616007468518
8057,FP,False,2349.0150829966296,0.018518518518518517,0.7044129222201533,0.36825102488187245,0.0,0.27242683041799554
8061,FP,False,2114.5176669997454,0.009259259259259259,-0.016883455416292187,0.005192825801080159,0.0,0.1523872702815919
8074,TP,True,2050.396915999954,0.018518518518518517,-0.009613530957073383,7.08872061050414e-08,0.0,0.6483438027647137
8101,FP,False,2209.7956249999697,0.018518518518518517,0.8526593611081662,0.5757141532454775,0.0,0.19741143735503713
8118,TN,True,2073.98749999993,0.018518518518518517,0.023164842199096577,0.003211438059817426,0.0,0.9863520242272354
8137,TN,True,2022.5641659999383,0.018518518518518517,0.3970672996632881,0.016856986375287875,0.0,0.9753873892648875
8140,FN,False,2013.6514169971633,0.018518518518518517,0.2805800928002568,0.15199739965526465,0.0,0.06125242800267938
8152,TN,True,2064.485415998206,0.018518518518518517,-0.01100221442176714,0.002817887501361943,0.0,0.5341974778246582
8154,FP,False,2078.391791001195,0.018518518518518517,0.034028844341312064,0.00940967280409899,0.0,0.13914802008499857
8168,TP,True,2130.3100840004845,0.009259259259259259,0.029518125296193694,0.005962850891334193,0.0,0.16976664608832212
8171,FP,False,2070.1059579987486,0.018518518518518517,0.007990514825154737,0.02074493531499333,0.0,0.1089482175825327
8172,FP,False,2064.6407499989436,0.018518518518518517,0.7192597141126305,0.3630070553207872,0.0,0.17224874660397207
8177,FP,False,2056.243250000989,0.009259259259259259,0.7039906080871591,0.3202535791477461,0.0,0.08514243919034739
8191,TP,True,2020.1399580000725,0.009259259259259259,0.011190992418944973,0.01718991678568793,0.0,0.16087546933721586
8193,TN,True,2030.1122500022757,0.018518518518518517,0.1080520714311553,0.009900392475925099,0.0,0.9662928765867873
8194,FP,False,2010.4823330002546,0.018518518518518517,-0.044036954607254486,0.05110626989238859,0.0,0.0367528470724561
8214,FN,False,1986.3508749986067,0.018518518518518517,0.12701683027927058,0.019905584432519496,0.0,0.3469810808510634
8225,TP,True,2130.6012500008364,0.009259259259259259,-0.0032737464877797325,0.0006596740541563451,0.0,0.23517566146879415
8240,FP,False,2051.2015409985906,0.009259259259259259,0.06659762770734096,0.024608252691689425,0.0,0.45496208039866426
8241,TP,True,2026.7210410002008,0.009259259259259259,0.0010418555836616524,0.01045354711511104,0.0,0.21920351421067574
8245,TP,True,2100.4193750013656,0.009259259259259259,0.6165500373118934,0.1524069922431166,0.0,0.1677126145688748
8254,FN,False,1971.5370829981111,0.018518518518518517,0.1065011111546023,0.013210032825291873,0.0,0.5227809621801021
8263,TN,True,2066.187540998726,0.009259259259259259,0.015223507630892783,0.0019153471983981984,0.0,0.9868220885747571
8276,TN,True,2164.702165999188,0.018518518518518517,0.14572849322757306,0.01983580705699009,0.0,0.9943717072679024
8289,FP,False,2034.250584001711,0.009259259259259259,0.11656919972893731,0.05503464907577349,0.0,0.10835870271787956
8319,FP,False,2001.6841250035213,0.018518518518518517,0.0007111245736613667,0.00042357237004697623,0.0,0.25045780886606245
8324,TP,True,2154.665832998944,0.018518518518518517,0.22947015770695264,0.27562056073717744,0.0,0.32500922173478564
8328,TN,True,2035.3865830002178,0.018518518518518517,0.38727376174042283,0.008722930673896949,0.0,0.9855532165536145
8336,TP,True,2027.429874999143,0.018518518518518517,0.682481065515247,0.20302924212255724,0.0,0.3289768815624327
8349,TN,True,2134.40575000277,0.018518518518518517,0.17709125774147974,0.016627913663767313,0.0,0.9836994045122788
8407,FN,False,1995.032667000487,0.018518518518518517,0.2334013053783051,0.015587606232161544,0.0,0.7495668515950802
8412,TN,True,2014.7204579989193,0.009259259259259259,0.18819467617571908,0.020734075319688572,0.0,0.5256778073942426
8422,FP,False,2076.8139169995266,0.018518518518518517,0.522505181142897,0.5676759648241335,0.0,0.21285551226383814
8431,TN,True,2064.9521249979443,0.009259259259259259,0.0329556733347232,0.00474679121399247,0.0,0.9832039988809588
8433,TP,True,2100.982624999233,0.018518518518518517,-0.0017179348139607824,0.004779620522769923,0.0,0.309747719951663
8450,FP,False,2070.3938330007077,0.009259259259259259,0.016114031327725094,0.022093147735297913,0.0,0.08926525314452836
8460,FN,False,2044.4701249980426,0.018518518518518517,0.004904074539897453,0.030668898298513436,0.0,0.43170899834640636
8462,FP,False,2088.515125000413,0.018518518518518517,0.1941489573396154,0.09625596315403717,0.0,0.026663074743020643
8470,TN,True,2161.4682500003255,0.009259259259259259,0.02738322418067287,0.0072492455775413495,0.0,0.9909152508509816
8509,FP,False,2028.8861250010086,0.018518518518518517,0.0010951743984948777,0.0034046292709823955,0.0,0.2563555014033933
8514,FP,False,1990.833042000304,0.009259259259259259,-0.024973984761292062,0.001050630308630951,0.0,0.012636613599224843
8525,TN,True,2038.9557920025254,0.018518518518518517,0.1301989137754598,0.006183623780217445,0.0,0.9970014777032286
8526,TN,True,2277.4277919997985,0.018518518518518517,0.05462252153888462,0.0016716555679247291,0.0,0.9895611343216555
8534,FN,False,1996.0364590006066,0.018518518518518517,-0.022820190942564468,0.012294882888647163,0.0,0.1460430822386999
8549,TP,True,2014.0947910003888,0.018518518518518517,0.021555434298400667,0.038223835282029106,0.0,0.2444818926495975
8551,FN,False,1997.6908749995346,0.018518518518518517,0.14972001218774936,0.08618096033814077,0.0,0.43978213109747044
8559,TN,True,2001.7000000007101,0.018518518518518517,0.09930637143562605,0.005380523299965037,0.0,0.9673330475029218
8566,TN,True,2014.7154170008434,0.009259259259259259,0.10783617956786748,0.01795726697454772,0.0,0.5780892737166353
8583,TN,True,2022.2568340032012,0.018518518518518517,0.2852075499138646,0.06808105976884427,0.0,0.2734049501460055
8593,TP,True,2151.2523330002296,0.018518518518518517,-0.01029008888435729,5.917803472810235e-07,0.0,0.8643310868815872
8596,TN,True,2016.5388749992417,0.009259259259259259,0.48821096870429287,0.0018312643255892214,0.0,0.9733774915003863
8606,TN,True,2076.7526669988,0.018518518518518517,0.07726194862471003,0.004401901504631468,0.0,0.9823150971599727
8629,FP,False,2055.7838329987135,0.018518518518518517,-0.021063678077671642,0.0015479823813188132,0.0,0.15608993696417126
8637,TP,True,2047.849208000116,0.018518518518518517,0.7533383211237925,0.2662196228716298,0.0,0.13830257138871177
8644,FN,False,2049.893499999598,0.018518518518518517,0.5486690042333972,0.03371602567515426,0.0,0.34860579233248434
8667,FN,False,2150.6265409989282,0.018518518518518517,0.013450338102000726,0.015356941015080505,0.0,0.8605238286474615
8675,FP,False,2038.269249998848,0.018518518518518517,-0.013292945910158567,0.00020165782136594146,0.0,0.021889380174808182
8686,FP,False,2109.841792000225,0.018518518518518517,0.9041668531590411,0.4535384673294307,0.0,0.4272139194697622
8701,FP,False,2012.6453340017179,0.009259259259259259,0.733520966825935,0.36404542671576096,0.0,0.07041031424099256
8703,TP,True,1982.4008750001667,0.009259259259259259,-0.011130978965938454,0.003123675887501065,0.0,0.37963337550807086
8731,FP,False,2013.1435410003178,0.018518518518518517,0.047295255952875564,0.03926180193301798,0.0,0.2788540772441491
8738,TN,True,2031.1579580011312,0.018518518518518517,0.05294898591540664,0.001440590321193369,0.0,0.9147902266892312
8744,FN,False,1999.8927500018908,0.009259259259259259,0.02977804580150973,0.005048278391356575,0.0,0.6499381862288814
8745,FP,False,2032.9651659994852,0.009259259259259259,0.9984624955366252,0.8239218866675944,0.0,0.2892471868956763
8752,TN,True,2081.2065419995633,0.009259259259259259,0.1353265024310017,0.047017879680742,0.0,0.19956540964533556
8794,FP,False,2011.5847919987573,0.009259259259259259,-0.03770523685072356,0.01721078504988005,0.0,0.021679177795760358
8803,TP,True,2104.383082998538,0.009259259259259259,-0.02351693490659241,0.019486144837145947,0.0,0.09424063756989139
8809,TN,True,2014.9867090003681,0.018518518518518517,0.15815977262744055,0.002853869590524749,0.0,0.9719437175653167
8811,TN,True,2057.9932079999708,0.009259259259259259,0.06106023222905135,0.007142750674560515,0.0,0.9681525881480929
8823,TP,True,2128.9736250000715,0.009259259259259259,0.37881567104044844,0.06644920398126719,0.0,0.32025988986019316
8831,TN,True,2041.9321250010398,0.018518518518518517,-0.04513456114797655,5.6578386591829566e-05,0.0,0.9725824151722724
8841,TP,True,2053.7402919999295,0.018518518518518517,0.001143908677533556,0.0007906462815689963,0.0,0.32096640727513925
8856,FN,False,15976.379708998138,0.018518518518518517,0.5235387274096499,0.2301674186281881,0.0,0.0426259809178094
8917,TP,True,2070.4464579994237,0.018518518518518517,-0.025101623742115223,0.0006111610781731613,0.0,0.24065754881310722
8918,TN,True,2199.321542000689,0.018518518518518517,0.1894568896575561,0.006306480699467154,0.0,0.9841224238353652
8919,FN,False,1996.6707499988843,0.009259259259259259,0.14750491212262562,0.015514484206060858,0.0,0.4528195858159665
8924,FN,False,1993.6502079981437,0.018518518518518517,0.6424710200285628,0.05626852767492907,0.0,0.4651096878847434
8931,FN,False,2012.1366669991403,0.009259259259259259,0.13859122916590097,0.06299412312741864,0.0,0.1734056181730093
8940,TN,True,2242.1314580005856,0.018518518518518517,-0.002960072357576455,0.008465960472334139,0.0,0.9352006749141968
8954,FP,False,2047.5629579996166,0.018518518518518517,0.19316430167608178,0.14019247368873766,0.0,0.10645646062383177
8964,FP,False,2074.7692080003617,0.018518518518518517,-0.010164742527723192,0.0070314297240270385,0.0,0.2916014269796044
8971,FP,False,2086.7539579994627,0.018518518518518517,-0.025549172214179794,0.005181379909785733,0.0,0.055554877417240224
8981,TP,True,1981.6247079997993,0.018518518518518517,0.04299153170610815,0.03702902712507894,0.0,0.10264766063651101
8991,TP,True,2076.9050420003623,0.018518518518518517,0.007366595116964968,0.019948826123408647,0.0,0.09481530975882749
8998,FP,False,2019.1349999986414,0.009259259259259259,0.00448930241512476,0.012240514405050917,0.0,0.18937489328474197
9009,FN,False,2055.311749998509,0.009259259259259259,0.7432066238322792,0.03712603707073507,0.0,0.48294240528318216
9012,TN,True,2059.2440420005005,0.018518518518518517,0.004268288223097667,0.00020360446863215698,0.0,0.9877243452297819
9013,FP,False,2109.9124169995775,0.009259259259259259,-0.027517581443286365,0.004562826007173948,0.0,0.07355120640934404
9024,TP,True,2009.1177920003247,0.018518518518518517,-0.011787227444432688,0.0012092549225219962,0.0,0.35067144985328685
9030,FN,False,1986.9698330003303,0.009259259259259259,0.31161015958384797,0.03561702647421075,0.0,0.20837622623728974
9033,TN,True,2127.81166700006,0.018518518518518517,0.0265335998084129,0.004076608580608182,0.0,0.97216920348245
9072,FN,False,1997.9057919990737,0.018518518518518517,0.15145620457502454,0.05234398360852441,0.0,0.46591351821940297
9074,FN,False,2039.9035829977947,0.009259259259259259,0.2146396486756307,0.01130770276874623,0.0,0.4602475161338181
9081,FN,False,1999.8625410007662,0.018518518518518517,0.04422188943683105,0.010994264879271382,0.0,0.5105039415799947
9112,TN,True,2036.3649579994672,0.009259259259259259,-0.019124520748506277,0.056873556699391425,0.0,0.1394198777984216
9118,FP,False,2085.213874997862,0.018518518518518517,0.023227863943660703,0.005319629976018758,0.0,0.030572921831586195
9128,FP,False,2100.914083999669,0.018518518518518517,-0.022731206564736334,0.010548398174514584,0.0,0.03330555884696069
9131,TN,True,2174.737000001187,0.018518518518518517,0.13531305939820115,0.006732995306110226,0.0,0.9955200854175587
9139,TP,True,2069.41979200019,0.009259259259259259,-0.010897210874209938,0.010946107383071668,0.0,0.4076902082751717
9140,FN,False,2115.809958006139,0.009259259259259259,0.23666195432048917,0.0008145220332025915,0.0,0.17480436394751978
9160,TN,True,2032.9845829983242,0.018518518518518517,0.22744635374170472,0.0504341230886613,0.0,0.5412102405454103
9174,FN,False,1980.8114580009715,0.018518518518518517,-0.0383758267026441,0.006436793974360588,0.0,0.025774153930096584
9177,TN,True,2034.0710830023454,0.009259259259259259,0.12167363652148602,0.0031839928600575496,0.0,0.7264272796869252
9178,FP,False,2039.209334001498,0.018518518518518517,-0.03190088753838198,0.008800978636506973,0.0,0.051715632323834373
9179,FP,False,2013.1990410009166,0.018518518518518517,0.5811806278867759,0.2726235910906849,0.0,0.194994068825145
9201,TN,True,2016.029124999477,0.009259259259259259,0.34789095719573926,0.012335023749082338,0.0,0.9802036868957373
9212,FP,False,2083.2736669981387,0.009259259259259259,-0.01812988906718054,0.00562030903814581,0.0,0.007509140247224748
9229,FP,False,2024.3905839997751,0.018518518518518517,0.30182528530319297,0.21263003104322453,0.0,0.04460397289721722
9273,TP,True,2147.0306249993882,0.009259259259259259,-0.014135418545988244,0.006649523022338566,0.0,0.13262543232819915
9286,FP,False,2010.8155000016268,0.018518518518518517,0.11823195083011458,0.08556956889011313,0.0,0.13391125571757226
9303,FN,False,1981.8512909987476,0.018518518518518517,0.9278650429565819,0.46192611363653074,0.0,0.5307160398580322
9315,FN,False,1978.4869579998485,0.009259259259259259,-0.008272732751348615,0.007978932308687015,0.0,0.018609116858044058
9322,TP,True,2146.1719170001743,0.018518518518518517,0.003841380224529894,0.0024098415860098754,0.0,0.32234582964625297
9340,TN,True,2039.4970839988673,0.018518518518518517,-0.020767594765646713,0.0006011088506377021,0.0,0.9894946219564119
9361,FP,False,2084.097374998237,0.018518518518518517,-0.006689359072433932,0.013198619736860873,0.0,0.038004728323031825
9368,TP,True,2067.5440409995645,0.009259259259259259,-0.006744254088693878,0.003292692396273389,0.0,0.18050974100168746
9374,TP,True,2177.5681660001283,0.009259259259259259,-0.014259488244730265,0.008493512858956276,0.0,0.23666246281605036
9380,FN,False,2082.035250001354,0.009259259259259259,0.1478688123659555,0.011675760475779423,0.0,0.38946825015413017
9382,FP,False,2092.0399589995213,0.018518518518518517,-0.03882858749945318,0.00644757327771639,0.0,0.006029095739691386
9401,TN,True,2045.4273750001448,0.018518518518518517,0.0780360725446373,0.01942834803743891,0.0,0.8412440129465512
9429,FN,False,2020.1792920015578,0.009259259259259259,0.6485569910891692,0.011612402473272845,0.0,0.9576420584803976
9454,TN,True,2075.9089999992284,0.018518518518518517,0.33484940381923733,0.012944715529886977,0.0,0.9185935002287768
9457,FP,False,2055.369875000906,0.018518518518518517,0.3234501242783332,0.15396705289746693,0.0,0.11173697239559671
9470,TN,True,2006.9852499982517,0.018518518518518517,0.020137631447571025,0.0009938830753158032,0.0,0.9763698457090719
9477,TP,True,2059.605582999211,0.018518518518518517,0.07268395990177229,0.03537674930135193,0.0,0.13962338211004494
9486,TP,True,2002.075041000353,0.009259259259259259,0.0008157163934188498,0.001513465148005877,0.0,0.3229979118010277
9488,TP,True,2047.5672080010554,0.018518518518518517,-0.015022342192757861,0.004581787843555785,0.0,0.15743479523288337
9504,TN,True,2008.332583001902,0.018518518518518517,0.3305103523468888,0.014174003079827927,0.0,0.8487177545096348
9509,TP,True,2029.5360419986537,0.018518518518518517,-0.011694949051529695,0.002658962639241702,0.0,0.2131692696708377
9517,TP,True,2035.8397079999122,0.018518518518518517,0.0945607882038656,0.0782191584780546,0.0,0.21324507683823407
9518,TN,True,2001.4117499995336,0.018518518518518517,0.5102699707666976,0.008829269456681332,0.0,0.8543280696121414
9543,TN,True,2049.2585840001993,0.018518518518518517,0.08503340520854934,0.0035823582367678908,0.0,0.9853864889800008
9556,TP,True,2037.1400829999402,0.009259259259259259,-0.015439074281224202,0.005576031886986188,0.0,0.15850412452592377
9561,FP,False,2028.14295799908,0.009259259259259259,0.6757873511322505,0.3721506232497136,0.0,0.04524884485889441
9581,FN,False,1992.2620830002415,0.018518518518518517,0.32313762341482505,0.029070683219431848,0.0,0.5214775724733719
9582,TP,True,2109.209666001334,0.018518518518518517,0.9940142293551946,0.4234447543143144,0.0,0.2831342145152288
9591,FP,False,2091.878874998656,0.018518518518518517,0.03850682941420521,0.04783163913551525,0.0,0.11050853757755197
9616,FP,False,1984.1280410000763,0.018518518518518517,0.7247328234477145,0.5558264650475506,0.0,0.3353869531240406
9619,FN,False,2025.8553750027204,0.018518518518518517,0.36849288789180673,0.027321201420979296,0.0,0.5728221081686693
9629,FP,False,2045.2189999996335,0.009259259259259259,-0.01728296345973718,0.002889277312714267,0.0,0.2590941667937353
9632,FP,False,2120.5970000009984,0.018518518518518517,-0.04731893591721285,0.004864304281366638,0.0,0.028572466962268908
9660,FP,False,2101.849165999738,0.009259259259259259,0.2841990448832847,0.1403487226544351,0.0,0.046580200183678144
9664,TN,True,2110.1684999994177,0.018518518518518517,0.13549964665443825,0.004611126447965026,0.0,0.9913685877877939
9667,FP,False,2053.11704199994,0.018518518518518517,-0.022180727023157258,0.006761292049580425,0.0,0.03170280848160766
9670,TP,True,2099.2183749985998,0.018518518518518517,0.8970238402066887,0.5333674800719419,0.0,0.22949052179192322
9698,FN,False,1995.034042000043,0.018518518518518517,0.3877610942826862,0.06643818931868234,0.0,0.3204378036947885
9699,TN,True,2110.849665998103,0.009259259259259259,0.37020910531030027,0.019648561467340217,0.0,0.97641756551332
9702,FN,False,1970.9631249970698,0.009259259259259259,0.6255235929400168,0.10769116491186004,0.0,0.3319131506361172
9711,FP,False,2021.803291998367,0.018518518518518517,0.6289278921722962,0.13436180063924663,0.0,0.16089500083235206
9714,FN,False,1997.6987080008257,0.018518518518518517,0.4455599429904123,0.05813677097257175,0.0,0.36903437294892427
9730,TN,True,2002.7601670008153,0.018518518518518517,0.2569972376754465,0.007164727138410931,0.0,0.9918362067699342
9738,FP,False,2091.4113329999964,0.018518518518518517,0.8240044004617415,0.47828215275150154,0.0,0.2107748401858855
