model,n,method,fidelity,stability,sparsity,faithfulness_gap,cost
logreg,50,anchors,0.4996046082173563,0.00015263532386959426,0.03476851851851852,0.23540319056403375,2347.153045
logreg,50,dice,0.16288359139262928,0.3345749798357415,0.017731481481481483,0.06310115269144788,7956.6960033333335
logreg,50,lime,0.6540828199127839,0.017965578794023086,0.08512037037037036,0.3128912071403066,117.10264599999998
logreg,50,shap,0.944903226111865,0.8768232217274153,0.09259259259259257,0.3521324401766792,1488.9070130000002
logreg,100,anchors,0.49759923740523754,0.07833085895031479,0.03521990740740741,0.23042511208932615,3255.6012437499994
logreg,100,dice,0.1686661735239251,0.350198137627099,0.01760185185185185,0.06448073161647098,14061.355440000003
logreg,100,lime,0.6580062541417333,0.018124443336546,0.08475925925925924,0.3170376665156309,54.071593500000006
logreg,100,shap,0.9465929223147871,0.881787629452143,0.09259259259259257,0.3538822781936739,583.0513695
logreg,200,anchors,0.5029387748968105,0.0007475729932549726,0.03614583333333333,0.2321882315594407,2706.9886624999995
logreg,200,dice,0.17081358479054215,0.3504385975909933,0.01759722222222222,0.06289980558060648,9105.178008500001
logreg,200,lime,0.6590397677129698,0.017978499282251755,0.08518981481481482,0.31618982908766746,48.27859575
logreg,200,shap,0.9466384498829132,0.8816484062375952,0.09259259259259257,0.35344077146161146,734.9053430000001
mlp,50,anchors,0.29157144496473564,0.00013600007218739826,0.1500925925925926,0.24003389202428688,11871.81819
mlp,50,dice,0.02635833594383276,0.1354932832342194,0.015625,0.07292048622216449,8080.572314999999
mlp,50,lime,0.537882365620679,0.00710193784353495,0.08451851851851852,0.3451547632366595,51.642598
mlp,50,shap,0.7239889040699683,0.3317356528920488,0.0925925925925925,0.37143774645386063,469.1331198027474
mlp,100,anchors,0.29730176691865,0.00020056685123651013,0.14623456790123457,0.23497316503819524,19003.4256875
mlp,100,dice,0.026454238824245625,0.1321264479456001,0.01539814814814815,0.07074000540176126,19817.677272
mlp,100,lime,0.541114728519292,0.007221146958041151,0.08438888888888887,0.350110427963502,52.423258999999995
mlp,100,shap,0.7255026134417015,0.3360214277077846,0.0925925925925925,0.3763403987792451,525.1573246549815
mlp,200,anchors,0.3086440408392538,0.00036101485380002536,0.14471064814814816,0.26013821055643127,14096.85235125
mlp,200,dice,0.023811040442874527,0.12393022872384701,0.0153125,0.07243525960824676,8207.222065937502
mlp,200,lime,0.5451377742979899,0.007191125609641307,0.08510648148148146,0.3581618224125696,50.70413925
mlp,200,shap,0.7249947295411878,0.326252173206257,0.0925925925925925,0.3788035568187939,609.7235713492992
rf,50,anchors,0.3125936855871253,0.0009262667888940505,0.15192592592592594,0.19021881202762847,49975.493737
rf,50,dice,0.12503096083262152,0.402453378746457,0.018749999999999996,0.09054632798711255,34178.753767
rf,50,lime,0.4554929599664407,0.018260910648258268,0.08373148148148148,0.3381131666666667,341.824601
rf,50,shap,0.7337910083095789,0.949665557937994,0.47814814814814816,0.3974991666666666,3588.1442970000003
rf,100,anchors,0.31349339176429014,0.0016036756703334948,0.15926388888888887,0.1930873983926496,54724.2131465
rf,100,dice,0.12868552675980371,0.37969547194247066,0.017759259259259256,0.10845616666666666,23506.4379025
rf,100,lime,0.4606339578497362,0.01757749976523748,0.08429629629629629,0.3367448333333334,525.9768574999999
rf,100,shap,0.7314635343127195,0.9477821276107565,0.4790046296296297,0.39643891666666664,2366.3965534999998
rf,200,anchors,0.3182224249239628,0.0018152803039538673,0.11557613019405473,0.1807130920211893,42164.59537240678
rf,200,dice,0.1321711039702245,0.41272628796130323,0.019802299502442073,0.08068246186032461,24257.4587999336
rf,200,lime,0.4551245880439828,0.018361152154202993,0.08438659823543766,0.3276748262992454,439.99279317386856
rf,200,shap,0.7207519421930113,0.9487964013885117,0.4776798246219154,0.38380878084441084,2504.9627813016073
svm,50,anchors,0.5112829405178352,0.0008635067059557077,0.0444537037037037,0.2943570182664145,39162.502481999996
svm,50,dice,0.21637431535753515,0.39767851115661385,0.015520833333333333,0.06427092359107767,105872.51192749999
svm,50,lime,0.5922272606178494,0.018672821616095497,0.08547222222222221,0.2965808372718559,27458.211693
svm,50,shap,0.8812771689132521,0.9267825953657329,0.0925925925925925,0.3447966917289117,60594.80356685123
svm,100,anchors,0.5148616105215322,0.021911659413907193,0.04206252338196782,0.2962498237850328,34615.973032999995
svm,100,dice,0.1662920898017217,0.29438498314176853,0.01154513888888889,0.051494216636325835,26269.4870725
svm,100,lime,0.5914234895369486,0.018811834144112426,0.08525925925925926,0.296858208896834,12540.5199455
svm,100,shap,0.8815969925380344,0.9240205280989076,0.0925925925925925,0.34470502734165953,60562.56574514914
svm,200,anchors,0.5134965116808885,0.2385707693281558,0.041353663291556896,0.2926331577859065,38467.017420749995
svm,200,dice,0.21881562398237472,0.3941425073287044,0.015523148148148147,0.06608610791857131,66578.16957275002
svm,200,lime,0.5942620073529905,0.01852983183376626,0.08452314814814813,0.2987931351567672,12862.584410749998
svm,200,shap,0.8829772519422502,0.9236315955039057,0.0925925925925925,0.3457926940691174,41534.03687228507
xgb,50,anchors,0.31011135331521034,0.08486140778833579,0.05923611111111111,0.21349075680038368,63617.13206249999
xgb,50,dice,0.3339074946912712,0.5665476794504012,0.016685185185185185,0.18787917661329265,47629.791662
xgb,50,lime,0.5530319296803134,0.00982399642644211,0.08452777777777779,0.374448179353145,246.211031
xgb,50,shap,0.7593362814751232,0.5735470703710673,0.37590740740740736,0.434394243973773,25.960413
xgb,100,anchors,0.31912941184636245,0.13261795358027811,0.056638888888888884,0.22426810046847095,51923.71135700001
xgb,100,dice,0.33046540380712286,0.5710129468303718,0.016898148148148148,0.18481865276735332,12982.074318750001
xgb,100,lime,0.5511265220489814,0.010398597906713292,0.08413425925925923,0.3723418505978916,62.03839849999999
xgb,100,shap,0.7584329907320597,0.5771330887511361,0.37590740740740736,0.42990924176678524,19.029957500000002
xgb,200,anchors,0.31867903818687965,0.08063548636552435,0.05923032407407407,0.22294430384907174,59019.112734999995
xgb,200,dice,0.3204279645578171,0.5715896025471185,0.016625,0.17761897242884153,10601.889916999999
xgb,200,lime,0.5543080925767405,0.010054521092262585,0.08429166666666665,0.3721600946905528,58.58486875
xgb,200,shap,0.758998466650817,0.5748178905771034,0.3763009259259259,0.43001317193760774,17.1231505
