model,method,seed,n,path,fidelity,stability,sparsity,faithfulness_gap,cost
logreg,anchors,42,100,C:\Users\jonna\Github\xai-eval-framework\experiments\exp2_scaled\results\logreg_anchors\seed_42\n_100\results.json,0.5041596485893131,0.0007075626565473308,0.03400462962962963,0.23133345759027768,2940.75956
logreg,anchors,123,100,C:\Users\jonna\Github\xai-eval-framework\experiments\exp2_scaled\results\logreg_anchors\seed_123\n_100\results.json,0.4982202139810755,0.3123751787326279,0.03483796296296296,0.22264046358109266,4856.589667499999
logreg,anchors,456,50,C:\Users\jonna\Github\xai-eval-framework\experiments\exp2_scaled\results\logreg_anchors\seed_456\n_50\results.json,0.5059430944807197,0.00010685794932649012,0.03421296296296296,0.23248050088497713,2269.55104
logreg,anchors,456,200,C:\Users\jonna\Github\xai-eval-framework\experiments\exp2_scaled\results\logreg_anchors\seed_456\n_200\results.json,0.5029387748968105,0.0007475729932549726,0.03614583333333333,0.2321882315594407,2706.9886624999995
logreg,anchors,789,50,C:\Users\jonna\Github\xai-eval-framework\experiments\exp2_scaled\results\logreg_anchors\seed_789\n_50\results.json,0.49326612195399294,0.0001984126984126984,0.03532407407407408,0.2383258802430904,2424.75505
logreg,anchors,789,100,C:\Users\jonna\Github\xai-eval-framework\experiments\exp2_scaled\results\logreg_anchors\seed_789\n_100\results.json,0.5013009822847198,0.0001388888888888889,0.034375,0.23686619235481443,2492.80554
logreg,anchors,999,100,C:\Users\jonna\Github\xai-eval-framework\experiments\exp2_scaled\results\logreg_anchors\seed_999\n_100\results.json,0.48671610476584193,0.0001018055231950731,0.037662037037037036,0.23086033483111984,2732.2502075
logreg,dice,42,50,C:\Users\jonna\Github\xai-eval-framework\experiments\exp2_scaled\results\logreg_dice\seed_42\n_50\results.json,0.17851454601118874,0.348701999598401,0.01787037037037037,0.07110534332612602,7882.18448
logreg,dice,42,100,C:\Users\jonna\Github\xai-eval-framework\experiments\exp2_scaled\results\logreg_dice\seed_42\n_100\results.json,0.17087884143383938,0.3606527101532086,0.017106481481481483,0.06291996234586546,7885.9735550000005
logreg,dice,42,200,C:\Users\jonna\Github\xai-eval-framework\experiments\exp2_scaled\results\logreg_dice\seed_42\n_200\results.json,0.17616744301577378,0.3519688012108235,0.017499999999999998,0.06508838877014579,7908.397353750001
logreg,dice,123,100,C:\Users\jonna\Github\xai-eval-framework\experiments\exp2_scaled\results\logreg_dice\seed_123\n_100\results.json,0.16584224623123245,0.3590257841893188,0.017453703703703704,0.06559441554109421,8983.466297500001
logreg,dice,123,200,C:\Users\jonna\Github\xai-eval-framework\experiments\exp2_scaled\results\logreg_dice\seed_123\n_200\results.json,0.1766217054774862,0.3567917281073044,0.017557870370370366,0.06588961775171545,7862.606435
logreg,dice,456,50,C:\Users\jonna\Github\xai-eval-framework\experiments\exp2_scaled\results\logreg_dice\seed_456\n_50\results.json,0.1644113986486377,0.3210220996267575,0.017175925925925924,0.05648475254291223,7930.978375000001
logreg,dice,456,100,C:\Users\jonna\Github\xai-eval-framework\experiments\exp2_scaled\results\logreg_dice\seed_456\n_100\results.json,0.15501865501591444,0.33497120229280947,0.01766203703703704,0.05908851602428308,7785.1286125
logreg,dice,456,200,C:\Users\jonna\Github\xai-eval-framework\experiments\exp2_scaled\results\logreg_dice\seed_456\n_200\results.json,0.15587785428062875,0.3392446629172823,0.01710648148148148,0.05794380377784876,9096.28868
logreg,dice,789,50,C:\Users\jonna\Github\xai-eval-framework\experiments\exp2_scaled\results\logreg_dice\seed_789\n_50\results.json,0.14572482951806143,0.33400084028206595,0.018148148148148146,0.0617133622053054,8056.925155
logreg,dice,789,100,C:\Users\jonna\Github\xai-eval-framework\experiments\exp2_scaled\results\logreg_dice\seed_789\n_100\results.json,0.17659710090661093,0.36285536013250935,0.018287037037037036,0.06633491733026621,36928.706925000006
logreg,dice,789,200,C:\Users\jonna\Github\xai-eval-framework\experiments\exp2_scaled\results\logreg_dice\seed_789\n_200\results.json,0.17762919880624298,0.35725739973958376,0.017835648148148146,0.06462426439957987,8159.14162
logreg,dice,999,100,C:\Users\jonna\Github\xai-eval-framework\experiments\exp2_scaled\results\logreg_dice\seed_999\n_100\results.json,0.17499402403202832,0.33348563136764897,0.0175,0.06846584684084593,8723.50181
logreg,dice,999,200,C:\Users\jonna\Github\xai-eval-framework\experiments\exp2_scaled\results\logreg_dice\seed_999\n_200\results.json,0.167771722372579,0.3469303959799725,0.01798611111111111,0.060952953203742534,12499.45595375
logreg,lime,42,50,C:\Users\jonna\Github\xai-eval-framework\experiments\exp2_scaled\results\logreg_lime\seed_42\n_50\results.json,0.6442853177477478,0.006441968525665994,0.08435185185185183,0.31285002511794824,50.08786
logreg,lime,42,100,C:\Users\jonna\Github\xai-eval-framework\experiments\exp2_scaled\results\logreg_lime\seed_42\n_100\results.json,0.6556811766944386,0.007817919909185282,0.08372685185185183,0.31634379584374966,71.2064075
logreg,lime,42,200,C:\Users\jonna\Github\xai-eval-framework\experiments\exp2_scaled\results\logreg_lime\seed_42\n_200\results.json,0.643852418147801,0.0068175708762463995,0.08358796296296295,0.31145355192709007,47.73577125
logreg,lime,123,50,C:\Users\jonna\Github\xai-eval-framework\experiments\exp2_scaled\results\logreg_lime\seed_123\n_50\results.json,0.6324620501635649,0.006336005258709549,0.0800462962962963,0.3122438788835356,54.140395000000005
logreg,lime,123,100,C:\Users\jonna\Github\xai-eval-framework\experiments\exp2_scaled\results\logreg_lime\seed_123\n_100\results.json,0.6460154147111562,0.007019835637620666,0.08222222222222221,0.31358404709149906,50.344575000000006
logreg,lime,123,200,C:\Users\jonna\Github\xai-eval-framework\experiments\exp2_scaled\results\logreg_lime\seed_123\n_200\results.json,0.6561238966353022,0.006857544344431143,0.08399305555555553,0.3128869803493771,50.02038375
logreg,lime,456,50,C:\Users\jonna\Github\xai-eval-framework\experiments\exp2_scaled\results\logreg_lime\seed_456\n_50\results.json,0.6746465219305238,0.008286244300407721,0.08814814814814813,0.31635432693889953,376.95174
logreg,lime,456,100,C:\Users\jonna\Github\xai-eval-framework\experiments\exp2_scaled\results\logreg_lime\seed_456\n_100\results.json,0.6696289361812039,0.007345532024549347,0.08585648148148146,0.3244471623945071,50.84831249999999
logreg,lime,456,200,C:\Users\jonna\Github\xai-eval-framework\experiments\exp2_scaled\results\logreg_lime\seed_456\n_200\results.json,0.6762806059777391,0.006580883872178731,0.0866087962962963,0.3249135099051756,50.025533749999994
logreg,lime,789,50,C:\Users\jonna\Github\xai-eval-framework\experiments\exp2_scaled\results\logreg_lime\seed_789\n_50\results.json,0.6513009338370273,0.038166759338729234,0.08611111111111111,0.3074759266062494,54.81615
logreg,lime,789,100,C:\Users\jonna\Github\xai-eval-framework\experiments\exp2_scaled\results\logreg_lime\seed_789\n_100\results.json,0.6533059164969995,0.03771840503289701,0.08534722222222221,0.3070733378813598,48.87317
logreg,lime,789,200,C:\Users\jonna\Github\xai-eval-framework\experiments\exp2_scaled\results\logreg_lime\seed_789\n_200\results.json,0.6597259138179943,0.0405556728769594,0.08594907407407407,0.31679780782476213,43.18819875
logreg,lime,999,50,C:\Users\jonna\Github\xai-eval-framework\experiments\exp2_scaled\results\logreg_lime\seed_999\n_50\results.json,0.6677192758850558,0.03059691654660294,0.08694444444444444,0.31553187815490047,49.517084999999994
logreg,lime,999,100,C:\Users\jonna\Github\xai-eval-framework\experiments\exp2_scaled\results\logreg_lime\seed_999\n_100\results.json,0.6653998266248681,0.0307205240784777,0.08664351851851851,0.3237399893670389,49.085502500000004
logreg,lime,999,200,C:\Users\jonna\Github\xai-eval-framework\experiments\exp2_scaled\results\logreg_lime\seed_999\n_200\results.json,0.6592160039860127,0.0290808244414431,0.08581018518518517,0.3148972954319323,50.42309125
logreg,shap,42,50,C:\Users\jonna\Github\xai-eval-framework\experiments\exp2_scaled\results\logreg_shap\seed_42\n_50\results.json,0.9599164670921929,0.8779396399268252,0.09259259259259257,0.3523310787741589,575.084795
logreg,shap,42,100,C:\Users\jonna\Github\xai-eval-framework\experiments\exp2_scaled\results\logreg_shap\seed_42\n_100\results.json,0.959757718197912,0.8766806798112211,0.09259259259259257,0.3501784985589675,502.4478775
logreg,shap,42,200,C:\Users\jonna\Github\xai-eval-framework\experiments\exp2_scaled\results\logreg_shap\seed_42\n_200\results.json,0.9602837332279739,0.8803512250497534,0.09259259259259257,0.35156536756364615,585.88462125
logreg,shap,123,50,C:\Users\jonna\Github\xai-eval-framework\experiments\exp2_scaled\results\logreg_shap\seed_123\n_50\results.json,0.9379595773286007,0.8553003141124006,0.09259259259259257,0.35307989873077317,1350.5675099999999
logreg,shap,123,100,C:\Users\jonna\Github\xai-eval-framework\experiments\exp2_scaled\results\logreg_shap\seed_123\n_100\results.json,0.9417485842877659,0.8681958762735903,0.09259259259259257,0.35607617231320193,618.6379850000001
logreg,shap,123,200,C:\Users\jonna\Github\xai-eval-framework\experiments\exp2_scaled\results\logreg_shap\seed_123\n_200\results.json,0.9424073589695949,0.8623912728670081,0.09259259259259257,0.35863408424437204,606.9819325000001
logreg,shap,456,50,C:\Users\jonna\Github\xai-eval-framework\experiments\exp2_scaled\results\logreg_shap\seed_456\n_50\results.json,0.9274259635377149,0.8805061761181555,0.09259259259259257,0.35243707251227546,591.327755
logreg,shap,456,100,C:\Users\jonna\Github\xai-eval-framework\experiments\exp2_scaled\results\logreg_shap\seed_456\n_100\results.json,0.9314471339592236,0.8844316276406344,0.09259259259259257,0.35346509971719925,616.7918549999999
logreg,shap,456,200,C:\Users\jonna\Github\xai-eval-framework\experiments\exp2_scaled\results\logreg_shap\seed_456\n_200\results.json,0.9304473592176842,0.8854789756823789,0.09259259259259257,0.3574315767917821,1371.5426575000001
logreg,shap,789,50,C:\Users\jonna\Github\xai-eval-framework\experiments\exp2_scaled\results\logreg_shap\seed_789\n_50\results.json,0.9493366084901601,0.8753385382069382,0.09259259259259257,0.3585078850324684,4359.673895000001
logreg,shap,789,100,C:\Users\jonna\Github\xai-eval-framework\experiments\exp2_scaled\results\logreg_shap\seed_789\n_100\results.json,0.9505743504204763,0.8822391625427666,0.09259259259259257,0.35704438881179257,600.12942
logreg,shap,789,200,C:\Users\jonna\Github\xai-eval-framework\experiments\exp2_scaled\results\logreg_shap\seed_789\n_200\results.json,0.9506201434607161,0.8846325424954429,0.09259259259259257,0.3549511141084323,498.185265
logreg,shap,999,50,C:\Users\jonna\Github\xai-eval-framework\experiments\exp2_scaled\results\logreg_shap\seed_999\n_50\results.json,0.949877514110656,0.8950314402727573,0.09259259259259257,0.34430626583372015,567.8811099999999
logreg,shap,999,100,C:\Users\jonna\Github\xai-eval-framework\experiments\exp2_scaled\results\logreg_shap\seed_999\n_100\results.json,0.9494368247085574,0.8973908009925019,0.09259259259259257,0.35264723156720834,577.2497099999999
logreg,shap,999,200,C:\Users\jonna\Github\xai-eval-framework\experiments\exp2_scaled\results\logreg_shap\seed_999\n_200\results.json,0.9494336545385967,0.8953880150933929,0.09259259259259257,0.34462171459982477,611.93223875
mlp,anchors,42,200,C:\Users\jonna\Github\xai-eval-framework\experiments\exp2_scaled\results\mlp_anchors\seed_42\n_200\results.json,0.3080562518181398,0.00031123150792764626,0.13966435185185186,0.2560832007921251,15366.37380875
mlp,anchors,123,50,C:\Users\jonna\Github\xai-eval-framework\experiments\exp2_scaled\results\mlp_anchors\seed_123\n_50\results.json,0.28363518265188853,0.00023628585866051078,0.1511574074074074,0.236364554450196,10886.01923
mlp,anchors,123,100,C:\Users\jonna\Github\xai-eval-framework\experiments\exp2_scaled\results\mlp_anchors\seed_123\n_100\results.json,0.29004406691186013,0.0003646699454842976,0.15069444444444444,0.23140433153458984,11340.083709999999
mlp,anchors,456,200,C:\Users\jonna\Github\xai-eval-framework\experiments\exp2_scaled\results\mlp_anchors\seed_456\n_200\results.json,0.3092318298603678,0.00041079819967240446,0.14975694444444446,0.2641932203207374,12827.33089375
mlp,anchors,789,100,C:\Users\jonna\Github\xai-eval-framework\experiments\exp2_scaled\results\mlp_anchors\seed_789\n_100\results.json,0.30246651881495457,0.00020284945771549938,0.14456018518518518,0.234382811580019,34063.35963
mlp,anchors,999,50,C:\Users\jonna\Github\xai-eval-framework\experiments\exp2_scaled\results\mlp_anchors\seed_999\n_50\results.json,0.2995077072775827,3.571428571428571e-05,0.1490277777777778,0.24370322959837773,12857.61715
mlp,anchors,999,100,C:\Users\jonna\Github\xai-eval-framework\experiments\exp2_scaled\results\mlp_anchors\seed_999\n_100\results.json,0.2993947150291353,3.418115050973352e-05,0.14344907407407406,0.23913235199997687,11606.8337225
mlp,dice,42,50,C:\Users\jonna\Github\xai-eval-framework\experiments\exp2_scaled\results\mlp_dice\seed_42\n_50\results.json,0.02221090718030871,0.1309696915870825,0.015555555555555553,0.06515882517669522,6687.919315000001
mlp,dice,42,100,C:\Users\jonna\Github\xai-eval-framework\experiments\exp2_scaled\results\mlp_dice\seed_42\n_100\results.json,0.01750126946463743,0.1261670181877228,0.015231481481481481,0.0687186655884816,9633.7950975
mlp,dice,42,200,C:\Users\jonna\Github\xai-eval-framework\experiments\exp2_scaled\results\mlp_dice\seed_42\n_200\results.json,0.017512982249512546,0.12746736171318848,0.015381944444444441,0.06822795457502115,7836.43438875
mlp,dice,123,50,C:\Users\jonna\Github\xai-eval-framework\experiments\exp2_scaled\results\mlp_dice\seed_123\n_50\results.json,0.021824642315693633,0.13049939848923445,0.015,0.08340123862529782,8512.621729999999
mlp,dice,123,100,C:\Users\jonna\Github\xai-eval-framework\experiments\exp2_scaled\results\mlp_dice\seed_123\n_100\results.json,0.02398868695396076,0.1318169526540833,0.015208333333333334,0.06568358400784093,9556.7006275
mlp,dice,123,200,C:\Users\jonna\Github\xai-eval-framework\experiments\exp2_scaled\results\mlp_dice\seed_123\n_200\results.json,0.023868986424656635,0.12390149920660776,0.01528935185185185,0.07536188089277206,8082.970635000001
mlp,dice,456,100,C:\Users\jonna\Github\xai-eval-framework\experiments\exp2_scaled\results\mlp_dice\seed_456\n_100\results.json,0.029124048808230753,0.14630416138109348,0.015347222222222224,0.07778903074871624,7906.4963824999995
mlp,dice,789,50,C:\Users\jonna\Github\xai-eval-framework\experiments\exp2_scaled\results\mlp_dice\seed_789\n_50\results.json,0.03976507623501267,0.14769084824847986,0.01597222222222222,0.06435349207695293,9098.19025
mlp,dice,789,100,C:\Users\jonna\Github\xai-eval-framework\experiments\exp2_scaled\results\mlp_dice\seed_789\n_100\results.json,0.03372826373896513,0.13645949816256764,0.015555555555555553,0.06771247396431254,63419.066815
mlp,dice,789,200,C:\Users\jonna\Github\xai-eval-framework\experiments\exp2_scaled\results\mlp_dice\seed_789\n_200\results.json,0.024135629545824874,0.1231857786850242,0.01528935185185185,0.0673884878654131,8126.20712375
mlp,dice,999,50,C:\Users\jonna\Github\xai-eval-framework\experiments\exp2_scaled\results\mlp_dice\seed_999\n_50\results.json,0.021632718044316022,0.13281319461208088,0.015972222222222224,0.07876838900971196,8023.557964999999
mlp,dice,999,100,C:\Users\jonna\Github\xai-eval-framework\experiments\exp2_scaled\results\mlp_dice\seed_999\n_100\results.json,0.027928925155434055,0.11988460934253332,0.015648148148148147,0.07379627269945492,8572.3274375
mlp,dice,999,200,C:\Users\jonna\Github\xai-eval-framework\experiments\exp2_scaled\results\mlp_dice\seed_999\n_200\results.json,0.029726563551504052,0.12116627529056753,0.01528935185185185,0.07876271509978074,8783.276116250001
mlp,lime,42,50,C:\Users\jonna\Github\xai-eval-framework\experiments\exp2_scaled\results\mlp_lime\seed_42\n_50\results.json,0.5191085288575897,0.0024779716934268457,0.08444444444444443,0.38071907979270775,55.112385
mlp,lime,42,100,C:\Users\jonna\Github\xai-eval-framework\experiments\exp2_scaled\results\mlp_lime\seed_42\n_100\results.json,0.5304479746444511,0.0027915682776652457,0.08365740740740739,0.36798434494319493,50.0950475
mlp,lime,42,200,C:\Users\jonna\Github\xai-eval-framework\experiments\exp2_scaled\results\mlp_lime\seed_42\n_200\results.json,0.5362160329598797,0.0025953134515438086,0.08359953703703703,0.37738394083758253,51.05392375
mlp,lime,123,50,C:\Users\jonna\Github\xai-eval-framework\experiments\exp2_scaled\results\mlp_lime\seed_123\n_50\results.json,0.5590957288706778,0.001963334278710046,0.08467592592592592,0.3438828819430097,46.39605
mlp,lime,123,100,C:\Users\jonna\Github\xai-eval-framework\experiments\exp2_scaled\results\mlp_lime\seed_123\n_100\results.json,0.5576530367509204,0.0027828716850650925,0.08379629629629629,0.33188789059521695,54.504617499999995
mlp,lime,123,200,C:\Users\jonna\Github\xai-eval-framework\experiments\exp2_scaled\results\mlp_lime\seed_123\n_200\results.json,0.5461329622819585,0.002262917101365631,0.08505787037037034,0.34544861206197686,52.683155
mlp,lime,456,50,C:\Users\jonna\Github\xai-eval-framework\experiments\exp2_scaled\results\mlp_lime\seed_456\n_50\results.json,0.561591523670099,0.002991175359565114,0.08430555555555555,0.33251619255999737,57.030260000000006
mlp,lime,456,100,C:\Users\jonna\Github\xai-eval-framework\experiments\exp2_scaled\results\mlp_lime\seed_456\n_100\results.json,0.5533617336455624,0.002898464141105613,0.08474537037037039,0.3488778503947178,52.8733475
mlp,lime,456,200,C:\Users\jonna\Github\xai-eval-framework\experiments\exp2_scaled\results\mlp_lime\seed_456\n_200\results.json,0.5486650322596283,0.0027507314065446276,0.08484953703703703,0.35116624446244044,51.30015
mlp,lime,789,50,C:\Users\jonna\Github\xai-eval-framework\experiments\exp2_scaled\results\mlp_lime\seed_789\n_50\results.json,0.5177427556624393,0.017342879106735883,0.0850925925925926,0.3198741558710003,53.311155
mlp,lime,789,100,C:\Users\jonna\Github\xai-eval-framework\experiments\exp2_scaled\results\mlp_lime\seed_789\n_100\results.json,0.526717083737779,0.015864636437923272,0.08421296296296293,0.34637776467253617,51.84637000000001
mlp,lime,789,200,C:\Users\jonna\Github\xai-eval-framework\experiments\exp2_scaled\results\mlp_lime\seed_789\n_200\results.json,0.5451374919460733,0.016566462395427303,0.08586805555555553,0.3534658236580245,46.049445000000006
mlp,lime,999,50,C:\Users\jonna\Github\xai-eval-framework\experiments\exp2_scaled\results\mlp_lime\seed_999\n_50\results.json,0.5318732910425891,0.010734328779236862,0.08407407407407405,0.3487815060165825,46.363139999999994
mlp,lime,999,100,C:\Users\jonna\Github\xai-eval-framework\experiments\exp2_scaled\results\mlp_lime\seed_999\n_100\results.json,0.5373938138177465,0.01176819424844653,0.08553240740740739,0.35542428921184394,52.7969125
mlp,lime,999,200,C:\Users\jonna\Github\xai-eval-framework\experiments\exp2_scaled\results\mlp_lime\seed_999\n_200\results.json,0.5495373520424094,0.011780203693325162,0.0861574074074074,0.3633444910428237,52.4340225
mlp,shap,42,50,C:\Users\jonna\Github\xai-eval-framework\outputs\batch_results.csv::rec_p1_exp2_mlp_shap_s42_n50,0.7272829675690485,0.339002990562621,0.0925925925925925,0.3867995507732061,694.5557963717147
mlp,shap,42,100,C:\Users\jonna\Github\xai-eval-framework\outputs\batch_results.csv::rec_p1_exp2_mlp_shap_s42_n100,0.7266618828336209,0.346499524351255,0.0925925925925925,0.3768782678417252,699.1376014170237
mlp,shap,42,200,C:\Users\jonna\Github\xai-eval-framework\outputs\batch_results.csv::rec_p1_exp2_mlp_shap_s42_n200,0.7306666433281586,0.340423146997562,0.0925925925925925,0.3884918011726677,455.58718026819406
mlp,shap,123,50,C:\Users\jonna\Github\xai-eval-framework\outputs\batch_results.csv::rec_p1_exp2_mlp_shap_s123_n50,0.7173165617024394,0.3115593355671529,0.0925925925925925,0.3689921801934198,403.0990393122193
mlp,shap,123,100,C:\Users\jonna\Github\xai-eval-framework\outputs\batch_results.csv::rec_p1_exp2_mlp_shap_s123_n100,0.7186076615940948,0.3227976086845592,0.0925925925925925,0.3708143079752847,523.6270365054952
mlp,shap,123,200,C:\Users\jonna\Github\xai-eval-framework\outputs\batch_results.csv::rec_p1_exp2_mlp_shap_s123_n200,0.7181212739867188,0.3111485171786781,0.0925925925925925,0.3693473742813858,733.9168170330231
mlp,shap,456,50,C:\Users\jonna\Github\xai-eval-framework\outputs\batch_results.csv::rec_p1_exp2_mlp_shap_s456_n50,0.7149138679947132,0.3424464139001156,0.0925925925925925,0.3921999758612942,300.2849334347411
mlp,shap,456,100,C:\Users\jonna\Github\xai-eval-framework\outputs\batch_results.csv::rec_p1_exp2_mlp_shap_s456_n100,0.721556971101541,0.3481390465700036,0.0925925925925925,0.3817960547026869,387.1848600616795
mlp,shap,456,200,C:\Users\jonna\Github\xai-eval-framework\outputs\batch_results.csv::rec_p1_exp2_mlp_shap_s456_n200,0.7256976921848964,0.3267239976894568,0.0925925925925925,0.3920122497441198,684.0692837929237
mlp,shap,789,50,C:\Users\jonna\Github\xai-eval-framework\outputs\batch_results.csv::rec_p1_exp2_mlp_shap_s789_n50,0.7238783069391198,0.3420146262748417,0.0925925925925925,0.3634449719488697,466.23672329005785
mlp,shap,789,100,C:\Users\jonna\Github\xai-eval-framework\outputs\batch_results.csv::rec_p1_exp2_mlp_shap_s789_n100,0.7273719959935443,0.3398456992780129,0.0925925925925925,0.3802506446061309,721.2694405134243
mlp,shap,789,200,C:\Users\jonna\Github\xai-eval-framework\outputs\batch_results.csv::rec_p1_exp2_mlp_shap_s789_n200,0.7263784423050137,0.332403003231685,0.0925925925925925,0.3747260186320709,465.928161405318
mlp,shap,999,50,C:\Users\jonna\Github\xai-eval-framework\outputs\batch_results.csv::rec_p1_exp2_mlp_shap_s999_n50,0.7365528161445201,0.3236548981555129,0.0925925925925925,0.3457520534925137,481.48910660500405
mlp,shap,999,100,C:\Users\jonna\Github\xai-eval-framework\outputs\batch_results.csv::rec_p1_exp2_mlp_shap_s999_n100,0.7333145556857061,0.3228252596550925,0.0925925925925925,0.3719627187703977,294.56768477728474
mlp,shap,999,200,C:\Users\jonna\Github\xai-eval-framework\outputs\batch_results.csv::rec_p1_exp2_mlp_shap_s999_n200,0.7241095959011516,0.320562200933903,0.0925925925925925,0.3694403402637254,709.116414247037
rf,anchors,42,50,C:\Users\jonna\Github\xai-eval-framework\experiments\exp2_scaled\results\rf_anchors\seed_42\n_50\results.json,0.31209393542633856,0.0011617486470244691,0.17050925925925928,0.19174999999999998,56679.03398
rf,anchors,42,100,C:\Users\jonna\Github\xai-eval-framework\experiments\exp2_scaled\results\rf_anchors\seed_42\n_100\results.json,0.3863164820782353,0.006169417594859283,0.03398148148148148,0.16504532529658136,21242.8830575
rf,anchors,42,200,C:\Users\jonna\Github\xai-eval-framework\experiments\exp2_scaled\results\rf_anchors\seed_42\n_200\results.json,0.3220430878924141,0.0007702346871181976,0.16655092592592596,0.19200812499999997,56653.66589875
rf,anchors,123,50,C:\Users\jonna\Github\xai-eval-framework\experiments\exp2_scaled\results\rf_anchors\seed_123\n_50\results.json,0.27315562242806257,0.0004392162960573494,0.20685185185185184,0.1975,42909.10638499999
rf,anchors,123,100,C:\Users\jonna\Github\xai-eval-framework\experiments\exp2_scaled\results\rf_anchors\seed_123\n_100\results.json,0.28617939224086475,0.0009334041564873475,0.20006944444444444,0.19735624999999998,67997.670695
rf,anchors,123,200,C:\Users\jonna\Github\xai-eval-framework\experiments\exp2_scaled\results\rf_anchors\seed_123\n_200\results.json,0.2814315493921661,0.0008580351379257505,0.17569444444444443,0.1966342261904762,61498.421515277776
rf,anchors,456,50,C:\Users\jonna\Github\xai-eval-framework\experiments\exp2_scaled\results\rf_anchors\seed_456\n_50\results.json,0.31735379220811816,0.0007688650965213218,0.1521759259259259,0.19994333333333336,64909.8955
rf,anchors,456,100,C:\Users\jonna\Github\xai-eval-framework\experiments\exp2_scaled\results\rf_anchors\seed_456\n_100\results.json,0.29355230753577566,0.0005299034205082175,0.1733796296296296,0.19531125,65489.64890500001
rf,anchors,456,200,C:\Users\jonna\Github\xai-eval-framework\experiments\exp2_scaled\results\rf_anchors\seed_456\n_200\results.json,0.29450291896947095,0.00068825110189736,0.16774176208138472,0.19305950653120466,57325.67811175618
rf,anchors,789,50,C:\Users\jonna\Github\xai-eval-framework\experiments\exp2_scaled\results\rf_anchors\seed_789\n_50\results.json,0.36023615991044194,0.0018348589545640662,0.038148148148148146,0.17211906013814235,24007.432079999995
rf,anchors,789,100,C:\Users\jonna\Github\xai-eval-framework\experiments\exp2_scaled\results\rf_anchors\seed_789\n_100\results.json,0.3054887428339296,0.00021844942570498863,0.18962962962962962,0.20117916666666666,60685.8205275
rf,anchors,789,200,C:\Users\jonna\Github\xai-eval-framework\experiments\exp2_scaled\results\rf_anchors\seed_789\n_200\results.json,0.3472748818279634,0.0024273077005966346,0.034525462962962966,0.16159955988609798,16425.905583750002
rf,anchors,999,50,C:\Users\jonna\Github\xai-eval-framework\experiments\exp2_scaled\results\rf_anchors\seed_999\n_50\results.json,0.30012891796266516,0.0004266449503030459,0.19194444444444442,0.18978166666666665,61372.00074
rf,anchors,999,100,C:\Users\jonna\Github\xai-eval-framework\experiments\exp2_scaled\results\rf_anchors\seed_999\n_100\results.json,0.29593003413264546,0.00016720375410763624,0.19925925925925927,0.20654500000000003,58205.042547499994
rf,anchors,999,200,C:\Users\jonna\Github\xai-eval-framework\experiments\exp2_scaled\results\rf_anchors\seed_999\n_200\results.json,0.3458596865377994,0.004332572892231395,0.033368055555555554,0.16026404249816764,18919.3057525
rf,dice,42,50,C:\Users\jonna\Github\xai-eval-framework\experiments\exp2_scaled\results\rf_dice\seed_42\n_50\results.json,0.1499089976285846,0.4006724980704062,0.018518518518518517,0.11061666666666667,20968.26887
rf,dice,42,100,C:\Users\jonna\Github\xai-eval-framework\experiments\exp2_scaled\results\rf_dice\seed_42\n_100\results.json,0.14501397828751336,0.4139915988199151,0.01833333333333333,0.10548083333333333,19984.804205
rf,dice,42,200,C:\Users\jonna\Github\xai-eval-framework\experiments\exp2_scaled\results\rf_dice\seed_42\n_200\results.json,0.13802299080812905,0.40286744436278454,0.01881944444444444,0.10124166666666667,22828.463585
rf,dice,123,50,C:\Users\jonna\Github\xai-eval-framework\experiments\exp2_scaled\results\rf_dice\seed_123\n_50\results.json,0.12103780426877474,0.37982139535277964,0.01685185185185185,0.11109999999999999,23264.358900000003
rf,dice,123,100,C:\Users\jonna\Github\xai-eval-framework\experiments\exp2_scaled\results\rf_dice\seed_123\n_100\results.json,0.1188947726296226,0.3617061965394149,0.016828703703703703,0.10631249999999999,25597.3887725
rf,dice,123,200,C:\Users\jonna\Github\xai-eval-framework\experiments\exp2_scaled\results\rf_dice\seed_123\n_200\results.json,0.1356950445765254,0.4178042264381556,0.020720344875538865,0.0655017234913786,36523.5380325
rf,dice,456,50,C:\Users\jonna\Github\xai-eval-framework\experiments\exp2_scaled\results\rf_dice\seed_456\n_50\results.json,0.11721309314200137,0.41469282925806605,0.020555555555555553,0.053913109112955035,60754.015625
rf,dice,456,100,C:\Users\jonna\Github\xai-eval-framework\experiments\exp2_scaled\results\rf_dice\seed_456\n_100\results.json,0.1273885091947803,0.37388224381635454,0.018009259259259256,0.10872499999999999,33500.8037475
rf,dice,456,200,C:\Users\jonna\Github\xai-eval-framework\experiments\exp2_scaled\results\rf_dice\seed_456\n_200\results.json,0.1325137483520518,0.39763154381368077,0.018464763747782616,0.11865239477503628,33254.432808418
rf,dice,789,50,C:\Users\jonna\Github\xai-eval-framework\experiments\exp2_scaled\results\rf_dice\seed_789\n_50\results.json,0.1088415117487132,0.4345251374107379,0.020277777777777777,0.06035186415594103,51097.701559999994
rf,dice,789,100,C:\Users\jonna\Github\xai-eval-framework\experiments\exp2_scaled\results\rf_dice\seed_789\n_100\results.json,0.11455731407806344,0.3783069861662463,0.017916666666666664,0.1053075,17909.4458725
rf,dice,789,200,C:\Users\jonna\Github\xai-eval-framework\experiments\exp2_scaled\results\rf_dice\seed_789\n_200\results.json,0.11471973100149696,0.42138906578948393,0.02072916666666666,0.054230633734923345,13187.59527875
rf,dice,999,50,C:\Users\jonna\Github\xai-eval-framework\experiments\exp2_scaled\results\rf_dice\seed_999\n_50\results.json,0.1281533973750338,0.38255503364029536,0.017546296296296296,0.11675,14809.42388
rf,dice,999,100,C:\Users\jonna\Github\xai-eval-framework\experiments\exp2_scaled\results\rf_dice\seed_999\n_100\results.json,0.13757305960903893,0.3705903343704227,0.01770833333333333,0.11645499999999999,20539.746915
rf,dice,999,200,C:\Users\jonna\Github\xai-eval-framework\experiments\exp2_scaled\results\rf_dice\seed_999\n_200\results.json,0.13990400511291937,0.4239391594024115,0.020277777777777777,0.06378589063361814,15493.264294999999
rf,lime,42,50,C:\Users\jonna\Github\xai-eval-framework\experiments\exp2_scaled\results\rf_lime\seed_42\n_50\results.json,0.4477508132780521,0.007033884557877755,0.08231481481481481,0.309535,371.84241499999996
rf,lime,42,100,C:\Users\jonna\Github\xai-eval-framework\experiments\exp2_scaled\results\rf_lime\seed_42\n_100\results.json,0.4392226502213246,0.006936687425919907,0.08263888888888889,0.3128133333333334,343.38568
rf,lime,42,200,C:\Users\jonna\Github\xai-eval-framework\experiments\exp2_scaled\results\rf_lime\seed_42\n_200\results.json,0.44290017191164,0.006879308402417076,0.08320601851851851,0.3117620833333333,299.74244124999996
rf,lime,123,50,C:\Users\jonna\Github\xai-eval-framework\experiments\exp2_scaled\results\rf_lime\seed_123\n_50\results.json,0.454610758995531,0.006884767159445644,0.0850462962962963,0.3511416666666667,327.85940999999997
rf,lime,123,100,C:\Users\jonna\Github\xai-eval-framework\experiments\exp2_scaled\results\rf_lime\seed_123\n_100\results.json,0.4660867916571867,0.0072120286949049865,0.08541666666666665,0.34399250000000003,908.50792
rf,lime,123,200,C:\Users\jonna\Github\xai-eval-framework\experiments\exp2_scaled\results\rf_lime\seed_123\n_200\results.json,0.45394792761475017,0.006503903663354587,0.08465792181069957,0.33298376322751316,340.90541388888886
rf,lime,456,50,C:\Users\jonna\Github\xai-eval-framework\experiments\exp2_scaled\results\rf_lime\seed_456\n_50\results.json,0.46008540479271515,0.007322283347829231,0.08453703703703702,0.35278499999999996,329.85767500000003
rf,lime,456,100,C:\Users\jonna\Github\xai-eval-framework\experiments\exp2_scaled\results\rf_lime\seed_456\n_100\results.json,0.46648945024554633,0.006351795274857809,0.08444444444444443,0.3527675,335.64228499999996
rf,lime,456,200,C:\Users\jonna\Github\xai-eval-framework\experiments\exp2_scaled\results\rf_lime\seed_456\n_200\results.json,0.455848578543592,0.007322983272431158,0.08501316991883028,0.3349158200290276,918.6753686502176
rf,lime,789,50,C:\Users\jonna\Github\xai-eval-framework\experiments\exp2_scaled\results\rf_lime\seed_789\n_50\results.json,0.4424749496965383,0.0407713295076436,0.08324074074074073,0.32762250000000004,303.861085
rf,lime,789,100,C:\Users\jonna\Github\xai-eval-framework\experiments\exp2_scaled\results\rf_lime\seed_789\n_100\results.json,0.46335823847349317,0.03875120573653916,0.08506944444444443,0.3328091666666667,299.6830175
rf,lime,789,200,C:\Users\jonna\Github\xai-eval-framework\experiments\exp2_scaled\results\rf_lime\seed_789\n_200\results.json,0.46105224473304945,0.04126039301898584,0.08493589743589743,0.32792578895463503,306.1139955621302
rf,lime,999,50,C:\Users\jonna\Github\xai-eval-framework\experiments\exp2_scaled\results\rf_lime\seed_999\n_50\results.json,0.47254287306936676,0.029292288668495113,0.0835185185185185,0.34948166666666663,375.70241999999996
rf,lime,999,100,C:\Users\jonna\Github\xai-eval-framework\experiments\exp2_scaled\results\rf_lime\seed_999\n_100\results.json,0.4680126586511305,0.028635781693965544,0.08391203703703702,0.3413416666666667,742.6653849999999
rf,lime,999,200,C:\Users\jonna\Github\xai-eval-framework\experiments\exp2_scaled\results\rf_lime\seed_999\n_200\results.json,0.4618740174168826,0.02983917241382631,0.08411998349324253,0.33078667595171773,334.5267465181058
rf,shap,42,50,C:\Users\jonna\Github\xai-eval-framework\experiments\exp2_scaled\results\rf_shap\seed_42\n_50\results.json,0.7342148566667325,0.9563293230658904,0.45087962962962963,0.38125,533.185875
rf,shap,42,100,C:\Users\jonna\Github\xai-eval-framework\experiments\exp2_scaled\results\rf_shap\seed_42\n_100\results.json,0.723228767903906,0.9535715952442659,0.4515046296296296,0.386125,1235.3403575
rf,shap,42,200,C:\Users\jonna\Github\xai-eval-framework\experiments\exp2_scaled\results\rf_shap\seed_42\n_200\results.json,0.7283952726920859,0.9525786808458137,0.45129629629629625,0.38142187499999997,1072.08528625
rf,shap,123,50,C:\Users\jonna\Github\xai-eval-framework\experiments\exp2_scaled\results\rf_shap\seed_123\n_50\results.json,0.7322965063197024,0.932484854503234,0.5210185185185184,0.39116666666666666,7065.320915
rf,shap,123,100,C:\Users\jonna\Github\xai-eval-framework\experiments\exp2_scaled\results\rf_shap\seed_123\n_100\results.json,0.7361043555704014,0.937312175300962,0.5213194444444444,0.392225,6668.423034999999
rf,shap,123,200,C:\Users\jonna\Github\xai-eval-framework\experiments\exp2_scaled\results\rf_shap\seed_123\n_200\results.json,0.7159509982330133,0.9381344204619191,0.5205375514403292,0.3771944113756614,1989.7081986111111
rf,shap,456,50,C:\Users\jonna\Github\xai-eval-framework\experiments\exp2_scaled\results\rf_shap\seed_456\n_50\results.json,0.7371197647190136,0.9514222502104437,0.48203703703703704,0.4045683333333333,1262.41225
rf,shap,456,100,C:\Users\jonna\Github\xai-eval-framework\experiments\exp2_scaled\results\rf_shap\seed_456\n_100\results.json,0.7377687089702316,0.9506124946155978,0.48483796296296305,0.40180916666666666,1689.2401799999998
rf,shap,456,200,C:\Users\jonna\Github\xai-eval-framework\experiments\exp2_scaled\results\rf_shap\seed_456\n_200\results.json,0.7194819908392607,0.9512923836384981,0.482879105520615,0.38512506047411715,6678.3022177068215
rf,shap,789,50,C:\Users\jonna\Github\xai-eval-framework\experiments\exp2_scaled\results\rf_shap\seed_789\n_50\results.json,0.7353942999561899,0.9517321681030595,0.4673611111111111,0.4020375,1244.162605
rf,shap,789,100,C:\Users\jonna\Github\xai-eval-framework\experiments\exp2_scaled\results\rf_shap\seed_789\n_100\results.json,0.728780372817059,0.9449435824488294,0.4675694444444444,0.39949375000000004,1076.42261
rf,shap,789,200,C:\Users\jonna\Github\xai-eval-framework\experiments\exp2_scaled\results\rf_shap\seed_789\n_200\results.json,0.7210386096111998,0.9493647226807865,0.46489425816348895,0.39209689349112425,1191.2815340236687
rf,shap,999,50,C:\Users\jonna\Github\xai-eval-framework\experiments\exp2_scaled\results\rf_shap\seed_999\n_50\results.json,0.729929613886256,0.9563591938073421,0.46944444444444444,0.4084733333333333,7835.639840000001
rf,shap,999,100,C:\Users\jonna\Github\xai-eval-framework\experiments\exp2_scaled\results\rf_shap\seed_999\n_100\results.json,0.7314354663019995,0.9524707904441274,0.4697916666666667,0.40254166666666663,1162.5565849999998
rf,shap,999,200,C:\Users\jonna\Github\xai-eval-framework\experiments\exp2_scaled\results\rf_shap\seed_999\n_200\results.json,0.7188928395894968,0.952611799315541,0.46879191168884754,0.38320566388115135,1593.4366699164343
svm,anchors,42,50,C:\Users\jonna\Github\xai-eval-framework\experiments\exp2_scaled\results\svm_anchors\seed_42\n_50\results.json,0.5157527227214526,0.0013562676782328713,0.045462962962962955,0.2924000480040567,36389.59843
svm,anchors,42,100,C:\Users\jonna\Github\xai-eval-framework\experiments\exp2_scaled\results\svm_anchors\seed_42\n_100\results.json,0.5178050478317995,0.0008821849466995873,0.041342592592592584,0.29315471767714885,40209.385272499996
svm,anchors,42,200,C:\Users\jonna\Github\xai-eval-framework\experiments\exp2_scaled\results\svm_anchors\seed_42\n_200\results.json,0.5094742819625744,0.4562934805653905,0.04247685185185184,0.2885605058902524,39203.288337499995
svm,anchors,123,50,C:\Users\jonna\Github\xai-eval-framework\experiments\exp2_scaled\results\svm_anchors\seed_123\n_50\results.json,0.5026929981850368,0.0006566035778378482,0.045046296296296286,0.29687313996751613,39568.04336
svm,anchors,123,100,C:\Users\jonna\Github\xai-eval-framework\experiments\exp2_scaled\results\svm_anchors\seed_123\n_100\results.json,0.504704936737758,0.0003670295470700207,0.04518518518518518,0.2921470621631386,51693.407479999994
svm,anchors,123,200,C:\Users\jonna\Github\xai-eval-framework\experiments\exp2_scaled\results\svm_anchors\seed_123\n_200\results.json,0.5086253228230996,0.060919254555280127,0.04002272507494439,0.28619035958555034,80105.04749874999
svm,anchors,456,50,C:\Users\jonna\Github\xai-eval-framework\experiments\exp2_scaled\results\svm_anchors\seed_456\n_50\results.json,0.49663282846168977,0.002096756302099037,0.04273148148148147,0.29134079719430206,41396.668665
svm,anchors,456,100,C:\Users\jonna\Github\xai-eval-framework\experiments\exp2_scaled\results\svm_anchors\seed_456\n_100\results.json,0.5073548052924467,0.10781352174711537,0.04052095024317247,0.2976232247636724,8263.8992125
svm,anchors,456,200,C:\Users\jonna\Github\xai-eval-framework\experiments\exp2_scaled\results\svm_anchors\seed_456\n_200\results.json,0.5075538812018385,0.0012327335497718222,0.0439699074074074,0.2944644263167483,53338.4024075
svm,anchors,789,50,C:\Users\jonna\Github\xai-eval-framework\experiments\exp2_scaled\results\svm_anchors\seed_789\n_50\results.json,0.5366468230148077,0.0001364774001802114,0.04555555555555555,0.30747533879330613,42772.05917
svm,anchors,789,100,C:\Users\jonna\Github\xai-eval-framework\experiments\exp2_scaled\results\svm_anchors\seed_789\n_100\results.json,0.5296755119266274,0.00012587728088177082,0.04108796296296296,0.3034736290406533,37110.712967499996
svm,anchors,789,200,C:\Users\jonna\Github\xai-eval-framework\experiments\exp2_scaled\results\svm_anchors\seed_789\n_200\results.json,0.5310385196972796,0.39620303885320646,0.03905092592592592,0.29870049464990717,2765.2780137500004
svm,anchors,999,50,C:\Users\jonna\Github\xai-eval-framework\experiments\exp2_scaled\results\svm_anchors\seed_999\n_50\results.json,0.504689330206189,7.142857142857142e-05,0.04347222222222222,0.28369576737289176,35686.142785000004
svm,anchors,999,100,C:\Users\jonna\Github\xai-eval-framework\experiments\exp2_scaled\results\svm_anchors\seed_999\n_100\results.json,0.5147677508190295,0.0003696835477692237,0.04217592592592592,0.2948504852805507,35802.460232499994
svm,anchors,999,200,C:\Users\jonna\Github\xai-eval-framework\experiments\exp2_scaled\results\svm_anchors\seed_999\n_200\results.json,0.5107905527196507,0.27820533911713025,0.041247906197654935,0.2952500024870744,16923.07084625
svm,dice,42,50,C:\Users\jonna\Github\xai-eval-framework\experiments\exp2_scaled\results\svm_dice\seed_42\n_50\results.json,0.2075673637741238,0.4002102552019002,0.015370370370370373,0.06458483500438604,184090.596125
svm,dice,42,100,C:\Users\jonna\Github\xai-eval-framework\experiments\exp2_scaled\results\svm_dice\seed_42\n_100\results.json,0.20871373536718438,0.3861027174465558,0.01525462962962963,0.060914404459455486,37164.185305
svm,dice,42,200,C:\Users\jonna\Github\xai-eval-framework\experiments\exp2_scaled\results\svm_dice\seed_42\n_200\results.json,0.22001895523368836,0.3939336164206405,0.015451388888888888,0.06335487103049407,35663.75987375
svm,dice,123,100,C:\Users\jonna\Github\xai-eval-framework\experiments\exp2_scaled\results\svm_dice\seed_123\n_100\results.json,0.20655959667323523,0.40093564299357964,0.015625,0.06073966480154783,33821.177402500005
svm,dice,123,200,C:\Users\jonna\Github\xai-eval-framework\experiments\exp2_scaled\results\svm_dice\seed_123\n_200\results.json,0.2213358897991829,0.401925430381935,0.015567129629629629,0.06889908748074626,197203.32543000003
svm,dice,456,50,C:\Users\jonna\Github\xai-eval-framework\experiments\exp2_scaled\results\svm_dice\seed_456\n_50\results.json,0.22268115490224338,0.4132496037553814,0.015046296296296295,0.06473934618343317,33428.952375
svm,dice,456,200,C:\Users\jonna\Github\xai-eval-framework\experiments\exp2_scaled\results\svm_dice\seed_456\n_200\results.json,0.20797936160220282,0.3987664674983401,0.015497685185185184,0.06621359598123237,33495.72212375
svm,dice,789,50,C:\Users\jonna\Github\xai-eval-framework\experiments\exp2_scaled\results\svm_dice\seed_789\n_50\results.json,0.23494843857780956,0.3794965935540848,0.01587962962962963,0.07038579808066847,34363.650985
svm,dice,789,100,C:\Users\jonna\Github\xai-eval-framework\experiments\exp2_scaled\results\svm_dice\seed_789\n_100\results.json,0.24989502716646717,0.39050157212693876,0.015300925925925926,0.07527248490892723,33939.550805
svm,dice,789,200,C:\Users\jonna\Github\xai-eval-framework\experiments\exp2_scaled\results\svm_dice\seed_789\n_200\results.json,0.23325263394767887,0.394157272845079,0.01574074074074074,0.07068210427134797,33438.23634875
svm,dice,999,50,C:\Users\jonna\Github\xai-eval-framework\experiments\exp2_scaled\results\svm_dice\seed_999\n_50\results.json,0.20030030417596387,0.3977575921150891,0.015787037037037037,0.057373715095822994,171606.84822499997
svm,dice,999,100,C:\Users\jonna\Github\xai-eval-framework\experiments\exp2_scaled\results\svm_dice\seed_999\n_100\results.json,0.0,0.0,0.0,0.009050312375372793,153.0347775
svm,dice,999,200,C:\Users\jonna\Github\xai-eval-framework\experiments\exp2_scaled\results\svm_dice\seed_999\n_200\results.json,0.2114912793291208,0.38192974949752745,0.015358796296296297,0.06128088082903584,33089.8040875
svm,lime,42,50,C:\Users\jonna\Github\xai-eval-framework\experiments\exp2_scaled\results\svm_lime\seed_42\n_50\results.json,0.5923942950443873,0.005099724864909429,0.08662037037037035,0.29909941540833834,12955.04264
svm,lime,42,100,C:\Users\jonna\Github\xai-eval-framework\experiments\exp2_scaled\results\svm_lime\seed_42\n_100\results.json,0.5902325408680873,0.007850119520288659,0.0862037037037037,0.29369151690031103,12058.366235
svm,lime,42,200,C:\Users\jonna\Github\xai-eval-framework\experiments\exp2_scaled\results\svm_lime\seed_42\n_200\results.json,0.5934134941668439,0.007219508999887591,0.08481481481481482,0.2960139643725238,12953.85051
svm,lime,123,50,C:\Users\jonna\Github\xai-eval-framework\experiments\exp2_scaled\results\svm_lime\seed_123\n_50\results.json,0.5919105979840638,0.007910578272737803,0.08486111111111111,0.29734873406781076,13183.242944999998
svm,lime,123,100,C:\Users\jonna\Github\xai-eval-framework\experiments\exp2_scaled\results\svm_lime\seed_123\n_100\results.json,0.5847311940190413,0.008219547718877122,0.08368055555555554,0.2945459505284704,11983.287335
svm,lime,123,200,C:\Users\jonna\Github\xai-eval-framework\experiments\exp2_scaled\results\svm_lime\seed_123\n_200\results.json,0.5845277126469918,0.007039683056620377,0.0835185185185185,0.2880669892708283,12808.667127499999
svm,lime,456,50,C:\Users\jonna\Github\xai-eval-framework\experiments\exp2_scaled\results\svm_lime\seed_456\n_50\results.json,0.5857653536682115,0.007293903152180604,0.0849537037037037,0.3040972949815787,85825.648315
svm,lime,456,100,C:\Users\jonna\Github\xai-eval-framework\experiments\exp2_scaled\results\svm_lime\seed_456\n_100\results.json,0.5856206165998343,0.008564952861155868,0.08525462962962962,0.30199396490509,12631.2920725
svm,lime,456,200,C:\Users\jonna\Github\xai-eval-framework\experiments\exp2_scaled\results\svm_lime\seed_456\n_200\results.json,0.5906228334025606,0.007519340138159446,0.08393518518518517,0.30641827558952583,11977.804305
svm,lime,789,50,C:\Users\jonna\Github\xai-eval-framework\experiments\exp2_scaled\results\svm_lime\seed_789\n_50\results.json,0.5904939791475493,0.03959194411418428,0.085,0.28526217329304066,12491.615289999998
svm,lime,789,100,C:\Users\jonna\Github\xai-eval-framework\experiments\exp2_scaled\results\svm_lime\seed_789\n_100\results.json,0.5972421756591253,0.04018019383137229,0.0848611111111111,0.30076385473407785,13943.081305
svm,lime,789,200,C:\Users\jonna\Github\xai-eval-framework\experiments\exp2_scaled\results\svm_lime\seed_789\n_200\results.json,0.6012687588278838,0.04122690130035145,0.08496527777777776,0.3015406762800753,13212.598627499998
svm,lime,999,50,C:\Users\jonna\Github\xai-eval-framework\experiments\exp2_scaled\results\svm_lime\seed_999\n_50\results.json,0.600572077245035,0.03346795767646538,0.08592592592592592,0.2970965686085109,12835.509275
svm,lime,999,100,C:\Users\jonna\Github\xai-eval-framework\experiments\exp2_scaled\results\svm_lime\seed_999\n_100\results.json,0.5992909205386551,0.029244356788868192,0.0862962962962963,0.2932957574162206,12086.572779999999
svm,lime,999,200,C:\Users\jonna\Github\xai-eval-framework\experiments\exp2_scaled\results\svm_lime\seed_999\n_200\results.json,0.6014772377206729,0.029643725673812443,0.08538194444444443,0.30192577027088263,13360.001483749998
svm,shap,42,50,C:\Users\jonna\Github\xai-eval-framework\outputs\batch_results.csv::rec_p1_exp2_svm_shap_s42_n50,0.875307295038725,0.9287631438090032,0.0925925925925925,0.3471448750104374,54400.35113654114
svm,shap,42,100,C:\Users\jonna\Github\xai-eval-framework\outputs\batch_results.csv::rec_p1_exp2_svm_shap_s42_n100,0.8807207461222615,0.9252551285124452,0.0925925925925925,0.3506266536145637,68470.20453639445
svm,shap,42,200,C:\Users\jonna\Github\xai-eval-framework\outputs\batch_results.csv::rec_p1_exp2_svm_shap_s42_n200,0.8812437712669834,0.9231132020973786,0.0925925925925925,0.3463866478329375,25040.436156026008
svm,shap,123,50,C:\Users\jonna\Github\xai-eval-framework\outputs\batch_results.csv::rec_p1_exp2_svm_shap_s123_n50,0.8775156649172975,0.9264721029991664,0.0925925925925925,0.343123358707555,75619.28559864784
svm,shap,123,100,C:\Users\jonna\Github\xai-eval-framework\outputs\batch_results.csv::rec_p1_exp2_svm_shap_s123_n100,0.8759548237999857,0.9205106073350288,0.0925925925925925,0.3418519394452103,70003.89915149179
svm,shap,123,200,C:\Users\jonna\Github\xai-eval-framework\outputs\batch_results.csv::rec_p1_exp2_svm_shap_s123_n200,0.8776750494487401,0.9207208363565264,0.0925925925925925,0.3420981376076727,44670.788584552014
svm,shap,456,50,C:\Users\jonna\Github\xai-eval-framework\outputs\batch_results.csv::rec_p1_exp2_svm_shap_s456_n50,0.8765290764667151,0.926257977881248,0.0925925925925925,0.3513330606013518,49951.138989468745
svm,shap,456,100,C:\Users\jonna\Github\xai-eval-framework\outputs\batch_results.csv::rec_p1_exp2_svm_shap_s456_n100,0.8792756630262001,0.9286371908736488,0.0925925925925925,0.3471257544471253,52459.72590968807
svm,shap,456,200,C:\Users\jonna\Github\xai-eval-framework\outputs\batch_results.csv::rec_p1_exp2_svm_shap_s456_n200,0.8827328260755106,0.926414376022346,0.0925925925925925,0.3463805304932999,48250.957458719815
svm,shap,789,50,C:\Users\jonna\Github\xai-eval-framework\outputs\batch_results.csv::rec_p1_exp2_svm_shap_s789_n50,0.893927007742423,0.9210673955126292,0.0925925925925925,0.3460612171801359,68086.0899267334
svm,shap,789,100,C:\Users\jonna\Github\xai-eval-framework\outputs\batch_results.csv::rec_p1_exp2_svm_shap_s789_n100,0.8916680417480127,0.9213009189536364,0.0925925925925925,0.350519093955404,66628.44532459363
svm,shap,789,200,C:\Users\jonna\Github\xai-eval-framework\outputs\batch_results.csv::rec_p1_exp2_svm_shap_s789_n200,0.8874659701117019,0.9225396482247789,0.0925925925925925,0.3514660296695936,44993.26546287624
svm,shap,999,50,C:\Users\jonna\Github\xai-eval-framework\outputs\batch_results.csv::rec_p1_exp2_svm_shap_s999_n50,0.8831068004011007,0.931352356626618,0.0925925925925925,0.3363209471450784,54917.152182865066
svm,shap,999,100,C:\Users\jonna\Github\xai-eval-framework\outputs\batch_results.csv::rec_p1_exp2_svm_shap_s999_n100,0.8803656879937125,0.9243987948197784,0.0925925925925925,0.3334016952459944,45250.55380357779
svm,shap,999,200,C:\Users\jonna\Github\xai-eval-framework\outputs\batch_results.csv::rec_p1_exp2_svm_shap_s999_n200,0.8857686428083152,0.9253699148184988,0.0925925925925925,0.3426321247420831,44714.7366992513
xgb,anchors,42,50,C:\Users\jonna\Github\xai-eval-framework\experiments\exp2_scaled\results\xgb_anchors\seed_42\n_50\results.json,0.3043581442428179,0.0007457598085231413,0.06203703703703703,0.22829901651304682,9628.154349999999
xgb,anchors,42,100,C:\Users\jonna\Github\xai-eval-framework\experiments\exp2_scaled\results\xgb_anchors\seed_42\n_100\results.json,0.32516879297982143,0.0010267827079560215,0.05585648148148147,0.2270535430154996,4200.4236825
xgb,anchors,123,100,C:\Users\jonna\Github\xai-eval-framework\experiments\exp2_scaled\results\xgb_anchors\seed_123\n_100\results.json,0.32927336650947614,0.00042678979041042316,0.05599537037037036,0.22502060307771898,6438.981115
xgb,anchors,123,200,C:\Users\jonna\Github\xai-eval-framework\experiments\exp2_scaled\results\xgb_anchors\seed_123\n_200\results.json,0.32731853619882373,0.000544538759187193,0.05909722222222222,0.2289017927691748,4813.5925175
xgb,anchors,456,50,C:\Users\jonna\Github\xai-eval-framework\experiments\exp2_scaled\results\xgb_anchors\seed_456\n_50\results.json,0.3209681269856867,0.0005357142857142856,0.05731481481481481,0.2085541560559068,4132.30842
xgb,anchors,456,100,C:\Users\jonna\Github\xai-eval-framework\experiments\exp2_scaled\results\xgb_anchors\seed_456\n_100\results.json,0.3136310257344175,0.0010926536935005004,0.05425925925925926,0.22054060650698376,4675.692375
xgb,anchors,456,200,C:\Users\jonna\Github\xai-eval-framework\experiments\exp2_scaled\results\xgb_anchors\seed_456\n_200\results.json,0.3195810735559782,0.3216567944748403,0.05822916666666666,0.2199554020360665,221696.779315
xgb,anchors,789,50,C:\Users\jonna\Github\xai-eval-framework\experiments\exp2_scaled\results\xgb_anchors\seed_789\n_50\results.json,0.3102751744070678,0.00016666666666666663,0.05685185185185185,0.21209266681340522,4419.012575
xgb,anchors,789,100,C:\Users\jonna\Github\xai-eval-framework\experiments\exp2_scaled\results\xgb_anchors\seed_789\n_100\results.json,0.31216962666825304,0.3271671950640615,0.05657407407407407,0.22886575016920688,211094.7360075
xgb,anchors,789,200,C:\Users\jonna\Github\xai-eval-framework\experiments\exp2_scaled\results\xgb_anchors\seed_789\n_200\results.json,0.31055823386174675,9.472746168079222e-05,0.05622685185185184,0.22433892116729112,4779.7897
xgb,anchors,999,50,C:\Users\jonna\Github\xai-eval-framework\experiments\exp2_scaled\results\xgb_anchors\seed_999\n_50\results.json,0.30484396762526894,0.33799749039243904,0.06074074074074074,0.20501718781917588,236289.052905
xgb,anchors,999,100,C:\Users\jonna\Github\xai-eval-framework\experiments\exp2_scaled\results\xgb_anchors\seed_999\n_100\results.json,0.31540424733984446,0.333376346645462,0.060509259259259256,0.21985999957294552,33208.723605
xgb,anchors,999,200,C:\Users\jonna\Github\xai-eval-framework\experiments\exp2_scaled\results\xgb_anchors\seed_999\n_200\results.json,0.3172583091309699,0.000245884766389125,0.06336805555555555,0.2185810994237545,4786.2894075
xgb,dice,42,50,C:\Users\jonna\Github\xai-eval-framework\experiments\exp2_scaled\results\xgb_dice\seed_42\n_50\results.json,0.3465680284978627,0.5944630920089196,0.016712962962962964,0.1917313935304992,10408.82208
xgb,dice,42,100,C:\Users\jonna\Github\xai-eval-framework\experiments\exp2_scaled\results\xgb_dice\seed_42\n_100\results.json,0.32474118422100173,0.5776036193127061,0.01726851851851852,0.1723344172455836,19808.6881
xgb,dice,42,200,C:\Users\jonna\Github\xai-eval-framework\experiments\exp2_scaled\results\xgb_dice\seed_42\n_200\results.json,0.32397388635164936,0.5699358708027801,0.01653935185185185,0.1814757101770374,12778.61747
xgb,dice,123,50,C:\Users\jonna\Github\xai-eval-framework\experiments\exp2_scaled\results\xgb_dice\seed_123\n_50\results.json,0.31241754156899043,0.5767104111628291,0.01634259259259259,0.1720871977720526,9701.804405
xgb,dice,123,100,C:\Users\jonna\Github\xai-eval-framework\experiments\exp2_scaled\results\xgb_dice\seed_123\n_100\results.json,0.3250575238152601,0.5679404822317415,0.016273148148148148,0.1849084573260916,11040.355627500001
xgb,dice,123,200,C:\Users\jonna\Github\xai-eval-framework\experiments\exp2_scaled\results\xgb_dice\seed_123\n_200\results.json,0.3203789595383501,0.5645044842218236,0.016678240740740743,0.1791851574327302,9572.32047
xgb,dice,456,50,C:\Users\jonna\Github\xai-eval-framework\experiments\exp2_scaled\results\xgb_dice\seed_456\n_50\results.json,0.34612047698714804,0.540943640712019,0.016898148148148148,0.19161563599976944,111263.620725
xgb,dice,456,100,C:\Users\jonna\Github\xai-eval-framework\experiments\exp2_scaled\results\xgb_dice\seed_456\n_100\results.json,0.3251535658305768,0.5579076728823938,0.016898148148148148,0.1800694066369033,9817.772159999999
xgb,dice,456,200,C:\Users\jonna\Github\xai-eval-framework\experiments\exp2_scaled\results\xgb_dice\seed_456\n_200\results.json,0.3130355573473592,0.5682299698601728,0.016458333333333332,0.17008652180811623,10938.196043749998
xgb,dice,789,50,C:\Users\jonna\Github\xai-eval-framework\experiments\exp2_scaled\results\xgb_dice\seed_789\n_50\results.json,0.34087748950654384,0.5487901144358354,0.016712962962962964,0.19331199306761845,97496.420555
xgb,dice,789,200,C:\Users\jonna\Github\xai-eval-framework\experiments\exp2_scaled\results\xgb_dice\seed_789\n_200\results.json,0.32744552053547066,0.5748737983035119,0.016863425925925924,0.18451225745040575,9337.1495225
xgb,dice,999,50,C:\Users\jonna\Github\xai-eval-framework\experiments\exp2_scaled\results\xgb_dice\seed_999\n_50\results.json,0.32355393689581086,0.571831138932403,0.016759259259259262,0.1906496626965236,9278.290545
xgb,dice,999,100,C:\Users\jonna\Github\xai-eval-framework\experiments\exp2_scaled\results\xgb_dice\seed_999\n_100\results.json,0.3469093413616528,0.5806000128946459,0.017152777777777777,0.20196232986083487,11261.481387500002
xgb,dice,999,200,C:\Users\jonna\Github\xai-eval-framework\experiments\exp2_scaled\results\xgb_dice\seed_999\n_200\results.json,0.3173058990162563,0.5804038895473046,0.016585648148148148,0.17283521527591802,10383.16607875
xgb,lime,42,50,C:\Users\jonna\Github\xai-eval-framework\experiments\exp2_scaled\results\xgb_lime\seed_42\n_50\results.json,0.5307848670075532,0.0024036296498505067,0.08222222222222221,0.3635715183452703,60.330045
xgb,lime,42,100,C:\Users\jonna\Github\xai-eval-framework\experiments\exp2_scaled\results\xgb_lime\seed_42\n_100\results.json,0.5289764690697483,0.003911416647849287,0.08296296296296295,0.36010330579360017,61.7503025
xgb,lime,42,200,C:\Users\jonna\Github\xai-eval-framework\experiments\exp2_scaled\results\xgb_lime\seed_42\n_200\results.json,0.5344652187452801,0.0035546889997177004,0.08355324074074072,0.35965612216088627,51.062872500000005
xgb,lime,123,50,C:\Users\jonna\Github\xai-eval-framework\experiments\exp2_scaled\results\xgb_lime\seed_123\n_50\results.json,0.5374651075365516,0.0028218544914167436,0.08319444444444443,0.372786765882629,465.26437
xgb,lime,123,100,C:\Users\jonna\Github\xai-eval-framework\experiments\exp2_scaled\results\xgb_lime\seed_123\n_100\results.json,0.5498114781984557,0.0029897580495746676,0.08372685185185183,0.3696579395508161,66.546925
xgb,lime,123,200,C:\Users\jonna\Github\xai-eval-framework\experiments\exp2_scaled\results\xgb_lime\seed_123\n_200\results.json,0.5536890653475366,0.00393865283530308,0.08462962962962962,0.37457939082283703,60.71602000000001
xgb,lime,456,50,C:\Users\jonna\Github\xai-eval-framework\experiments\exp2_scaled\results\xgb_lime\seed_456\n_50\results.json,0.5725855042447887,0.0035530486524867227,0.0862962962962963,0.39439713342406324,208.51624499999997
xgb,lime,456,100,C:\Users\jonna\Github\xai-eval-framework\experiments\exp2_scaled\results\xgb_lime\seed_456\n_100\results.json,0.5569654982523439,0.003774445404465448,0.08546296296296294,0.37921811539003103,61.46907999999999
xgb,lime,456,200,C:\Users\jonna\Github\xai-eval-framework\experiments\exp2_scaled\results\xgb_lime\seed_456\n_200\results.json,0.5704603775663168,0.0036092305800800896,0.08582175925925924,0.38641883430915186,65.73424375
xgb,lime,789,50,C:\Users\jonna\Github\xai-eval-framework\experiments\exp2_scaled\results\xgb_lime\seed_789\n_50\results.json,0.573285421248094,0.02098561733703153,0.08675925925925926,0.379713317482383,65.810455
xgb,lime,789,100,C:\Users\jonna\Github\xai-eval-framework\experiments\exp2_scaled\results\xgb_lime\seed_789\n_100\results.json,0.5693322194251023,0.023447332295112693,0.08518518518518517,0.3768657752215222,58.89135999999999
xgb,lime,789,200,C:\Users\jonna\Github\xai-eval-framework\experiments\exp2_scaled\results\xgb_lime\seed_789\n_200\results.json,0.5571246669081514,0.02212870060175396,0.08337962962962962,0.3734347660169442,51.02049374999999
xgb,lime,999,50,C:\Users\jonna\Github\xai-eval-framework\experiments\exp2_scaled\results\xgb_lime\seed_999\n_50\results.json,0.5510387483645798,0.019355832001425054,0.08416666666666664,0.36177216163137926,431.13404
xgb,lime,999,100,C:\Users\jonna\Github\xai-eval-framework\experiments\exp2_scaled\results\xgb_lime\seed_999\n_100\results.json,0.5505469452992569,0.01787003713656436,0.08333333333333331,0.3758641170334886,61.534324999999995
xgb,lime,999,200,C:\Users\jonna\Github\xai-eval-framework\experiments\exp2_scaled\results\xgb_lime\seed_999\n_200\results.json,0.5558011343164173,0.017041332444458095,0.08407407407407405,0.3667113601429446,64.39071375
xgb,shap,42,50,C:\Users\jonna\Github\xai-eval-framework\experiments\exp2_scaled\results\xgb_shap\seed_42\n_50\results.json,0.7824505062109804,0.5984453159520303,0.35407407407407404,0.44040421546204017,18.238065000000002
xgb,shap,42,100,C:\Users\jonna\Github\xai-eval-framework\experiments\exp2_scaled\results\xgb_shap\seed_42\n_100\results.json,0.7779008570263747,0.610748973123999,0.3528935185185185,0.4285556142270798,17.562040000000003
xgb,shap,42,200,C:\Users\jonna\Github\xai-eval-framework\experiments\exp2_scaled\results\xgb_shap\seed_42\n_200\results.json,0.7815940054253062,0.6127829623979423,0.3545138888888889,0.4303789181591128,15.74288375
xgb,shap,123,50,C:\Users\jonna\Github\xai-eval-framework\experiments\exp2_scaled\results\xgb_shap\seed_123\n_50\results.json,0.7259101057667467,0.5907511005730562,0.4010185185185185,0.4270212282950524,18.128205
xgb,shap,123,100,C:\Users\jonna\Github\xai-eval-framework\experiments\exp2_scaled\results\xgb_shap\seed_123\n_100\results.json,0.7291295289617881,0.5752512866836785,0.40182870370370366,0.4307809158315649,17.7470525
xgb,shap,123,200,C:\Users\jonna\Github\xai-eval-framework\experiments\exp2_scaled\results\xgb_shap\seed_123\n_200\results.json,0.7241276937291683,0.5849216163503936,0.4017824074074074,0.4372782713800552,18.842625
xgb,shap,456,50,C:\Users\jonna\Github\xai-eval-framework\experiments\exp2_scaled\results\xgb_shap\seed_456\n_50\results.json,0.7588960738166333,0.5383470810345847,0.38935185185185184,0.4337397306924686,20.76486
xgb,shap,456,100,C:\Users\jonna\Github\xai-eval-framework\experiments\exp2_scaled\results\xgb_shap\seed_456\n_100\results.json,0.7560225362127839,0.5471271441772854,0.38942129629629635,0.4240124963177368,19.5686775
xgb,shap,456,200,C:\Users\jonna\Github\xai-eval-framework\experiments\exp2_scaled\results\xgb_shap\seed_456\n_200\results.json,0.7612080965075961,0.5310739998696135,0.39020833333333327,0.4244098363845842,17.70229625
xgb,shap,789,50,C:\Users\jonna\Github\xai-eval-framework\experiments\exp2_scaled\results\xgb_shap\seed_789\n_50\results.json,0.7085356586803817,0.5256376563776947,0.3688888888888889,0.43486607280559836,17.378880000000002
xgb,shap,789,100,C:\Users\jonna\Github\xai-eval-framework\experiments\exp2_scaled\results\xgb_shap\seed_789\n_100\results.json,0.7003788513033187,0.5427090779580288,0.3692129629629629,0.42436974882613865,20.78755
xgb,shap,789,200,C:\Users\jonna\Github\xai-eval-framework\experiments\exp2_scaled\results\xgb_shap\seed_789\n_200\results.json,0.7077357111659537,0.5386809617638683,0.36979166666666674,0.42616884886985645,15.902175
xgb,shap,999,50,C:\Users\jonna\Github\xai-eval-framework\experiments\exp2_scaled\results\xgb_shap\seed_999\n_50\results.json,0.8208890629008735,0.6145541979179703,0.36620370370370364,0.4359399726137053,55.292055
xgb,shap,999,100,C:\Users\jonna\Github\xai-eval-framework\experiments\exp2_scaled\results\xgb_shap\seed_999\n_100\results.json,0.8287331801560335,0.6098289618126886,0.36618055555555556,0.44182743363140614,19.4844675
xgb,shap,999,200,C:\Users\jonna\Github\xai-eval-framework\experiments\exp2_scaled\results\xgb_shap\seed_999\n_200\results.json,0.8203268264260608,0.6066299125036998,0.36520833333333336,0.4318299848944298,17.4257725
