model,seed,n,shap_fidelity,lime_fidelity,diff_fidelity,shap_stability,lime_stability,diff_stability,shap_sparsity,lime_sparsity,diff_sparsity,shap_faithfulness_gap,lime_faithfulness_gap,diff_faithfulness_gap,shap_cost,lime_cost,diff_cost
logreg,42,50,0.9599164670921929,0.6442853177477478,0.31563114934444514,0.8779396399268252,0.006441968525665994,0.8714976714011592,0.09259259259259257,0.08435185185185183,0.008240740740740743,0.3523310787741589,0.31285002511794824,0.039481053656210685,575.084795,50.08786,524.996935
logreg,42,100,0.959757718197912,0.6556811766944386,0.3040765415034734,0.8766806798112211,0.007817919909185282,0.8688627599020359,0.09259259259259257,0.08372685185185183,0.008865740740740743,0.3501784985589675,0.31634379584374966,0.033834702715217824,502.4478775,71.2064075,431.24147
logreg,42,200,0.9602837332279739,0.643852418147801,0.31643131508017286,0.8803512250497534,0.0068175708762463995,0.873533654173507,0.09259259259259257,0.08358796296296295,0.009004629629629626,0.35156536756364615,0.31145355192709007,0.04011181563655608,585.88462125,47.73577125,538.14885
logreg,123,50,0.9379595773286007,0.6324620501635649,0.30549752716503575,0.8553003141124006,0.006336005258709549,0.848964308853691,0.09259259259259257,0.0800462962962963,0.012546296296296278,0.35307989873077317,0.3122438788835356,0.04083601984723756,1350.5675099999999,54.140395000000005,1296.427115
logreg,123,100,0.9417485842877659,0.6460154147111562,0.29573316957660967,0.8681958762735903,0.007019835637620666,0.8611760406359696,0.09259259259259257,0.08222222222222221,0.010370370370370363,0.35607617231320193,0.31358404709149906,0.04249212522170287,618.6379850000001,50.344575000000006,568.2934100000001
logreg,123,200,0.9424073589695949,0.6561238966353022,0.2862834623342927,0.8623912728670081,0.006857544344431143,0.855533728522577,0.09259259259259257,0.08399305555555553,0.008599537037037044,0.35863408424437204,0.3128869803493771,0.04574710389499492,606.9819325000001,50.02038375,556.9615487500001
logreg,456,50,0.9274259635377149,0.6746465219305238,0.2527794416071911,0.8805061761181555,0.008286244300407721,0.8722199318177478,0.09259259259259257,0.08814814814814813,0.004444444444444445,0.35243707251227546,0.31635432693889953,0.03608274557337593,591.327755,376.95174,214.37601500000005
logreg,456,100,0.9314471339592236,0.6696289361812039,0.26181819777801973,0.8844316276406344,0.007345532024549347,0.8770860956160851,0.09259259259259257,0.08585648148148146,0.006736111111111109,0.35346509971719925,0.3244471623945071,0.029017937322692144,616.7918549999999,50.84831249999999,565.9435424999999
logreg,456,200,0.9304473592176842,0.6762806059777391,0.2541667532399451,0.8854789756823789,0.006580883872178731,0.8788980918102002,0.09259259259259257,0.0866087962962963,0.005983796296296279,0.3574315767917821,0.3249135099051756,0.03251806688660652,1371.5426575000001,50.025533749999994,1321.51712375
logreg,789,50,0.9493366084901601,0.6513009338370273,0.29803567465313285,0.8753385382069382,0.038166759338729234,0.8371717788682089,0.09259259259259257,0.08611111111111111,0.006481481481481463,0.3585078850324684,0.3074759266062494,0.05103195842621899,4359.673895000001,54.81615,4304.857745000001
logreg,789,100,0.9505743504204763,0.6533059164969995,0.2972684339234768,0.8822391625427666,0.03771840503289701,0.8445207575098695,0.09259259259259257,0.08534722222222221,0.00724537037037036,0.35704438881179257,0.3070733378813598,0.04997105093043275,600.12942,48.87317,551.25625
logreg,789,200,0.9506201434607161,0.6597259138179943,0.2908942296427218,0.8846325424954429,0.0405556728769594,0.8440768696184835,0.09259259259259257,0.08594907407407407,0.006643518518518507,0.3549511141084323,0.31679780782476213,0.03815330628367014,498.185265,43.18819875,454.99706625
logreg,999,50,0.949877514110656,0.6677192758850558,0.28215823822560027,0.8950314402727573,0.03059691654660294,0.8644345237261544,0.09259259259259257,0.08694444444444444,0.005648148148148138,0.34430626583372015,0.31553187815490047,0.02877438767881968,567.8811099999999,49.517084999999994,518.364025
logreg,999,100,0.9494368247085574,0.6653998266248681,0.2840369980836893,0.8973908009925019,0.0307205240784777,0.8666702769140242,0.09259259259259257,0.08664351851851851,0.005949074074074065,0.35264723156720834,0.3237399893670389,0.028907242200169436,577.2497099999999,49.085502500000004,528.1642075
logreg,999,200,0.9494336545385967,0.6592160039860127,0.2902176505525841,0.8953880150933929,0.0290808244414431,0.8663071906519498,0.09259259259259257,0.08581018518518517,0.006782407407407404,0.34462171459982477,0.3148972954319323,0.02972441916789248,611.93223875,50.42309125,561.5091475
rf,42,50,0.7342148566667325,0.4477508132780521,0.28646404338868037,0.9563293230658904,0.007033884557877755,0.9492954385080126,0.45087962962962963,0.08231481481481481,0.36856481481481485,0.38125,0.309535,0.07171499999999997,533.185875,371.84241499999996,161.34346000000005
rf,42,100,0.723228767903906,0.4392226502213246,0.2840061176825814,0.9535715952442659,0.006936687425919907,0.946634907818346,0.4515046296296296,0.08263888888888889,0.36886574074074074,0.386125,0.3128133333333334,0.07331166666666661,1235.3403575,343.38568,891.9546775
rf,42,200,0.7283952726920859,0.44290017191164,0.28549510078044593,0.9525786808458137,0.006879308402417076,0.9456993724433965,0.45129629629629625,0.08320601851851851,0.36809027777777775,0.38142187499999997,0.3117620833333333,0.06965979166666669,1072.08528625,299.74244124999996,772.3428450000001
rf,123,50,0.7322965063197024,0.454610758995531,0.27768574732417145,0.932484854503234,0.006884767159445644,0.9256000873437884,0.5210185185185184,0.0850462962962963,0.43597222222222215,0.39116666666666666,0.3511416666666667,0.04002499999999998,7065.320915,327.85940999999997,6737.461505
rf,123,100,0.7361043555704014,0.4660867916571867,0.27001756391321474,0.937312175300962,0.0072120286949049865,0.930100146606057,0.5213194444444444,0.08541666666666665,0.4359027777777778,0.392225,0.34399250000000003,0.048232499999999956,6668.423034999999,908.50792,5759.915114999999
rf,123,200,0.7159509982330133,0.45394792761475017,0.26200307061826317,0.9381344204619191,0.006503903663354587,0.9316305167985645,0.5205375514403292,0.08465792181069957,0.4358796296296296,0.3771944113756614,0.33298376322751316,0.044210648148148235,1989.7081986111111,340.90541388888886,1648.8027847222222
rf,456,50,0.7371197647190136,0.46008540479271515,0.2770343599262985,0.9514222502104437,0.007322283347829231,0.9440999668626144,0.48203703703703704,0.08453703703703702,0.3975,0.4045683333333333,0.35278499999999996,0.05178333333333335,1262.41225,329.85767500000003,932.5545750000001
rf,456,100,0.7377687089702316,0.46648945024554633,0.2712792587246853,0.9506124946155978,0.006351795274857809,0.94426069934074,0.48483796296296305,0.08444444444444443,0.4003935185185186,0.40180916666666666,0.3527675,0.04904166666666665,1689.2401799999998,335.64228499999996,1353.5978949999999
rf,456,200,0.7194819908392607,0.455848578543592,0.26363341229566867,0.9512923836384981,0.007322983272431158,0.9439694003660669,0.482879105520615,0.08501316991883028,0.39786593560178474,0.38512506047411715,0.3349158200290276,0.050209240445089565,6678.3022177068215,918.6753686502176,5759.6268490566035
rf,789,50,0.7353942999561899,0.4424749496965383,0.2929193502596516,0.9517321681030595,0.0407713295076436,0.9109608385954159,0.4673611111111111,0.08324074074074073,0.3841203703703704,0.4020375,0.32762250000000004,0.07441499999999995,1244.162605,303.861085,940.30152
rf,789,100,0.728780372817059,0.46335823847349317,0.2654221343435658,0.9449435824488294,0.03875120573653916,0.9061923767122902,0.4675694444444444,0.08506944444444443,0.3825,0.39949375000000004,0.3328091666666667,0.06668458333333332,1076.42261,299.6830175,776.7395925000001
rf,789,200,0.7210386096111998,0.46105224473304945,0.25998636487815036,0.9493647226807865,0.04126039301898584,0.9081043296618007,0.46489425816348895,0.08493589743589743,0.37995836072759154,0.39209689349112425,0.32792578895463503,0.06417110453648922,1191.2815340236687,306.1139955621302,885.1675384615385
rf,999,50,0.729929613886256,0.47254287306936676,0.2573867408168892,0.9563591938073421,0.029292288668495113,0.927066905138847,0.46944444444444444,0.0835185185185185,0.38592592592592595,0.4084733333333333,0.34948166666666663,0.058991666666666664,7835.639840000001,375.70241999999996,7459.937420000001
rf,999,100,0.7314354663019995,0.4680126586511305,0.263422807650869,0.9524707904441274,0.028635781693965544,0.9238350087501619,0.4697916666666667,0.08391203703703702,0.3858796296296297,0.40254166666666663,0.3413416666666667,0.06119999999999992,1162.5565849999998,742.6653849999999,419.8911999999999
rf,999,200,0.7188928395894968,0.4618740174168826,0.2570188221726142,0.952611799315541,0.02983917241382631,0.9227726269017147,0.46879191168884754,0.08411998349324253,0.38467192819560503,0.38320566388115135,0.33078667595171773,0.052418987929433614,1593.4366699164343,334.5267465181058,1258.9099233983284
xgb,42,50,0.7824505062109804,0.5307848670075532,0.2516656392034272,0.5984453159520303,0.0024036296498505067,0.5960416863021798,0.35407407407407404,0.08222222222222221,0.27185185185185184,0.44040421546204017,0.3635715183452703,0.07683269711676988,18.238065000000002,60.330045,-42.09197999999999
xgb,42,100,0.7779008570263747,0.5289764690697483,0.24892438795662641,0.610748973123999,0.003911416647849287,0.6068375564761497,0.3528935185185185,0.08296296296296295,0.26993055555555556,0.4285556142270798,0.36010330579360017,0.0684523084334796,17.562040000000003,61.7503025,-44.18826249999999
xgb,42,200,0.7815940054253062,0.5344652187452801,0.24712878668002614,0.6127829623979423,0.0035546889997177004,0.6092282733982246,0.3545138888888889,0.08355324074074072,0.2709606481481482,0.4303789181591128,0.35965612216088627,0.0707227959982265,15.74288375,51.062872500000005,-35.31998875000001
xgb,123,50,0.7259101057667467,0.5374651075365516,0.18844499823019512,0.5907511005730562,0.0028218544914167436,0.5879292460816395,0.4010185185185185,0.08319444444444443,0.3178240740740741,0.4270212282950524,0.372786765882629,0.05423446241242341,18.128205,465.26437,-447.136165
xgb,123,100,0.7291295289617881,0.5498114781984557,0.1793180507633324,0.5752512866836785,0.0029897580495746676,0.5722615286341038,0.40182870370370366,0.08372685185185183,0.3181018518518518,0.4307809158315649,0.3696579395508161,0.06112297628074881,17.7470525,66.546925,-48.799872500000006
xgb,123,200,0.7241276937291683,0.5536890653475366,0.1704386283816317,0.5849216163503936,0.00393865283530308,0.5809829635150906,0.4017824074074074,0.08462962962962962,0.3171527777777778,0.4372782713800552,0.37457939082283703,0.06269888055721817,18.842625,60.71602000000001,-41.873395
xgb,456,50,0.7588960738166333,0.5725855042447887,0.18631056957184455,0.5383470810345847,0.0035530486524867227,0.534794032382098,0.38935185185185184,0.0862962962962963,0.3030555555555555,0.4337397306924686,0.39439713342406324,0.03934259726840533,20.76486,208.51624499999997,-187.75138499999997
xgb,456,100,0.7560225362127839,0.5569654982523439,0.19905703796044005,0.5471271441772854,0.003774445404465448,0.5433526987728199,0.38942129629629635,0.08546296296296294,0.30395833333333344,0.4240124963177368,0.37921811539003103,0.04479438092770577,19.5686775,61.46907999999999,-41.90040249999999
xgb,456,200,0.7612080965075961,0.5704603775663168,0.1907477189412793,0.5310739998696135,0.0036092305800800896,0.5274647692895333,0.39020833333333327,0.08582175925925924,0.30438657407407405,0.4244098363845842,0.38641883430915186,0.03799100207543232,17.70229625,65.73424375,-48.0319475
xgb,789,50,0.7085356586803817,0.573285421248094,0.1352502374322877,0.5256376563776947,0.02098561733703153,0.5046520390406631,0.3688888888888889,0.08675925925925926,0.2821296296296296,0.43486607280559836,0.379713317482383,0.05515275532321534,17.378880000000002,65.810455,-48.431575
xgb,789,100,0.7003788513033187,0.5693322194251023,0.1310466318782164,0.5427090779580288,0.023447332295112693,0.5192617456629162,0.3692129629629629,0.08518518518518517,0.28402777777777777,0.42436974882613865,0.3768657752215222,0.047503973604616445,20.78755,58.89135999999999,-38.103809999999996
xgb,789,200,0.7077357111659537,0.5571246669081514,0.15061104425780225,0.5386809617638683,0.02212870060175396,0.5165522611621143,0.36979166666666674,0.08337962962962962,0.2864120370370371,0.42616884886985645,0.3734347660169442,0.052734082852912256,15.902175,51.02049374999999,-35.11831874999999
xgb,999,50,0.8208890629008735,0.5510387483645798,0.2698503145362937,0.6145541979179703,0.019355832001425054,0.5951983659165452,0.36620370370370364,0.08416666666666664,0.282037037037037,0.4359399726137053,0.36177216163137926,0.07416781098232605,55.292055,431.13404,-375.841985
xgb,999,100,0.8287331801560335,0.5505469452992569,0.2781862348567766,0.6098289618126886,0.01787003713656436,0.5919589246761243,0.36618055555555556,0.08333333333333331,0.28284722222222225,0.44182743363140614,0.3758641170334886,0.06596331659791754,19.4844675,61.534324999999995,-42.049857499999995
xgb,999,200,0.8203268264260608,0.5558011343164173,0.2645256921096435,0.6066299125036998,0.017041332444458095,0.5895885800592418,0.36520833333333336,0.08407407407407405,0.2811342592592593,0.4318299848944298,0.3667113601429446,0.06511862475148522,17.4257725,64.39071375,-46.96494125
