model,n,source,shap_fidelity,lime_fidelity,difference_fidelity,shap_stability,lime_stability,difference_stability,shap_sparsity,lime_sparsity,difference_sparsity,shap_faithfulness_gap,lime_faithfulness_gap,difference_faithfulness_gap,shap_cost,lime_cost,difference_cost
logreg,50,outputs/analysis/paper_a_exp2_stats/exp2_block_method_summary.csv,0.94490322611186495,0.65408281991278394,0.29082040619908101,0.87682322172741534,0.017965578794023,0.85885764293339228,0.092592592592592504,0.085120370370370305,0.0074722222222221996,0.35213244017667922,0.3128912071403066,0.039241233036372614,1488.9070130000002,117.10264599999998,1371.8043670000002
logreg,100,outputs/analysis/paper_a_exp2_stats/exp2_block_method_summary.csv,0.9465929223147872,0.6580062541417333,0.2885866681730539,0.88178762945214295,0.018124443336546,0.863663186115597,0.092592592592592504,0.084759259259259201,0.0078333333333333033,0.3538822781936739,0.31703766651563092,0.036844611678042982,583.05136949999996,54.071593500000006,528.9797759999999
logreg,200,outputs/analysis/paper_a_exp2_stats/exp2_block_method_summary.csv,0.94663844988291324,0.65903976771296979,0.28759868216994344,0.88164840623759522,0.0179784992822517,0.86366990695534351,0.092592592592592504,0.085189814814814802,0.0074027777777777026,0.3534407714616114,0.31618982908766741,0.037250942373943996,734.90534300000013,48.278595750000001,686.62674725000011
rf,50,outputs/analysis/paper_a_exp2_stats/exp2_block_method_summary.csv,0.73379100830957888,0.45549295996644068,0.2782980483431382,0.94966555793799401,0.018260910648258199,0.93140464728973582,0.4781481481481481,0.083731481481481407,0.39441666666666669,0.39749916666666663,0.33811316666666669,0.059385999999999939,3588.1442970000003,341.82460099999997,3246.3196960000005
rf,100,outputs/analysis/paper_a_exp2_stats/exp2_block_method_summary.csv,0.73146353431271949,0.46063395784973621,0.27082957646298328,0.94778212761075642,0.017577499765237401,0.93020462784551905,0.4790046296296297,0.084296296296296203,0.39470833333333349,0.39643891666666659,0.33674483333333338,0.059694083333333203,2366.3965535000002,525.97685749999994,1840.4196960000004
rf,200,outputs/analysis/paper_a_exp2_stats/exp2_block_method_summary.csv,0.72075194219301131,0.45512458804398281,0.26562735414902849,0.94879640138851162,0.018361152154202899,0.93043524923430876,0.47767982462191538,0.084386598235437593,0.39329322638647779,0.38380878084441078,0.32767482629924538,0.056133954545165399,2504.9627813016077,439.99279317386856,2064.9699881277393
xgb,50,outputs/analysis/paper_a_exp2_stats/exp2_block_method_summary.csv,0.75933628147512322,0.55303192968031345,0.20630435179480977,0.57354707037106734,0.0098239964264421002,0.56372307394462529,0.3759074074074073,0.084527777777777702,0.2913796296296296,0.43439424397377302,0.37444817935314501,0.059946064620628015,25.960412999999999,246.21103099999999,-220.250618
xgb,100,outputs/analysis/paper_a_exp2_stats/exp2_block_method_summary.csv,0.75843299073205972,0.55112652204898138,0.20730646868307834,0.57713308875113611,0.0103985979067132,0.56673449084442296,0.3759074074074073,0.0841342592592592,0.29177314814814809,0.42990924176678519,0.3723418505978916,0.057567391168893589,19.029957499999998,62.038398499999992,-43.008440999999991
xgb,200,outputs/analysis/paper_a_exp2_stats/exp2_block_method_summary.csv,0.75899846665081705,0.55430809257674052,0.20469037407407653,0.57481789057710342,0.0100545210922625,0.56476336948484096,0.3763009259259259,0.084291666666666598,0.2920092592592593,0.43001317193760769,0.37216009469055278,0.057853077247054907,17.123150500000001,58.584868749999998,-41.461718249999997
svm,50,outputs/analysis/paper_a_exp2_stats/exp2_block_method_summary.csv,0.88127716891325214,0.59222726061784936,0.28904990829540278,0.92678259536573282,0.0186728216160954,0.90810977374963742,0.092592592592592504,0.085472222222222199,0.0071203703703703047,0.3447966917289117,0.29658083727185591,0.048215854457055785,60594.803566851231,27458.211693000001,33136.591873851226
svm,100,outputs/analysis/paper_a_exp2_stats/exp2_block_method_summary.csv,0.88159699253803436,0.59142348953694857,0.2901735030010858,0.92402052809890756,0.018811834144112399,0.9052086939547952,0.092592592592592504,0.085259259259259201,0.0073333333333333028,0.34470502734165948,0.29685820889683401,0.047846818444825467,60562.565745149142,12540.5199455,48022.045799649146
svm,200,outputs/analysis/paper_a_exp2_stats/exp2_block_method_summary.csv,0.88297725194225019,0.59426200735299051,0.28871524458925968,0.92363159550390561,0.018529831833766199,0.90510176367013939,0.092592592592592504,0.084523148148148097,0.0080694444444444069,0.34579269406911739,0.2987931351567672,0.046999558912350192,41534.036872285069,12862.584410749998,28671.452461535071
mlp,50,outputs/analysis/paper_a_exp2_stats/exp2_block_method_summary.csv,0.7239889040699683,0.53788236562067904,0.18610653844928926,0.33173565289204882,0.0071019378435348999,0.3246337150485139,0.092592592592592504,0.084518518518518507,0.0080740740740739975,0.37143774645386057,0.3451547632366595,0.026282983217201072,469.13311980274739,51.642598,417.49052180274737
mlp,100,outputs/analysis/paper_a_exp2_stats/exp2_block_method_summary.csv,0.72550261344170153,0.54111472851929199,0.18438788492240954,0.33602142770778459,0.0072211469580410999,0.32880028074974349,0.092592592592592504,0.084388888888888805,0.0082037037037036992,0.37634039877924508,0.350110427963502,0.026229970815743076,525.15732465498149,52.423259000000002,472.73406565498146
mlp,200,outputs/analysis/paper_a_exp2_stats/exp2_block_method_summary.csv,0.72499472954118782,0.54513777429798993,0.17985695524319789,0.32625217320625699,0.0071911256096412997,0.31906104759661569,0.092592592592592504,0.085106481481481394,0.0074861111111111101,0.37880355681879391,0.35816182241256961,0.020641734406224299,609.72357134929916,50.704139249999997,559.01943209929914
