experiment,dataset,model,explainer,seed,n,source,path,fidelity,stability,sparsity,faithfulness_gap,cost,duration_s
exp1,adult,rf,lime,42,,raw,experiments/exp1_adult/results/rf_lime/results.json,0.1075,0.0861,0.0926,0.1772,42.8608,102.423522
exp1,adult,rf,shap,42,,raw,experiments/exp1_adult/results/rf_shap/results.json,0.5788,0.9464,0.4573,0.23638939436015144,0.1907,9.354438
exp1,adult,xgboost,lime,42,,raw,experiments/exp1_adult/results/xgb_lime/results.json,0.5083,0.121,0.0926,0.32274148978991435,19.1896,42.773474
exp1,adult,xgboost,shap,42,,raw,experiments/exp1_adult/results/xgb_shap/results.json,0.3463,0.4516,0.2286,0.25527455187111625,0.0187,0.54208
exp2,adult,logreg,anchors,42,100,raw,experiments/exp2_scaled/results/logreg_anchors/seed_42/n_100/results.json,0.5041596485893131,0.0007075626565473308,0.03400462962962963,0.23133345759027768,1125.4655393874964,1176.303824
exp2,adult,logreg,anchors,123,100,raw,experiments/exp2_scaled/results/logreg_anchors/seed_123/n_100/results.json,0.4982202139810755,0.3123751787326279,0.03483796296296296,0.22264046358109266,6763.320377209473,1942.635867
exp2,adult,logreg,anchors,456,50,raw,experiments/exp2_scaled/results/logreg_anchors/seed_456/n_50/results.json,0.5059430944807197,0.00010685794932649012,0.03421296296296296,0.23248050088497713,1147.139537075003,453.910208
exp2,adult,logreg,anchors,456,200,raw,experiments/exp2_scaled/results/logreg_anchors/seed_456/n_200/results.json,0.5029387748968105,0.0007475729932549726,0.03614583333333333,0.2321882315594407,1449.3678942837482,2165.59093
exp2,adult,logreg,anchors,789,50,raw,experiments/exp2_scaled/results/logreg_anchors/seed_789/n_50/results.json,0.49326612195399294,0.0001984126984126984,0.03532407407407408,0.2383258802430904,1193.7793310079724,484.95101
exp2,adult,logreg,anchors,789,100,raw,experiments/exp2_scaled/results/logreg_anchors/seed_789/n_100/results.json,0.5013009822847198,0.0001388888888888889,0.034375,0.23686619235481443,1196.1268625785306,997.122216
exp2,adult,logreg,anchors,999,100,raw,experiments/exp2_scaled/results/logreg_anchors/seed_999/n_100/results.json,0.48671610476584193,0.0001018055231950731,0.037662037037037036,0.23086033483111984,1312.6974795849494,1092.900083
exp2,adult,logreg,dice,42,50,raw,experiments/exp2_scaled/results/logreg_dice/seed_42/n_50/results.json,0.17851454601118874,0.348701999598401,0.01787037037037037,0.07110534332612602,504.58268311494976,1576.436896
exp2,adult,logreg,dice,42,100,raw,experiments/exp2_scaled/results/logreg_dice/seed_42/n_100/results.json,0.17087884143383938,0.3606527101532086,0.017106481481481483,0.06291996234586546,492.4592659602058,3154.389422
exp2,adult,logreg,dice,42,200,raw,experiments/exp2_scaled/results/logreg_dice/seed_42/n_200/results.json,0.17616744301577378,0.3519688012108235,0.017499999999999998,0.06508838877014579,484.08015651379174,6326.717883
exp2,adult,logreg,dice,123,100,raw,experiments/exp2_scaled/results/logreg_dice/seed_123/n_100/results.json,0.16584224623123245,0.3590257841893188,0.017453703703703704,0.06559441554109421,563.3950505231769,3593.386519
exp2,adult,logreg,dice,123,200,raw,experiments/exp2_scaled/results/logreg_dice/seed_123/n_200/results.json,0.1766217054774862,0.3567917281073044,0.017557870370370366,0.06588961775171545,481.32903098397946,6290.085148
exp2,adult,logreg,dice,456,50,raw,experiments/exp2_scaled/results/logreg_dice/seed_456/n_50/results.json,0.1644113986486377,0.3210220996267575,0.017175925925925924,0.05648475254291223,489.5052941751783,1586.195675
exp2,adult,logreg,dice,456,100,raw,experiments/exp2_scaled/results/logreg_dice/seed_456/n_100/results.json,0.15501865501591444,0.33497120229280947,0.01766203703703704,0.05908851602428308,491.4199564908631,3114.051445
exp2,adult,logreg,dice,456,200,raw,experiments/exp2_scaled/results/logreg_dice/seed_456/n_200/results.json,0.15587785428062875,0.3392446629172823,0.01710648148148148,0.05794380377784876,568.6097930071264,7277.030944
exp2,adult,logreg,dice,789,50,raw,experiments/exp2_scaled/results/logreg_dice/seed_789/n_50/results.json,0.14572482951806143,0.33400084028206595,0.018148148148148146,0.0617133622053054,490.0501956500056,1611.385031
exp2,adult,logreg,dice,789,100,raw,experiments/exp2_scaled/results/logreg_dice/seed_789/n_100/results.json,0.17659710090661093,0.36285536013250935,0.018287037037037036,0.06633491733026621,3879.2251328301245,14771.48277
exp2,adult,logreg,dice,789,200,raw,experiments/exp2_scaled/results/logreg_dice/seed_789/n_200/results.json,0.17762919880624298,0.35725739973958376,0.017835648148148146,0.06462426439957987,503.78711199067766,6527.313296
exp2,adult,logreg,dice,999,100,raw,experiments/exp2_scaled/results/logreg_dice/seed_999/n_100/results.json,0.17499402403202832,0.33348563136764897,0.0175,0.06846584684084593,546.6167743676124,3489.400724
exp2,adult,logreg,dice,999,200,raw,experiments/exp2_scaled/results/logreg_dice/seed_999/n_200/results.json,0.167771722372579,0.3469303959799725,0.01798611111111111,0.060952953203742534,601.5802462935426,9999.564763
exp2,adult,logreg,lime,42,50,raw,experiments/exp2_scaled/results/logreg_lime/seed_42/n_50/results.json,0.6442853177477478,0.006441968525665994,0.08435185185185183,0.31285002511794824,3.101720414197189,10.017572
exp2,adult,logreg,lime,42,100,raw,experiments/exp2_scaled/results/logreg_lime/seed_42/n_100/results.json,0.6556811766944386,0.007817919909185282,0.08372685185185183,0.31634379584374966,53.295517091755755,28.482563
exp2,adult,logreg,lime,42,200,raw,experiments/exp2_scaled/results/logreg_lime/seed_42/n_200/results.json,0.643852418147801,0.0068175708762463995,0.08358796296296295,0.31145355192709007,2.990176610619528,38.188617
exp2,adult,logreg,lime,123,50,raw,experiments/exp2_scaled/results/logreg_lime/seed_123/n_50/results.json,0.6324620501635649,0.006336005258709549,0.0800462962962963,0.3122438788835356,3.3704293789924122,10.828079
exp2,adult,logreg,lime,123,100,raw,experiments/exp2_scaled/results/logreg_lime/seed_123/n_100/results.json,0.6460154147111562,0.007019835637620666,0.08222222222222221,0.31358404709149906,3.118818637885852,20.13783
exp2,adult,logreg,lime,123,200,raw,experiments/exp2_scaled/results/logreg_lime/seed_123/n_200/results.json,0.6561238966353022,0.006857544344431143,0.08399305555555553,0.3128869803493771,3.1381904094087076,40.016307
exp2,adult,logreg,lime,456,50,raw,experiments/exp2_scaled/results/logreg_lime/seed_456/n_50/results.json,0.6746465219305238,0.008286244300407721,0.08814814814814813,0.31635432693889953,20.043678543297574,75.390348
exp2,adult,logreg,lime,456,100,raw,experiments/exp2_scaled/results/logreg_lime/seed_456/n_100/results.json,0.6696289361812039,0.007345532024549347,0.08585648148148146,0.3244471623945071,3.211419925210066,20.339325
exp2,adult,logreg,lime,456,200,raw,experiments/exp2_scaled/results/logreg_lime/seed_456/n_200/results.json,0.6762806059777391,0.006580883872178731,0.0866087962962963,0.3249135099051756,3.1273982325728866,40.020427
exp2,adult,logreg,lime,789,50,raw,experiments/exp2_scaled/results/logreg_lime/seed_789/n_50/results.json,0.6513009338370273,0.038166759338729234,0.08611111111111111,0.3074759266062494,3.4854200202971697,10.96323
exp2,adult,logreg,lime,789,100,raw,experiments/exp2_scaled/results/logreg_lime/seed_789/n_100/results.json,0.6533059164969995,0.03771840503289701,0.08534722222222221,0.3070733378813598,2.9991785481979605,19.549268
exp2,adult,logreg,lime,789,200,raw,experiments/exp2_scaled/results/logreg_lime/seed_789/n_200/results.json,0.6597259138179943,0.0405556728769594,0.08594907407407407,0.31679780782476213,2.6576454196765553,34.550559
exp2,adult,logreg,lime,999,50,raw,experiments/exp2_scaled/results/logreg_lime/seed_999/n_50/results.json,0.6677192758850558,0.03059691654660294,0.08694444444444444,0.31553187815490047,3.117423120420426,9.903417
exp2,adult,logreg,lime,999,100,raw,experiments/exp2_scaled/results/logreg_lime/seed_999/n_100/results.json,0.6653998266248681,0.0307205240784777,0.08664351851851851,0.3237399893670389,3.0352436126122484,19.634201
exp2,adult,logreg,lime,999,200,raw,experiments/exp2_scaled/results/logreg_lime/seed_999/n_200/results.json,0.6592160039860127,0.0290808244414431,0.08581018518518517,0.3148972954319323,3.153980133611185,40.338473
exp2,adult,logreg,shap,42,50,raw,experiments/exp2_scaled/results/logreg_shap/seed_42/n_50/results.json,0.9599164670921929,0.8779396399268252,0.09259259259259257,0.3523310787741589,29.04440228623571,115.016959
exp2,adult,logreg,shap,42,100,raw,experiments/exp2_scaled/results/logreg_shap/seed_42/n_100/results.json,0.959757718197912,0.8766806798112211,0.09259259259259257,0.3501784985589675,25.475084917852655,200.979151
exp2,adult,logreg,shap,42,200,raw,experiments/exp2_scaled/results/logreg_shap/seed_42/n_200/results.json,0.9602837332279739,0.8803512250497534,0.09259259259259257,0.35156536756364615,29.505446925759315,468.707697
exp2,adult,logreg,shap,123,50,raw,experiments/exp2_scaled/results/logreg_shap/seed_123/n_50/results.json,0.9379595773286007,0.8553003141124006,0.09259259259259257,0.35307989873077317,623.6172996399999,270.113502
exp2,adult,logreg,shap,123,100,raw,experiments/exp2_scaled/results/logreg_shap/seed_123/n_100/results.json,0.9417485842877659,0.8681958762735903,0.09259259259259257,0.35607617231320193,33.201233635154495,247.455194
exp2,adult,logreg,shap,123,200,raw,experiments/exp2_scaled/results/logreg_shap/seed_123/n_200/results.json,0.9424073589695949,0.8623912728670081,0.09259259259259257,0.35863408424437204,31.653560482391185,485.585546
exp2,adult,logreg,shap,456,50,raw,experiments/exp2_scaled/results/logreg_shap/seed_456/n_50/results.json,0.9274259635377149,0.8805061761181555,0.09259259259259257,0.35243707251227546,30.996038566008792,118.265551
exp2,adult,logreg,shap,456,100,raw,experiments/exp2_scaled/results/logreg_shap/seed_456/n_100/results.json,0.9314471339592236,0.8844316276406344,0.09259259259259257,0.35346509971719925,32.14998072733579,246.716742
exp2,adult,logreg,shap,456,200,raw,experiments/exp2_scaled/results/logreg_shap/seed_456/n_200/results.json,0.9304473592176842,0.8854789756823789,0.09259259259259257,0.3574315767917821,71.97989135293028,1097.234126
exp2,adult,logreg,shap,789,50,raw,experiments/exp2_scaled/results/logreg_shap/seed_789/n_50/results.json,0.9493366084901601,0.8753385382069382,0.09259259259259257,0.3585078850324684,224.41340542573016,871.934779
exp2,adult,logreg,shap,789,100,raw,experiments/exp2_scaled/results/logreg_shap/seed_789/n_100/results.json,0.9505743504204763,0.8822391625427666,0.09259259259259257,0.35704438881179257,31.08247168986054,240.051768
exp2,adult,logreg,shap,789,200,raw,experiments/exp2_scaled/results/logreg_shap/seed_789/n_200/results.json,0.9506201434607161,0.8846325424954429,0.09259259259259257,0.3549511141084323,25.88628585501283,398.548212
exp2,adult,logreg,shap,999,50,raw,experiments/exp2_scaled/results/logreg_shap/seed_999/n_50/results.json,0.949877514110656,0.8950314402727573,0.09259259259259257,0.34430626583372015,29.180871679945994,113.576222
exp2,adult,logreg,shap,999,100,raw,experiments/exp2_scaled/results/logreg_shap/seed_999/n_100/results.json,0.9494368247085574,0.8973908009925019,0.09259259259259257,0.35264723156720834,29.43382665871468,230.899884
exp2,adult,logreg,shap,999,200,raw,experiments/exp2_scaled/results/logreg_shap/seed_999/n_200/results.json,0.9494336545385967,0.8953880150933929,0.09259259259259257,0.34462171459982477,31.136868886642333,489.545791
exp2,adult,mlp,anchors,42,200,raw,experiments/exp2_scaled/results/mlp_anchors/seed_42/n_200/results.json,0.3080562518181398,0.00031123150792764626,0.13966435185185186,0.2560832007921251,12019.181894901176,12293.099047
exp2,adult,mlp,anchors,123,50,raw,experiments/exp2_scaled/results/mlp_anchors/seed_123/n_50/results.json,0.28363518265188853,0.00023628585866051078,0.1511574074074074,0.236364554450196,9457.656995005236,2177.203846
exp2,adult,mlp,anchors,123,100,raw,experiments/exp2_scaled/results/mlp_anchors/seed_123/n_100/results.json,0.29004406691186013,0.0003646699454842976,0.15069444444444444,0.23140433153458984,9746.34399770861,4536.033484
exp2,adult,mlp,anchors,456,200,raw,experiments/exp2_scaled/results/mlp_anchors/seed_456/n_200/results.json,0.3092318298603678,0.00041079819967240446,0.14975694444444446,0.2641932203207374,10507.327830650464,10261.864715
exp2,adult,mlp,anchors,789,100,raw,experiments/exp2_scaled/results/mlp_anchors/seed_789/n_100/results.json,0.30246651881495457,0.00020284945771549938,0.14456018518518518,0.234382811580019,10530.662785959868,13625.343852
exp2,adult,mlp,anchors,999,50,raw,experiments/exp2_scaled/results/mlp_anchors/seed_999/n_50/results.json,0.2995077072775827,3.571428571428571e-05,0.1490277777777778,0.24370322959837773,10289.843406904838,2571.52343
exp2,adult,mlp,anchors,999,100,raw,experiments/exp2_scaled/results/mlp_anchors/seed_999/n_100/results.json,0.2993947150291353,3.418115050973352e-05,0.14344907407407406,0.23913235199997687,9910.068440315517,4642.733489
exp2,adult,mlp,dice,42,50,raw,experiments/exp2_scaled/results/mlp_dice/seed_42/n_50/results.json,0.02221090718030871,0.1309696915870825,0.015555555555555553,0.06515882517669522,981.5180518448324,1337.583863
exp2,adult,mlp,dice,42,100,raw,experiments/exp2_scaled/results/mlp_dice/seed_42/n_100/results.json,0.01750126946463743,0.1261670181877228,0.015231481481481481,0.0687186655884816,1052.6711679375444,3853.518039
exp2,adult,mlp,dice,42,200,raw,experiments/exp2_scaled/results/mlp_dice/seed_42/n_200/results.json,0.017512982249512546,0.12746736171318848,0.015381944444444441,0.06822795457502115,490.85505837552773,6269.147511
exp2,adult,mlp,dice,123,50,raw,experiments/exp2_scaled/results/mlp_dice/seed_123/n_50/results.json,0.021824642315693633,0.13049939848923445,0.015,0.08340123862529782,514.0689910930814,1702.524346
exp2,adult,mlp,dice,123,100,raw,experiments/exp2_scaled/results/mlp_dice/seed_123/n_100/results.json,0.02398868695396076,0.1318169526540833,0.015208333333333334,0.06568358400784093,1090.0461531850442,3822.680251
exp2,adult,mlp,dice,123,200,raw,experiments/exp2_scaled/results/mlp_dice/seed_123/n_200/results.json,0.023868986424656635,0.12390149920660776,0.01528935185185185,0.07536188089277206,506.67398166384373,6466.376508
exp2,adult,mlp,dice,456,100,raw,experiments/exp2_scaled/results/mlp_dice/seed_456/n_100/results.json,0.029124048808230753,0.14630416138109348,0.015347222222222224,0.07778903074871624,482.9616024209099,3162.598553
exp2,adult,mlp,dice,789,50,raw,experiments/exp2_scaled/results/mlp_dice/seed_789/n_50/results.json,0.03976507623501267,0.14769084824847986,0.01597222222222222,0.06435349207695293,579.0637520534801,1819.63805
exp2,adult,mlp,dice,789,100,raw,experiments/exp2_scaled/results/mlp_dice/seed_789/n_100/results.json,0.03372826373896513,0.13645949816256764,0.015555555555555553,0.06771247396431254,3756.697760663301,25367.626726
exp2,adult,mlp,dice,789,200,raw,experiments/exp2_scaled/results/mlp_dice/seed_789/n_200/results.json,0.024135629545824874,0.1231857786850242,0.01528935185185185,0.0673884878654131,525.2242838737658,6500.965699
exp2,adult,mlp,dice,999,50,raw,experiments/exp2_scaled/results/mlp_dice/seed_999/n_50/results.json,0.021632718044316022,0.13281319461208088,0.015972222222222224,0.07876838900971196,540.8429600232921,1604.711593
exp2,adult,mlp,dice,999,100,raw,experiments/exp2_scaled/results/mlp_dice/seed_999/n_100/results.json,0.027928925155434055,0.11988460934253332,0.015648148148148147,0.07379627269945492,530.5184859602377,3428.930975
exp2,adult,mlp,dice,999,200,raw,experiments/exp2_scaled/results/mlp_dice/seed_999/n_200/results.json,0.029726563551504052,0.12116627529056753,0.01528935185185185,0.07876271509978074,552.8999168278096,7026.620893
exp2,adult,mlp,lime,42,50,raw,experiments/exp2_scaled/results/mlp_lime/seed_42/n_50/results.json,0.5191085288575897,0.0024779716934268457,0.08444444444444443,0.38071907979270775,3.5468310343276244,11.022477
exp2,adult,mlp,lime,42,100,raw,experiments/exp2_scaled/results/mlp_lime/seed_42/n_100/results.json,0.5304479746444511,0.0027915682776652457,0.08365740740740739,0.36798434494319493,3.149159178356058,20.038019
exp2,adult,mlp,lime,42,200,raw,experiments/exp2_scaled/results/mlp_lime/seed_42/n_200/results.json,0.5362160329598797,0.0025953134515438086,0.08359953703703703,0.37738394083758253,3.2551501124453353,40.843139
exp2,adult,mlp,lime,123,50,raw,experiments/exp2_scaled/results/mlp_lime/seed_123/n_50/results.json,0.5590957288706778,0.001963334278710046,0.08467592592592592,0.3438828819430097,2.840503747574985,9.27921
exp2,adult,mlp,lime,123,100,raw,experiments/exp2_scaled/results/mlp_lime/seed_123/n_100/results.json,0.5576530367509204,0.0027828716850650925,0.08379629629629629,0.33188789059521695,3.424157594636199,21.801847
exp2,adult,mlp,lime,123,200,raw,experiments/exp2_scaled/results/mlp_lime/seed_123/n_200/results.json,0.5461329622819585,0.002262917101365631,0.08505787037037034,0.34544861206197686,3.279440621736285,42.146524
exp2,adult,mlp,lime,456,50,raw,experiments/exp2_scaled/results/mlp_lime/seed_456/n_50/results.json,0.561591523670099,0.002991175359565114,0.08430555555555555,0.33251619255999737,3.599355996993836,11.406052
exp2,adult,mlp,lime,456,100,raw,experiments/exp2_scaled/results/mlp_lime/seed_456/n_100/results.json,0.5533617336455624,0.002898464141105613,0.08474537037037039,0.3488778503947178,3.2975179504137486,21.149339
exp2,adult,mlp,lime,456,200,raw,experiments/exp2_scaled/results/mlp_lime/seed_456/n_200/results.json,0.5486650322596283,0.0027507314065446276,0.08484953703703703,0.35116624446244044,3.1873574066412402,41.04012
exp2,adult,mlp,lime,789,50,raw,experiments/exp2_scaled/results/mlp_lime/seed_789/n_50/results.json,0.5177427556624393,0.017342879106735883,0.0850925925925926,0.3198741558710003,3.268639224997969,10.662231
exp2,adult,mlp,lime,789,100,raw,experiments/exp2_scaled/results/mlp_lime/seed_789/n_100/results.json,0.526717083737779,0.015864636437923272,0.08421296296296293,0.34637776467253617,3.2006711556459777,20.738548
exp2,adult,mlp,lime,789,200,raw,experiments/exp2_scaled/results/mlp_lime/seed_789/n_200/results.json,0.5451374919460733,0.016566462395427303,0.08586805555555553,0.3534658236580245,2.8190761161386035,36.839556
exp2,adult,mlp,lime,999,50,raw,experiments/exp2_scaled/results/mlp_lime/seed_999/n_50/results.json,0.5318732910425891,0.010734328779236862,0.08407407407407405,0.3487815060165825,2.8218012445722707,9.272628
exp2,adult,mlp,lime,999,100,raw,experiments/exp2_scaled/results/mlp_lime/seed_999/n_100/results.json,0.5373938138177465,0.01176819424844653,0.08553240740740739,0.35542428921184394,3.311047920033161,21.118765
exp2,adult,mlp,lime,999,200,raw,experiments/exp2_scaled/results/mlp_lime/seed_999/n_200/results.json,0.5495373520424094,0.011780203693325162,0.0861574074074074,0.3633444910428237,3.302071094940402,41.947218
exp2,adult,mlp,shap,42,50,recovery_overlay,outputs/batch_results.csv::rec_p1_exp2_mlp_shap_s42_n50,0.7272829675690485,0.339002990562621,0.09259259259259257,0.38679955077320616,694.5557963717147,3093.871713
exp2,adult,mlp,shap,42,100,recovery_overlay,outputs/batch_results.csv::rec_p1_exp2_mlp_shap_s42_n100,0.7266618828336209,0.346499524351255,0.09259259259259257,0.37687826784172523,699.1376014170237,6011.438032
exp2,adult,mlp,shap,42,200,recovery_overlay,outputs/batch_results.csv::rec_p1_exp2_mlp_shap_s42_n200,0.7306666433281586,0.340423146997562,0.09259259259259257,0.3884918011726677,455.58718026819406,7743.839193
exp2,adult,mlp,shap,123,50,recovery_overlay,outputs/batch_results.csv::rec_p1_exp2_mlp_shap_s123_n50,0.7173165617024394,0.31155933556715293,0.09259259259259257,0.3689921801934198,403.09903931221925,1759.355313
exp2,adult,mlp,shap,123,100,recovery_overlay,outputs/batch_results.csv::rec_p1_exp2_mlp_shap_s123_n100,0.7186076615940948,0.32279760868455926,0.09259259259259257,0.37081430797528475,523.6270365054952,4509.701731
exp2,adult,mlp,shap,123,200,recovery_overlay,outputs/batch_results.csv::rec_p1_exp2_mlp_shap_s123_n200,0.7181212739867188,0.31114851717867814,0.09259259259259257,0.3693473742813858,733.9168170330231,12313.60539
exp2,adult,mlp,shap,456,50,recovery_overlay,outputs/batch_results.csv::rec_p1_exp2_mlp_shap_s456_n50,0.7149138679947132,0.34244641390011565,0.09259259259259257,0.39219997586129424,300.2849334347411,1336.862994
exp2,adult,mlp,shap,456,100,recovery_overlay,outputs/batch_results.csv::rec_p1_exp2_mlp_shap_s456_n100,0.721556971101541,0.34813904657000366,0.09259259259259257,0.38179605470268696,387.1848600616795,3390.882531
exp2,adult,mlp,shap,456,200,recovery_overlay,outputs/batch_results.csv::rec_p1_exp2_mlp_shap_s456_n200,0.7256976921848964,0.3267239976894568,0.09259259259259257,0.3920122497441198,684.0692837929237,12005.580181
exp2,adult,mlp,shap,789,50,recovery_overlay,outputs/batch_results.csv::rec_p1_exp2_mlp_shap_s789_n50,0.7238783069391198,0.34201462627484175,0.09259259259259257,0.36344497194886977,466.23672329005785,2086.024687
exp2,adult,mlp,shap,789,100,recovery_overlay,outputs/batch_results.csv::rec_p1_exp2_mlp_shap_s789_n100,0.7273719959935443,0.3398456992780129,0.09259259259259257,0.38025064460613095,721.2694405134243,6152.964097
exp2,adult,mlp,shap,789,200,recovery_overlay,outputs/batch_results.csv::rec_p1_exp2_mlp_shap_s789_n200,0.7263784423050137,0.332403003231685,0.09259259259259257,0.3747260186320709,465.92816140531795,8241.875674
exp2,adult,mlp,shap,999,50,recovery_overlay,outputs/batch_results.csv::rec_p1_exp2_mlp_shap_s999_n50,0.7365528161445201,0.3236548981555129,0.09259259259259257,0.34575205349251376,481.48910660500405,2163.477836
exp2,adult,mlp,shap,999,100,recovery_overlay,outputs/batch_results.csv::rec_p1_exp2_mlp_shap_s999_n100,0.7333145556857061,0.3228252596550925,0.09259259259259257,0.3719627187703977,294.56768477728474,2556.080828
exp2,adult,mlp,shap,999,200,recovery_overlay,outputs/batch_results.csv::rec_p1_exp2_mlp_shap_s999_n200,0.7241095959011516,0.32056220093390303,0.09259259259259257,0.3694403402637254,709.116414247037,12164.582035
exp2,adult,rf,anchors,42,50,raw,experiments/exp2_scaled/results/rf_anchors/seed_42/n_50/results.json,0.31209393542633856,0.0011617486470244691,0.17050925925925928,0.19174999999999998,48381.20725359898,11335.806796
exp2,adult,rf,anchors,42,100,raw,experiments/exp2_scaled/results/rf_anchors/seed_42/n_100/results.json,0.3863164820782353,0.006169417594859283,0.03398148148148148,0.16504532529658136,12852.304713937265,8497.153223
exp2,adult,rf,anchors,42,200,raw,experiments/exp2_scaled/results/rf_anchors/seed_42/n_200/results.json,0.3220430878924141,0.0007702346871181976,0.16655092592592596,0.19200812499999997,48073.62479416028,45322.932719
exp2,adult,rf,anchors,123,50,raw,experiments/exp2_scaled/results/rf_anchors/seed_123/n_50/results.json,0.27315562242806257,0.0004392162960573494,0.20685185185185184,0.1975,376238.073678935,8581.821277
exp2,adult,rf,anchors,123,100,raw,experiments/exp2_scaled/results/rf_anchors/seed_123/n_100/results.json,0.28617939224086475,0.0009334041564873475,0.20006944444444444,0.19735624999999998,59724.62058170033,27199.068278
exp2,adult,rf,anchors,123,200,raw,experiments/exp2_scaled/results/rf_anchors/seed_123/n_200/results.json,0.2814315493921661,0.0008580351379257505,0.17569444444444443,0.1966342261904762,52459.37213362785,44278.863491
exp2,adult,rf,anchors,456,50,raw,experiments/exp2_scaled/results/rf_anchors/seed_456/n_50/results.json,0.31735379220811816,0.0007688650965213218,0.1521759259259259,0.19994333333333336,54957.778085139944,12981.9791
exp2,adult,rf,anchors,456,100,raw,experiments/exp2_scaled/results/rf_anchors/seed_456/n_100/results.json,0.29355230753577566,0.0005299034205082175,0.1733796296296296,0.19531125,54325.27520929038,26195.859562
exp2,adult,rf,anchors,456,200,raw,experiments/exp2_scaled/results/rf_anchors/seed_456/n_200/results.json,0.29450291896947095,0.00068825110189736,0.16774176208138472,0.19305950653120466,49823.13324958811,39497.392219
exp2,adult,rf,anchors,789,50,raw,experiments/exp2_scaled/results/rf_anchors/seed_789/n_50/results.json,0.36023615991044194,0.0018348589545640662,0.038148148148148146,0.17211906013814235,16218.863433405002,4801.486416
exp2,adult,rf,anchors,789,100,raw,experiments/exp2_scaled/results/rf_anchors/seed_789/n_100/results.json,0.3054887428339296,0.00021844942570498863,0.18962962962962962,0.20117916666666666,54952.46924371505,24274.328211
exp2,adult,rf,anchors,789,200,raw,experiments/exp2_scaled/results/rf_anchors/seed_789/n_200/results.json,0.3472748818279634,0.0024273077005966346,0.034525462962962966,0.16159955988609798,11191.413114875206,13140.724467
exp2,adult,rf,anchors,999,50,raw,experiments/exp2_scaled/results/rf_anchors/seed_999/n_50/results.json,0.30012891796266516,0.0004266449503030459,0.19194444444444442,0.18978166666666665,55978.152018154935,12274.400148
exp2,adult,rf,anchors,999,100,raw,experiments/exp2_scaled/results/rf_anchors/seed_999/n_100/results.json,0.29593003413264546,0.00016720375410763624,0.19925925925925927,0.20654500000000003,53732.561442503276,23282.017019
exp2,adult,rf,anchors,999,200,raw,experiments/exp2_scaled/results/rf_anchors/seed_999/n_200/results.json,0.3458596865377994,0.004332572892231395,0.033368055555555554,0.16026404249816764,13050.734835728565,15135.444602
exp2,adult,rf,dice,42,50,raw,experiments/exp2_scaled/results/rf_dice/seed_42/n_50/results.json,0.1499089976285846,0.4006724980704062,0.018518518518518517,0.11061666666666667,593.1991491945519,4193.653774
exp2,adult,rf,dice,42,100,raw,experiments/exp2_scaled/results/rf_dice/seed_42/n_100/results.json,0.14501397828751336,0.4139915988199151,0.01833333333333333,0.10548083333333333,651.5149044775899,7993.921682
exp2,adult,rf,dice,42,200,raw,experiments/exp2_scaled/results/rf_dice/seed_42/n_200/results.json,0.13802299080812905,0.40286744436278454,0.01881944444444444,0.10124166666666667,640.1101695239777,18262.770868
exp2,adult,rf,dice,123,50,raw,experiments/exp2_scaled/results/rf_dice/seed_123/n_50/results.json,0.12103780426877474,0.37982139535277964,0.01685185185185185,0.11109999999999999,580.7446902280208,4652.87178
exp2,adult,rf,dice,123,100,raw,experiments/exp2_scaled/results/rf_dice/seed_123/n_100/results.json,0.1188947726296226,0.3617061965394149,0.016828703703703703,0.10631249999999999,1799.8124614650533,10238.955509
exp2,adult,rf,dice,123,200,raw,experiments/exp2_scaled/results/rf_dice/seed_123/n_200/results.json,0.1356950445765254,0.4178042264381556,0.020720344875538865,0.0655017234913786,1931.0183319149985,29218.830426
exp2,adult,rf,dice,456,50,raw,experiments/exp2_scaled/results/rf_dice/seed_456/n_50/results.json,0.11721309314200137,0.41469282925806605,0.020555555555555553,0.053913109112955035,6929.119944499653,12150.803125
exp2,adult,rf,dice,456,100,raw,experiments/exp2_scaled/results/rf_dice/seed_456/n_100/results.json,0.1273885091947803,0.37388224381635454,0.018009259259259256,0.10872499999999999,1617.000169019011,13400.321499
exp2,adult,rf,dice,456,200,raw,experiments/exp2_scaled/results/rf_dice/seed_456/n_200/results.json,0.1325137483520518,0.39763154381368077,0.018464763747782616,0.11865239477503628,1547.3923074585766,22912.304205
exp2,adult,rf,dice,789,50,raw,experiments/exp2_scaled/results/rf_dice/seed_789/n_50/results.json,0.1088415117487132,0.4345251374107379,0.020277777777777777,0.06035186415594103,4017.53329999985,10219.540312
exp2,adult,rf,dice,789,100,raw,experiments/exp2_scaled/results/rf_dice/seed_789/n_100/results.json,0.11455731407806344,0.3783069861662463,0.017916666666666664,0.1053075,1299.7781180019956,7163.778349
exp2,adult,rf,dice,789,200,raw,experiments/exp2_scaled/results/rf_dice/seed_789/n_200/results.json,0.11471973100149696,0.42138906578948393,0.02072916666666666,0.054230633734923345,2746.9065858250997,10550.076223
exp2,adult,rf,dice,999,50,raw,experiments/exp2_scaled/results/rf_dice/seed_999/n_50/results.json,0.1281533973750338,0.38255503364029536,0.017546296296296296,0.11675,1375.9555008480675,2961.884776
exp2,adult,rf,dice,999,100,raw,experiments/exp2_scaled/results/rf_dice/seed_999/n_100/results.json,0.13757305960903893,0.3705903343704227,0.01770833333333333,0.11645499999999999,596.2570245750425,8215.898766
exp2,adult,rf,dice,999,200,raw,experiments/exp2_scaled/results/rf_dice/seed_999/n_200/results.json,0.13990400511291937,0.4239391594024115,0.020277777777777777,0.06378589063361814,3124.1512048938416,12394.611436
exp2,adult,rf,lime,42,50,raw,experiments/exp2_scaled/results/rf_lime/seed_42/n_50/results.json,0.4477508132780521,0.007033884557877755,0.08231481481481481,0.309535,20.363260825179168,74.368483
exp2,adult,rf,lime,42,100,raw,experiments/exp2_scaled/results/rf_lime/seed_42/n_100/results.json,0.4392226502213246,0.006936687425919907,0.08263888888888889,0.3128133333333334,18.578858442615456,137.354272
exp2,adult,rf,lime,42,200,raw,experiments/exp2_scaled/results/rf_lime/seed_42/n_200/results.json,0.44290017191164,0.006879308402417076,0.08320601851851851,0.3117620833333333,16.273713370974292,239.793953
exp2,adult,rf,lime,123,50,raw,experiments/exp2_scaled/results/rf_lime/seed_123/n_50/results.json,0.454610758995531,0.006884767159445644,0.0850462962962963,0.3511416666666667,17.500252710087807,65.571882
exp2,adult,rf,lime,123,100,raw,experiments/exp2_scaled/results/rf_lime/seed_123/n_100/results.json,0.4660867916571867,0.0072120286949049865,0.08541666666666665,0.34399250000000003,55.555503756622784,363.403168
exp2,adult,rf,lime,123,200,raw,experiments/exp2_scaled/results/rf_lime/seed_123/n_200/results.json,0.45394792761475017,0.006503903663354587,0.08465792181069957,0.33298376322751316,18.75935141253851,245.451898
exp2,adult,rf,lime,456,50,raw,experiments/exp2_scaled/results/rf_lime/seed_456/n_50/results.json,0.46008540479271515,0.007322283347829231,0.08453703703703702,0.35278499999999996,17.979517275089165,65.971535
exp2,adult,rf,lime,456,100,raw,experiments/exp2_scaled/results/rf_lime/seed_456/n_100/results.json,0.46648945024554633,0.006351795274857809,0.08444444444444443,0.3527675,18.386070405049395,134.256914
exp2,adult,rf,lime,456,200,raw,experiments/exp2_scaled/results/rf_lime/seed_456/n_200/results.json,0.455848578543592,0.007322983272431158,0.08501316991883028,0.3349158200290276,53.58740258500648,632.967329
exp2,adult,rf,lime,789,50,raw,experiments/exp2_scaled/results/rf_lime/seed_789/n_50/results.json,0.4424749496965383,0.0407713295076436,0.08324074074074073,0.32762250000000004,16.818913500464987,60.772217
exp2,adult,rf,lime,789,100,raw,experiments/exp2_scaled/results/rf_lime/seed_789/n_100/results.json,0.46335823847349317,0.03875120573653916,0.08506944444444443,0.3328091666666667,16.261182486632606,119.873207
exp2,adult,rf,lime,789,200,raw,experiments/exp2_scaled/results/rf_lime/seed_789/n_200/results.json,0.46105224473304945,0.04126039301898584,0.08493589743589743,0.32792578895463503,16.707076116677886,206.933061
exp2,adult,rf,lime,999,50,raw,experiments/exp2_scaled/results/rf_lime/seed_999/n_50/results.json,0.47254287306936676,0.029292288668495113,0.0835185185185185,0.34948166666666663,20.145505859982222,75.140484
exp2,adult,rf,lime,999,100,raw,experiments/exp2_scaled/results/rf_lime/seed_999/n_100/results.json,0.4680126586511305,0.028635781693965544,0.08391203703703702,0.3413416666666667,44.68679291909211,297.066154
exp2,adult,rf,lime,999,200,raw,experiments/exp2_scaled/results/rf_lime/seed_999/n_200/results.json,0.4618740174168826,0.02983917241382631,0.08411998349324253,0.33078667595171773,18.179872612805426,240.190204
exp2,adult,rf,shap,42,50,raw,experiments/exp2_scaled/results/rf_shap/seed_42/n_50/results.json,0.7342148566667325,0.9563293230658904,0.45087962962962963,0.38125,130.62353875499954,106.637175
exp2,adult,rf,shap,42,100,raw,experiments/exp2_scaled/results/rf_shap/seed_42/n_100/results.json,0.723228767903906,0.9535715952442659,0.4515046296296296,0.386125,76.18768976237334,494.136143
exp2,adult,rf,shap,42,200,raw,experiments/exp2_scaled/results/rf_shap/seed_42/n_200/results.json,0.7283952726920859,0.9525786808458137,0.45129629629629625,0.38142187499999997,65.56110147284926,857.668229
exp2,adult,rf,shap,123,50,raw,experiments/exp2_scaled/results/rf_shap/seed_123/n_50/results.json,0.7322965063197024,0.932484854503234,0.5210185185185184,0.39116666666666666,444.26994060515426,1413.064183
exp2,adult,rf,shap,123,100,raw,experiments/exp2_scaled/results/rf_shap/seed_123/n_100/results.json,0.7361043555704014,0.937312175300962,0.5213194444444444,0.392225,412.60282684190315,2667.369214
exp2,adult,rf,shap,123,200,raw,experiments/exp2_scaled/results/rf_shap/seed_123/n_200/results.json,0.7159509982330133,0.9381344204619191,0.5205375514403292,0.3771944113756614,857.644625929172,1432.589903
exp2,adult,rf,shap,456,50,raw,experiments/exp2_scaled/results/rf_shap/seed_456/n_50/results.json,0.7371197647190136,0.9514222502104437,0.48203703703703704,0.4045683333333333,76.93325644024299,252.48245
exp2,adult,rf,shap,456,100,raw,experiments/exp2_scaled/results/rf_shap/seed_456/n_100/results.json,0.7377687089702316,0.9506124946155978,0.48483796296296305,0.40180916666666666,844.228364270025,675.696072
exp2,adult,rf,shap,456,200,raw,experiments/exp2_scaled/results/rf_shap/seed_456/n_200/results.json,0.7194819908392607,0.9512923836384981,0.482879105520615,0.38512506047411715,421.54815948888637,4601.350228
exp2,adult,rf,shap,789,50,raw,experiments/exp2_scaled/results/rf_shap/seed_789/n_50/results.json,0.7353942999561899,0.9517321681030595,0.4673611111111111,0.4020375,693.6462933499934,248.832521
exp2,adult,rf,shap,789,100,raw,experiments/exp2_scaled/results/rf_shap/seed_789/n_100/results.json,0.728780372817059,0.9449435824488294,0.4675694444444444,0.39949375000000004,65.85333302282379,430.569044
exp2,adult,rf,shap,789,200,raw,experiments/exp2_scaled/results/rf_shap/seed_789/n_200/results.json,0.7210386096111998,0.9493647226807865,0.46489425816348895,0.39209689349112425,72.87894730318749,805.306317
exp2,adult,rf,shap,999,50,raw,experiments/exp2_scaled/results/rf_shap/seed_999/n_50/results.json,0.729929613886256,0.9563591938073421,0.46944444444444444,0.4084733333333333,506.5910742271808,1567.127968
exp2,adult,rf,shap,999,100,raw,experiments/exp2_scaled/results/rf_shap/seed_999/n_100/results.json,0.7314354663019995,0.9524707904441274,0.4697916666666667,0.40254166666666663,70.25407686742255,465.022634
exp2,adult,rf,shap,999,200,raw,experiments/exp2_scaled/results/rf_shap/seed_999/n_200/results.json,0.7188928395894968,0.952611799315541,0.46879191168884754,0.38320566388115135,89.3537589333409,1144.087529
exp2,adult,svm,anchors,42,50,raw,experiments/exp2_scaled/results/svm_anchors/seed_42/n_50/results.json,0.5157527227214526,0.0013562676782328713,0.045462962962962955,0.2924000480040567,265858.40962376,7277.919686
exp2,adult,svm,anchors,42,100,raw,experiments/exp2_scaled/results/svm_anchors/seed_42/n_100/results.json,0.5178050478317995,0.0008821849466995873,0.041342592592592584,0.29315471767714885,28797.46461425755,16083.754109
exp2,adult,svm,anchors,42,200,raw,experiments/exp2_scaled/results/svm_anchors/seed_42/n_200/results.json,0.5094742819625744,0.4562934805653905,0.04247685185185184,0.2885605058902524,129333.6749866201,31362.63067
exp2,adult,svm,anchors,123,50,raw,experiments/exp2_scaled/results/svm_anchors/seed_123/n_50/results.json,0.5026929981850368,0.0006566035778378482,0.045046296296296286,0.29687313996751613,28256.80239311958,7913.608672
exp2,adult,svm,anchors,123,100,raw,experiments/exp2_scaled/results/svm_anchors/seed_123/n_100/results.json,0.504704936737758,0.0003670295470700207,0.04518518518518518,0.2921470621631386,37822.12734323242,20677.362992
exp2,adult,svm,anchors,123,200,raw,experiments/exp2_scaled/results/svm_anchors/seed_123/n_200/results.json,0.5086253228230996,0.06091925455528012,0.04002272507494439,0.28619035958555034,60100.65265241152,64084.037999
exp2,adult,svm,anchors,456,50,raw,experiments/exp2_scaled/results/svm_anchors/seed_456/n_50/results.json,0.49663282846168977,0.002096756302099037,0.04273148148148147,0.29134079719430206,29955.141885399968,8279.333733
exp2,adult,svm,anchors,456,100,raw,experiments/exp2_scaled/results/svm_anchors/seed_456/n_100/results.json,0.5073548052924467,0.10781352174711537,0.04052095024317247,0.2976232247636724,58476.76299090886,3305.559685
exp2,adult,svm,anchors,456,200,raw,experiments/exp2_scaled/results/svm_anchors/seed_456/n_200/results.json,0.5075538812018385,0.0012327335497718222,0.0439699074074074,0.2944644263167483,34765.61658188768,42670.721926
exp2,adult,svm,anchors,789,50,raw,experiments/exp2_scaled/results/svm_anchors/seed_789/n_50/results.json,0.5366468230148077,0.0001364774001802114,0.04555555555555555,0.30747533879330613,35822.03486499959,8554.411834
exp2,adult,svm,anchors,789,100,raw,experiments/exp2_scaled/results/svm_anchors/seed_789/n_100/results.json,0.5296755119266274,0.00012587728088177082,0.04108796296296296,0.3034736290406533,30259.32845689837,14844.285187
exp2,adult,svm,anchors,789,200,raw,experiments/exp2_scaled/results/svm_anchors/seed_789/n_200/results.json,0.5310385196972796,0.39620303885320646,0.03905092592592592,0.29870049464990717,128176.09872121963,2212.222411
exp2,adult,svm,anchors,999,50,raw,experiments/exp2_scaled/results/svm_anchors/seed_999/n_50/results.json,0.504689330206189,7.142857142857142e-05,0.04347222222222222,0.28369576737289176,28872.60561288014,7137.228557
exp2,adult,svm,anchors,999,100,raw,experiments/exp2_scaled/results/svm_anchors/seed_999/n_100/results.json,0.5147677508190295,0.0003696835477692237,0.04217592592592592,0.2948504852805507,27938.890439895014,14320.984093
exp2,adult,svm,anchors,999,200,raw,experiments/exp2_scaled/results/svm_anchors/seed_999/n_200/results.json,0.5107905527196507,0.27820533911713025,0.041247906197654935,0.2952500024870744,99896.25142283371,13538.456677
exp2,adult,svm,dice,42,50,raw,experiments/exp2_scaled/results/svm_dice/seed_42/n_50/results.json,0.2075673637741238,0.4002102552019002,0.015370370370370373,0.06458483500438604,11712.865983913362,36818.119225
exp2,adult,svm,dice,42,100,raw,experiments/exp2_scaled/results/svm_dice/seed_42/n_100/results.json,0.20871373536718438,0.3861027174465558,0.01525462962962963,0.060914404459455486,2315.799067696753,14865.674122
exp2,adult,svm,dice,42,200,raw,experiments/exp2_scaled/results/svm_dice/seed_42/n_200/results.json,0.22001895523368836,0.3939336164206405,0.015451388888888888,0.06335487103049407,2233.917822399708,28531.007899
exp2,adult,svm,dice,123,100,raw,experiments/exp2_scaled/results/svm_dice/seed_123/n_100/results.json,0.20655959667323523,0.40093564299357964,0.015625,0.06073966480154783,2107.6064053174878,13528.470961
exp2,adult,svm,dice,123,200,raw,experiments/exp2_scaled/results/svm_dice/seed_123/n_200/results.json,0.2213358897991829,0.401925430381935,0.015567129629629629,0.06889908748074626,12264.655626190233,157762.660344
exp2,adult,svm,dice,456,50,raw,experiments/exp2_scaled/results/svm_dice/seed_456/n_50/results.json,0.22268115490224338,0.4132496037553814,0.015046296296296295,0.06473934618343317,2123.0422385432757,6685.790475
exp2,adult,svm,dice,456,200,raw,experiments/exp2_scaled/results/svm_dice/seed_456/n_200/results.json,0.20797936160220282,0.3987664674983401,0.015497685185185184,0.06621359598123237,2104.1380317687867,26796.577699
exp2,adult,svm,dice,789,50,raw,experiments/exp2_scaled/results/svm_dice/seed_789/n_50/results.json,0.23494843857780956,0.3794965935540848,0.01587962962962963,0.07038579808066847,2093.819437289494,6872.730197
exp2,adult,svm,dice,789,100,raw,experiments/exp2_scaled/results/svm_dice/seed_789/n_100/results.json,0.24989502716646717,0.39050157212693876,0.015300925925925926,0.07527248490892723,2149.8559918574756,13575.820322
exp2,adult,svm,dice,789,200,raw,experiments/exp2_scaled/results/svm_dice/seed_789/n_200/results.json,0.23325263394767887,0.394157272845079,0.01574074074074074,0.07068210427134797,2106.122792898732,26750.589079
exp2,adult,svm,dice,999,50,raw,experiments/exp2_scaled/results/svm_dice/seed_999/n_50/results.json,0.20030030417596387,0.3977575921150891,0.015787037037037037,0.057373715095822994,13066.51519936997,34321.369645
exp2,adult,svm,dice,999,100,raw,experiments/exp2_scaled/results/svm_dice/seed_999/n_100/results.json,0.0,0.0,0.0,0.009050312375372793,5.59005207309383,61.213911
exp2,adult,svm,dice,999,200,raw,experiments/exp2_scaled/results/svm_dice/seed_999/n_200/results.json,0.2114912793291208,0.38192974949752745,0.015358796296296297,0.06128088082903584,4567.788071999803,26471.84327
exp2,adult,svm,lime,42,50,raw,experiments/exp2_scaled/results/svm_lime/seed_42/n_50/results.json,0.5923942950443873,0.005099724864909429,0.08662037037037035,0.29909941540833834,800.8024455957639,2591.008528
exp2,adult,svm,lime,42,100,raw,experiments/exp2_scaled/results/svm_lime/seed_42/n_100/results.json,0.5902325408680873,0.007850119520288659,0.0862037037037037,0.29369151690031103,745.8499238762306,4823.346494
exp2,adult,svm,lime,42,200,raw,experiments/exp2_scaled/results/svm_lime/seed_42/n_200/results.json,0.5934134941668439,0.007219508999887591,0.08481481481481482,0.2960139643725238,804.5723011419614,10363.080408
exp2,adult,svm,lime,123,50,raw,experiments/exp2_scaled/results/svm_lime/seed_123/n_50/results.json,0.5919105979840638,0.007910578272737803,0.08486111111111111,0.29734873406781076,824.5848619044409,2636.648589
exp2,adult,svm,lime,123,100,raw,experiments/exp2_scaled/results/svm_lime/seed_123/n_100/results.json,0.5847311940190413,0.008219547718877122,0.08368055555555554,0.2945459505284704,740.6621370975336,4793.314934
exp2,adult,svm,lime,123,200,raw,experiments/exp2_scaled/results/svm_lime/seed_123/n_200/results.json,0.5845277126469918,0.007039683056620377,0.0835185185185185,0.2880669892708283,793.7666865424035,10246.933702
exp2,adult,svm,lime,456,50,raw,experiments/exp2_scaled/results/svm_lime/seed_456/n_50/results.json,0.5857653536682115,0.007293903152180604,0.0849537037037037,0.3040972949815787,5282.089046024485,17165.129663
exp2,adult,svm,lime,456,100,raw,experiments/exp2_scaled/results/svm_lime/seed_456/n_100/results.json,0.5856206165998343,0.008564952861155868,0.08525462962962962,0.30199396490509,782.7864831924761,5052.516829
exp2,adult,svm,lime,456,200,raw,experiments/exp2_scaled/results/svm_lime/seed_456/n_200/results.json,0.5906228334025606,0.007519340138159446,0.08393518518518517,0.30641827558952583,741.5859334797278,9582.243444
exp2,adult,svm,lime,789,50,raw,experiments/exp2_scaled/results/svm_lime/seed_789/n_50/results.json,0.5904939791475493,0.03959194411418428,0.085,0.28526217329304066,772.3805505943892,2498.323058
exp2,adult,svm,lime,789,100,raw,experiments/exp2_scaled/results/svm_lime/seed_789/n_100/results.json,0.5972421756591253,0.04018019383137229,0.0848611111111111,0.30076385473407785,859.5707907272663,5577.232522
exp2,adult,svm,lime,789,200,raw,experiments/exp2_scaled/results/svm_lime/seed_789/n_200/results.json,0.6012687588278838,0.04122690130035145,0.08496527777777776,0.3015406762800753,820.5443748801918,10570.078902
exp2,adult,svm,lime,999,50,raw,experiments/exp2_scaled/results/svm_lime/seed_999/n_50/results.json,0.600572077245035,0.03346795767646538,0.08592592592592592,0.2970965686085109,802.3727177058754,2567.101855
exp2,adult,svm,lime,999,100,raw,experiments/exp2_scaled/results/svm_lime/seed_999/n_100/results.json,0.5992909205386551,0.029244356788868192,0.0862962962962963,0.2932957574162206,746.1657210874546,4834.629112
exp2,adult,svm,lime,999,200,raw,experiments/exp2_scaled/results/svm_lime/seed_999/n_200/results.json,0.6014772377206729,0.029643725673812443,0.08538194444444443,0.30192577027088263,802.8538493587425,10688.001187
exp2,adult,svm,shap,42,50,recovery_overlay,outputs/batch_results.csv::rec_p1_exp2_svm_shap_s42_n50,0.875307295038725,0.9287631438090032,0.09259259259259257,0.3471448750104374,54400.35113654114,182994.602403
exp2,adult,svm,shap,42,100,recovery_overlay,outputs/batch_results.csv::rec_p1_exp2_svm_shap_s42_n100,0.8807207461222615,0.9252551285124452,0.09259259259259257,0.35062665361456374,68470.20453639445,492810.729832
exp2,adult,svm,shap,42,200,recovery_overlay,outputs/batch_results.csv::rec_p1_exp2_svm_shap_s42_n200,0.8812437712669834,0.9231132020973786,0.09259259259259257,0.3463866478329375,25040.436156026008,347317.053539
exp2,adult,svm,shap,123,50,recovery_overlay,outputs/batch_results.csv::rec_p1_exp2_svm_shap_s123_n50,0.8775156649172975,0.9264721029991665,0.09259259259259257,0.34312335870755506,75619.28559864784,261737.150154
exp2,adult,svm,shap,123,100,recovery_overlay,outputs/batch_results.csv::rec_p1_exp2_svm_shap_s123_n100,0.8759548237999857,0.9205106073350288,0.09259259259259257,0.3418519394452103,70003.89915149179,481959.800863
exp2,adult,svm,shap,123,200,recovery_overlay,outputs/batch_results.csv::rec_p1_exp2_svm_shap_s123_n200,0.8776750494487401,0.9207208363565265,0.09259259259259257,0.34209813760767277,44670.788584552014,618208.326254
exp2,adult,svm,shap,456,50,recovery_overlay,outputs/batch_results.csv::rec_p1_exp2_svm_shap_s456_n50,0.8765290764667151,0.926257977881248,0.09259259259259257,0.35133306060135183,49951.138989468745,172852.71114
exp2,adult,svm,shap,456,100,recovery_overlay,outputs/batch_results.csv::rec_p1_exp2_svm_shap_s456_n100,0.8792756630262001,0.9286371908736487,0.09259259259259257,0.3471257544471253,52459.725909688066,351661.256614
exp2,adult,svm,shap,456,200,recovery_overlay,outputs/batch_results.csv::rec_p1_exp2_svm_shap_s456_n200,0.8827328260755106,0.9264143760223459,0.09259259259259257,0.3463805304932999,48250.957458719815,348450.020066
exp2,adult,svm,shap,789,50,recovery_overlay,outputs/batch_results.csv::rec_p1_exp2_svm_shap_s789_n50,0.893927007742423,0.9210673955126292,0.09259259259259257,0.3460612171801359,68086.0899267334,236549.825238
exp2,adult,svm,shap,789,100,recovery_overlay,outputs/batch_results.csv::rec_p1_exp2_svm_shap_s789_n100,0.8916680417480127,0.9213009189536365,0.09259259259259257,0.35051909395540404,66628.44532459363,459804.202567
exp2,adult,svm,shap,789,200,recovery_overlay,outputs/batch_results.csv::rec_p1_exp2_svm_shap_s789_n200,0.8874659701117019,0.9225396482247787,0.09259259259259257,0.3514660296695936,44993.26546287624,617114.243859
exp2,adult,svm,shap,999,50,recovery_overlay,outputs/batch_results.csv::rec_p1_exp2_svm_shap_s999_n50,0.8831068004011007,0.9313523566266181,0.09259259259259257,0.3363209471450784,54917.152182865066,185768.053044
exp2,adult,svm,shap,999,100,recovery_overlay,outputs/batch_results.csv::rec_p1_exp2_svm_shap_s999_n100,0.8803656879937125,0.9243987948197783,0.09259259259259257,0.33340169524599444,45250.55380357779,312582.888764
exp2,adult,svm,shap,999,200,recovery_overlay,outputs/batch_results.csv::rec_p1_exp2_svm_shap_s999_n200,0.8857686428083152,0.9253699148184988,0.09259259259259257,0.34263212474208316,44714.7366992513,620935.383038
exp2,adult,xgb,anchors,42,50,raw,experiments/exp2_scaled/results/xgb_anchors/seed_42/n_50/results.json,0.3043581442428179,0.0007457598085231413,0.06203703703703703,0.22829901651304682,3872.198461241205,1925.63087
exp2,adult,xgb,anchors,42,100,raw,experiments/exp2_scaled/results/xgb_anchors/seed_42/n_100/results.json,0.32516879297982143,0.0010267827079560215,0.05585648148148147,0.2270535430154996,2722.023888185213,1680.169473
exp2,adult,xgb,anchors,123,100,raw,experiments/exp2_scaled/results/xgb_anchors/seed_123/n_100/results.json,0.32927336650947614,0.00042678979041042316,0.05599537037037036,0.22502060307771898,3969.9149660000508,2575.592446
exp2,adult,xgb,anchors,123,200,raw,experiments/exp2_scaled/results/xgb_anchors/seed_123/n_200/results.json,0.32731853619882373,0.000544538759187193,0.05909722222222222,0.2289017927691748,2666.589169023573,3850.874014
exp2,adult,xgb,anchors,456,50,raw,experiments/exp2_scaled/results/xgb_anchors/seed_456/n_50/results.json,0.3209681269856867,0.0005357142857142856,0.05731481481481481,0.2085541560559068,2914.5761993544875,826.461684
exp2,adult,xgb,anchors,456,100,raw,experiments/exp2_scaled/results/xgb_anchors/seed_456/n_100/results.json,0.3136310257344175,0.0010926536935005004,0.05425925925925926,0.22054060650698376,2363.510818358336,1870.27695
exp2,adult,xgb,anchors,456,200,raw,experiments/exp2_scaled/results/xgb_anchors/seed_456/n_200/results.json,0.3195810735559782,0.3216567944748403,0.05822916666666666,0.2199554020360665,21628.955646114286,177357.423452
exp2,adult,xgb,anchors,789,50,raw,experiments/exp2_scaled/results/xgb_anchors/seed_789/n_50/results.json,0.3102751744070678,0.00016666666666666663,0.05685185185185185,0.21209266681340522,3087.7967139951033,883.802515
exp2,adult,xgb,anchors,789,100,raw,experiments/exp2_scaled/results/xgb_anchors/seed_789/n_100/results.json,0.31216962666825304,0.3271671950640615,0.05657407407407407,0.22886575016920688,19830.533582238713,84437.894403
exp2,adult,xgb,anchors,789,200,raw,experiments/exp2_scaled/results/xgb_anchors/seed_789/n_200/results.json,0.31055823386174675,9.472746168079222e-05,0.05622685185185184,0.22433892116729112,3694.6127100175204,3823.83176
exp2,adult,xgb,anchors,999,50,raw,experiments/exp2_scaled/results/xgb_anchors/seed_999/n_50/results.json,0.30484396762526894,0.33799749039243904,0.06074074074074074,0.20501718781917588,24026.739001815004,47257.810581
exp2,adult,xgb,anchors,999,100,raw,experiments/exp2_scaled/results/xgb_anchors/seed_999/n_100/results.json,0.31540424733984446,0.333376346645462,0.060509259259259256,0.21985999957294552,4127.490501759894,13283.489442
exp2,adult,xgb,anchors,999,200,raw,experiments/exp2_scaled/results/xgb_anchors/seed_999/n_200/results.json,0.3172583091309699,0.000245884766389125,0.06336805555555555,0.2185810994237545,3521.5745801046432,3829.031526
exp2,adult,xgb,dice,42,50,raw,experiments/exp2_scaled/results/xgb_dice/seed_42/n_50/results.json,0.3465680284978627,0.5944630920089196,0.016712962962962964,0.1917313935304992,861.12402917,2081.764416
exp2,adult,xgb,dice,42,100,raw,experiments/exp2_scaled/results/xgb_dice/seed_42/n_100/results.json,0.32474118422100173,0.5776036193127061,0.01726851851851852,0.1723344172455836,1794.0235127274354,7923.47524
exp2,adult,xgb,dice,42,200,raw,experiments/exp2_scaled/results/xgb_dice/seed_42/n_200/results.json,0.32397388635164936,0.5699358708027801,0.01653935185185185,0.1814757101770374,883.0771577749966,10222.893976
exp2,adult,xgb,dice,123,50,raw,experiments/exp2_scaled/results/xgb_dice/seed_123/n_50/results.json,0.31241754156899043,0.5767104111628291,0.01634259259259259,0.1720871977720526,807.7348343838821,1940.360881
exp2,adult,xgb,dice,123,100,raw,experiments/exp2_scaled/results/xgb_dice/seed_123/n_100/results.json,0.3250575238152601,0.5679404822317415,0.016273148148148148,0.1849084573260916,778.5445294692909,4416.142251
exp2,adult,xgb,dice,123,200,raw,experiments/exp2_scaled/results/xgb_dice/seed_123/n_200/results.json,0.3203789595383501,0.5645044842218236,0.016678240740740743,0.1791851574327302,666.804232376453,7657.856376
exp2,adult,xgb,dice,456,50,raw,experiments/exp2_scaled/results/xgb_dice/seed_456/n_50/results.json,0.34612047698714804,0.540943640712019,0.016898148148148148,0.19161563599976944,6492.844317165436,22252.724145
exp2,adult,xgb,dice,456,100,raw,experiments/exp2_scaled/results/xgb_dice/seed_456/n_100/results.json,0.3251535658305768,0.5579076728823938,0.016898148148148148,0.1800694066369033,737.5999265574501,3927.108864
exp2,adult,xgb,dice,456,200,raw,experiments/exp2_scaled/results/xgb_dice/seed_456/n_200/results.json,0.3130355573473592,0.5682299698601728,0.016458333333333332,0.17008652180811623,689.0211691871446,8750.556835
exp2,adult,xgb,dice,789,50,raw,experiments/exp2_scaled/results/xgb_dice/seed_789/n_50/results.json,0.34087748950654384,0.5487901144358354,0.016712962962962964,0.19331199306761845,13154.207841809475,19499.284111
exp2,adult,xgb,dice,789,200,raw,experiments/exp2_scaled/results/xgb_dice/seed_789/n_200/results.json,0.32744552053547066,0.5748737983035119,0.016863425925925924,0.18451225745040575,586.665066242058,7469.719618
exp2,adult,xgb,dice,999,50,raw,experiments/exp2_scaled/results/xgb_dice/seed_999/n_50/results.json,0.32355393689581086,0.571831138932403,0.016759259259259262,0.1906496626965236,828.9532602315012,1855.658109
exp2,adult,xgb,dice,999,100,raw,experiments/exp2_scaled/results/xgb_dice/seed_999/n_100/results.json,0.3469093413616528,0.5806000128946459,0.017152777777777777,0.20196232986083487,834.2594535223179,4504.592555
exp2,adult,xgb,dice,999,200,raw,experiments/exp2_scaled/results/xgb_dice/seed_999/n_200/results.json,0.3173058990162563,0.5804038895473046,0.016585648148148148,0.17283521527591802,710.299256282633,8306.532863
exp2,adult,xgb,lime,42,50,raw,experiments/exp2_scaled/results/xgb_lime/seed_42/n_50/results.json,0.5307848670075532,0.0024036296498505067,0.08222222222222221,0.3635715183452703,3.6904785050137434,12.066009
exp2,adult,xgb,lime,42,100,raw,experiments/exp2_scaled/results/xgb_lime/seed_42/n_100/results.json,0.5289764690697483,0.003911416647849287,0.08296296296296295,0.36010330579360017,3.8869271700968966,24.700121
exp2,adult,xgb,lime,42,200,raw,experiments/exp2_scaled/results/xgb_lime/seed_42/n_200/results.json,0.5344652187452801,0.0035546889997177004,0.08355324074074072,0.35965612216088627,3.107096683670534,40.850298
exp2,adult,xgb,lime,123,50,raw,experiments/exp2_scaled/results/xgb_lime/seed_123/n_50/results.json,0.5374651075365516,0.0028218544914167436,0.08319444444444443,0.372786765882629,39.40111455362057,93.052874
exp2,adult,xgb,lime,123,100,raw,experiments/exp2_scaled/results/xgb_lime/seed_123/n_100/results.json,0.5498114781984557,0.0029897580495746676,0.08372685185185183,0.3696579395508161,4.061345096415607,26.61877
exp2,adult,xgb,lime,123,200,raw,experiments/exp2_scaled/results/xgb_lime/seed_123/n_200/results.json,0.5536890653475366,0.00393865283530308,0.08462962962962962,0.37457939082283703,3.7426078612770652,48.572816
exp2,adult,xgb,lime,456,50,raw,experiments/exp2_scaled/results/xgb_lime/seed_456/n_50/results.json,0.5725855042447887,0.0035530486524867227,0.0862962962962963,0.39439713342406324,12.134941490003257,41.703249
exp2,adult,xgb,lime,456,100,raw,experiments/exp2_scaled/results/xgb_lime/seed_456/n_100/results.json,0.5569654982523439,0.003774445404465448,0.08546296296296294,0.37921811539003103,3.7458729896025034,24.587632
exp2,adult,xgb,lime,456,200,raw,experiments/exp2_scaled/results/xgb_lime/seed_456/n_200/results.json,0.5704603775663168,0.0036092305800800896,0.08582175925925924,0.38641883430915186,4.06097088191018,52.587395
exp2,adult,xgb,lime,789,50,raw,experiments/exp2_scaled/results/xgb_lime/seed_789/n_50/results.json,0.573285421248094,0.02098561733703153,0.08675925925925926,0.379713317482383,4.463897955356515,13.162091
exp2,adult,xgb,lime,789,100,raw,experiments/exp2_scaled/results/xgb_lime/seed_789/n_100/results.json,0.5693322194251023,0.023447332295112693,0.08518518518518517,0.3768657752215222,3.6544982307532337,23.556544
exp2,adult,xgb,lime,789,200,raw,experiments/exp2_scaled/results/xgb_lime/seed_789/n_200/results.json,0.5571246669081514,0.02212870060175396,0.08337962962962962,0.3734347660169442,3.1183823419269174,40.816395
exp2,adult,xgb,lime,999,50,raw,experiments/exp2_scaled/results/xgb_lime/seed_999/n_50/results.json,0.5510387483645798,0.019355832001425054,0.08416666666666664,0.36177216163137926,34.982445587811526,86.226808
exp2,adult,xgb,lime,999,100,raw,experiments/exp2_scaled/results/xgb_lime/seed_999/n_100/results.json,0.5505469452992569,0.01787003713656436,0.08333333333333331,0.3758641170334886,3.88025602511334,24.61373
exp2,adult,xgb,lime,999,200,raw,experiments/exp2_scaled/results/xgb_lime/seed_999/n_200/results.json,0.5558011343164173,0.017041332444458095,0.08407407407407405,0.3667113601429446,3.9243753185837704,51.512571
exp2,adult,xgb,shap,42,50,raw,experiments/exp2_scaled/results/xgb_shap/seed_42/n_50/results.json,0.7824505062109804,0.5984453159520303,0.35407407407407404,0.44040421546204017,1.04862606000097,3.647613
exp2,adult,xgb,shap,42,100,raw,experiments/exp2_scaled/results/xgb_shap/seed_42/n_100/results.json,0.7779008570263747,0.610748973123999,0.3528935185185185,0.4285556142270798,1.008785933663603,7.024816
exp2,adult,xgb,shap,42,200,raw,experiments/exp2_scaled/results/xgb_shap/seed_42/n_200/results.json,0.7815940054253062,0.6127829623979423,0.3545138888888889,0.4303789181591128,0.946990915981587,12.594307
exp2,adult,xgb,shap,123,50,raw,experiments/exp2_scaled/results/xgb_shap/seed_123/n_50/results.json,0.7259101057667467,0.5907511005730562,0.4010185185185185,0.4270212282950524,1.055264586029807,3.625641
exp2,adult,xgb,shap,123,100,raw,experiments/exp2_scaled/results/xgb_shap/seed_123/n_100/results.json,0.7291295289617881,0.5752512866836785,0.40182870370370366,0.4307809158315649,1.047698635047709,7.098821
exp2,adult,xgb,shap,123,200,raw,experiments/exp2_scaled/results/xgb_shap/seed_123/n_200/results.json,0.7241276937291683,0.5849216163503936,0.4017824074074074,0.4372782713800552,1.0856422736833338,15.0741
exp2,adult,xgb,shap,456,50,raw,experiments/exp2_scaled/results/xgb_shap/seed_456/n_50/results.json,0.7588960738166333,0.5383470810345847,0.38935185185185184,0.4337397306924686,1.1619280605373206,4.152972
exp2,adult,xgb,shap,456,100,raw,experiments/exp2_scaled/results/xgb_shap/seed_456/n_100/results.json,0.7560225362127839,0.5471271441772854,0.38942129629629635,0.4240124963177368,1.103776283271145,7.827471
exp2,adult,xgb,shap,456,200,raw,experiments/exp2_scaled/results/xgb_shap/seed_456/n_200/results.json,0.7612080965075961,0.5310739998696135,0.39020833333333327,0.4244098363845842,1.0561131261420087,14.161837
exp2,adult,xgb,shap,789,50,raw,experiments/exp2_scaled/results/xgb_shap/seed_789/n_50/results.json,0.7085356586803817,0.5256376563776947,0.3688888888888889,0.43486607280559836,1.026652269938495,3.475776
exp2,adult,xgb,shap,789,100,raw,experiments/exp2_scaled/results/xgb_shap/seed_789/n_100/results.json,0.7003788513033187,0.5427090779580288,0.3692129629629629,0.42436974882613865,1.1602774200036947,8.31502
exp2,adult,xgb,shap,789,200,raw,experiments/exp2_scaled/results/xgb_shap/seed_789/n_200/results.json,0.7077357111659537,0.5386809617638683,0.36979166666666674,0.42616884886985645,0.9591223993629683,12.72174
exp2,adult,xgb,shap,999,50,raw,experiments/exp2_scaled/results/xgb_shap/seed_999/n_50/results.json,0.8208890629008735,0.6145541979179703,0.36620370370370364,0.4359399726137053,3.0639125002198853,11.058411
exp2,adult,xgb,shap,999,100,raw,experiments/exp2_scaled/results/xgb_shap/seed_999/n_100/results.json,0.8287331801560335,0.6098289618126886,0.36618055555555556,0.44182743363140614,1.132346539743594,7.793787
exp2,adult,xgb,shap,999,200,raw,experiments/exp2_scaled/results/xgb_shap/seed_999/n_200/results.json,0.8203268264260608,0.6066299125036998,0.36520833333333336,0.4318299848944298,1.038869274634635,13.940618
exp3,breast_cancer,rf,anchors,123,100,raw,experiments/exp3_cross_dataset/results/breast_cancer/rf_anchors/seed_123/n_100/results.json,0.24952044624373995,0.32533247228080137,0.06871345029239766,0.12885964912280704,4112.3479499988125,6679.806376
exp3,breast_cancer,rf,anchors,42,100,raw,experiments/exp3_cross_dataset/results/breast_cancer/rf_anchors/seed_42/n_100/results.json,0.20513462495026707,0.27637608998725727,0.06959064327485379,0.07219298245614034,4763.114403511537,6884.69816
exp3,breast_cancer,rf,anchors,456,100,raw,experiments/exp3_cross_dataset/results/breast_cancer/rf_anchors/seed_456/n_100/results.json,0.3397668085212883,0.3098148416103993,0.06812865497076022,0.10157894736842107,4158.198762278628,6567.670648
exp3,breast_cancer,rf,shap,123,100,raw,experiments/exp3_cross_dataset/results/breast_cancer/rf_shap/seed_123/n_100/results.json,0.7664599015703526,0.9460612549068768,0.9780701754385966,0.30412280701754385,1008.00632456677,122.49825
exp3,breast_cancer,rf,shap,42,100,raw,experiments/exp3_cross_dataset/results/breast_cancer/rf_shap/seed_42/n_100/results.json,0.7305652893217536,0.9415957825511762,0.9821637426900585,0.25535087719298244,1003.5125112310134,132.762636
exp3,breast_cancer,rf,shap,456,100,raw,experiments/exp3_cross_dataset/results/breast_cancer/rf_shap/seed_456/n_100/results.json,0.8384839164759338,0.9717101572240963,0.9754385964912281,0.27394736842105266,1003.0285113964949,120.9004
exp3,breast_cancer,xgb,anchors,123,100,raw,experiments/exp3_cross_dataset/results/breast_cancer/xgb_anchors/seed_123/n_100/results.json,0.15797053091560195,0.46415760700707964,0.06929824561403508,0.07536313724561121,2427.708196491534,2680.10929
exp3,breast_cancer,xgb,anchors,42,100,raw,experiments/exp3_cross_dataset/results/breast_cancer/xgb_anchors/seed_42/n_100/results.json,0.16040979067958522,0.4589910841121338,0.06900584795321636,0.11916393964865915,1995.7900999957417,2641.375523
exp3,breast_cancer,xgb,anchors,456,100,raw,experiments/exp3_cross_dataset/results/breast_cancer/xgb_anchors/seed_456/n_100/results.json,0.30546288159086504,0.5168270676175222,0.06871345029239766,0.07690619231454962,1911.6669622854445,2361.417726
exp3,breast_cancer,xgb,shap,123,100,raw,experiments/exp3_cross_dataset/results/breast_cancer/xgb_shap/seed_123/n_100/results.json,0.5438052329189592,0.956060764451572,0.3333333333333333,0.2425335932588368,1002.4300482442701,339.413051
exp3,breast_cancer,xgb,shap,42,100,raw,experiments/exp3_cross_dataset/results/breast_cancer/xgb_shap/seed_42/n_100/results.json,0.5869631103893852,0.9383155323819916,0.3333333333333333,0.3638431278962168,1002.6831254312001,339.286709
exp3,breast_cancer,xgb,shap,456,100,raw,experiments/exp3_cross_dataset/results/breast_cancer/xgb_shap/seed_456/n_100/results.json,0.6887420536997271,0.964965538280241,0.3333333333333333,0.43920627707746207,1002.828650880123,336.311102
exp3,german_credit,rf,anchors,123,100,raw,experiments/exp3_cross_dataset/results/german_credit/rf_anchors/seed_123/n_100/results.json,0.3535340625768733,0.6667735313763588,0.1164597744717142,0.11248554913294798,3182.8652525203656,7545.681334
exp3,german_credit,rf,anchors,42,100,raw,experiments/exp3_cross_dataset/results/german_credit/rf_anchors/seed_42/n_100/results.json,0.3438226383735196,0.6738751147687009,0.1197554876354543,0.10423728813559321,3343.3356933953296,8239.500117
exp3,german_credit,rf,anchors,456,100,raw,experiments/exp3_cross_dataset/results/german_credit/rf_anchors/seed_456/n_100/results.json,0.3556640802309049,0.6755288126728306,0.10812091348431724,0.11052023121387283,3240.493939653247,7334.867607
exp3,german_credit,rf,shap,123,100,raw,experiments/exp3_cross_dataset/results/german_credit/rf_shap/seed_123/n_100/results.json,0.7138148430158309,0.9852331883879646,0.8968065952809628,0.15115606936416187,1003.9873492890159,202.573127
exp3,german_credit,rf,shap,42,100,raw,experiments/exp3_cross_dataset/results/german_credit/rf_shap/seed_42/n_100/results.json,0.71160773673701,0.9875155621252147,0.9032138557006575,0.14192090395480225,1003.6029718587531,207.591045
exp3,german_credit,rf,shap,456,100,raw,experiments/exp3_cross_dataset/results/german_credit/rf_shap/seed_456/n_100/results.json,0.7156467023680949,0.9830576937170111,0.9245712119776368,0.15248554913294796,1003.3139827283183,202.589245
exp3,german_credit,xgb,anchors,123,100,raw,experiments/exp3_cross_dataset/results/german_credit/xgb_anchors/seed_123/n_100/results.json,0.4779320192841855,0.6347251421294661,0.06408345752608048,0.19893884023820813,1222.8128445738714,1569.30933
exp3,german_credit,xgb,anchors,42,100,raw,experiments/exp3_cross_dataset/results/german_credit/xgb_anchors/seed_42/n_100/results.json,0.4430087414044732,0.6930468312342816,0.06818591244820753,0.22419956805450575,1281.986012609895,1758.945268
exp3,german_credit,xgb,anchors,456,100,raw,experiments/exp3_cross_dataset/results/german_credit/xgb_anchors/seed_456/n_100/results.json,0.4311686058569679,0.7041704882210618,0.07051927832219068,0.22606528854236924,1292.229460234103,1950.336222
exp3,german_credit,xgb,shap,123,100,raw,experiments/exp3_cross_dataset/results/german_credit/xgb_shap/seed_123/n_100/results.json,0.76701827271778,0.610190913040192,0.7596870342771982,0.2120032956485044,1001.4291756988728,180.282866
exp3,german_credit,xgb,shap,42,100,raw,experiments/exp3_cross_dataset/results/german_credit/xgb_shap/seed_42/n_100/results.json,0.6722555663174712,0.6059341215650347,0.8159791028643488,0.22605489824826902,1001.4050807197907,186.293275
exp3,german_credit,xgb,shap,456,100,raw,experiments/exp3_cross_dataset/results/german_credit/xgb_shap/seed_456/n_100/results.json,0.6931378566833436,0.5881479933232984,0.8406447476875172,0.2310889464017399,1001.3633310726207,183.283071
