audit_id,citation_key,axis,reviewer1_labels,reviewer2_labels,only_reviewer1,only_reviewer2,audit_note,final_labels,rule_applied,decided_by,decided_on
AUDIT-01,adebayo2018sanity,evidence_source,benchmark;proxy,proxy,benchmark,,Clarify whether sanity-check papers should always receive benchmark evidence labels.,,,,
AUDIT-01,adebayo2018sanity,quality_property,faithfulness;robustness;sanity,faithfulness;sanity,robustness,,Clarify whether sanity-check papers should always receive benchmark evidence labels.,,,,
AUDIT-03,yeh2019infidelity,quality_property,fidelity;stability,fidelity;sensitivity,stability,sensitivity,Map sensitivity either as a synonym under stability or as a distinct quality property.,,,,
AUDIT-03,yeh2019infidelity,task_context,general;image,general,image,,Map sensitivity either as a synonym under stability or as a distinct quality property.,,,,
AUDIT-04,rong2022consistent,quality_property,fidelity;stability,fidelity;robustness,stability,robustness,Clarify stability versus robustness for attribution perturbation protocols.,,,,
AUDIT-05,doshivelez2017rigorous,evaluation_target,explanation_artifact;user_task_outcome,model_behavior;user_task_outcome,explanation_artifact,model_behavior,High ambiguity expected because the paper is conceptual and spans evaluation levels.,,,,
AUDIT-05,doshivelez2017rigorous,evidence_source,expert_human;human_task,end_user;expert_human,human_task,end_user,High ambiguity expected because the paper is conceptual and spans evaluation levels.,,,,
AUDIT-05,doshivelez2017rigorous,quality_property,fidelity;plausibility;usefulness,interpretability;usefulness,fidelity;plausibility,interpretability,High ambiguity expected because the paper is conceptual and spans evaluation levels.,,,,
AUDIT-05,doshivelez2017rigorous,task_context,general;human_ai_decision,general,human_ai_decision,,High ambiguity expected because the paper is conceptual and spans evaluation levels.,,,,
AUDIT-06,hase2020evaluating,evidence_source,end_user;human_task,end_user,human_task,,Decide whether simulatability is a sublabel of usefulness or a separate quality property.,,,,
AUDIT-06,hase2020evaluating,quality_property,simulatability;usefulness,plausibility;usefulness,simulatability,plausibility,Decide whether simulatability is a sublabel of usefulness or a separate quality property.,,,,
AUDIT-07,kaur2020interpreting,evaluation_target,explainer_method;user_task_outcome,explanation_artifact;user_task_outcome,explainer_method,explanation_artifact,Clarify whether professional user studies target the explainer method or produced artifact.,,,,
AUDIT-07,kaur2020interpreting,quality_property,plausibility;trust;usability,trust;usability,plausibility,,Clarify whether professional user studies target the explainer method or produced artifact.,,,,
AUDIT-08,bucinca2020proxy,evaluation_target,decision_process;user_task_outcome,user_task_outcome,decision_process,,Decision-process target label may be redundant with user-task outcome.,,,,
AUDIT-08,bucinca2020proxy,evidence_source,end_user;human_task,end_user,human_task,,Decision-process target label may be redundant with user-task outcome.,,,,
AUDIT-08,bucinca2020proxy,quality_property,performance;trust;usefulness,performance;usefulness,trust,,Decision-process target label may be redundant with user-task outcome.,,,,
AUDIT-09,arrieta2020xai,evaluation_target,explainer_method;model_behavior;taxonomy,explainer_method;taxonomy,model_behavior,,Clarify whether high-level taxonomy papers should receive model-behavior target labels.,,,,
AUDIT-09,arrieta2020xai,evidence_source,expert_human;taxonomy,taxonomy,expert_human,,Clarify whether high-level taxonomy papers should receive model-behavior target labels.,,,,
AUDIT-09,arrieta2020xai,quality_property,explainability;interpretability;transparency,interpretability;transparency,explainability,,Clarify whether high-level taxonomy papers should receive model-behavior target labels.,,,,
AUDIT-11,nauta2023anecdotal,evaluation_target,explainer_method;explanation_artifact;taxonomy,explainer_method;taxonomy,explanation_artifact,,Define human-groundedness versus plausibility and standardize human/end-user evidence terms.,,,,
AUDIT-11,nauta2023anecdotal,evidence_source,human;proxy;taxonomy,end_user;proxy;taxonomy,human,end_user,Define human-groundedness versus plausibility and standardize human/end-user evidence terms.,,,,
AUDIT-11,nauta2023anecdotal,quality_property,fidelity;human_groundedness;robustness,fidelity;plausibility;robustness,human_groundedness,plausibility,Define human-groundedness versus plausibility and standardize human/end-user evidence terms.,,,,
AUDIT-13,hedstrom2023quantus,quality_property,complexity;fidelity;localization;robustness,complexity;fidelity;robustness,localization,,Decide whether localization should remain a quality property for non-image scope.,,,,
AUDIT-15,zheng2023judging,evaluation_target,llm_judge;user_preference,evaluation_process;llm_judge,user_preference,evaluation_process,Clarify whether preference benchmarks target user preference or judge process.,,,,
AUDIT-15,zheng2023judging,quality_property,bias;preference_alignment;reliability,bias;reliability,preference_alignment,,Clarify whether preference benchmarks target user preference or judge process.,,,,
AUDIT-16,wachter2017counterfactual,evidence_source,counterfactual_formalism;normative,counterfactual_formalism,normative,,Clarify whether normative/legal argumentation is an evidence-source label or task-context label.,,,,
AUDIT-16,wachter2017counterfactual,quality_property,actionability;plausibility;recourse_quality,actionability;recourse_quality,plausibility,,Clarify whether normative/legal argumentation is an evidence-source label or task-context label.,,,,
AUDIT-16,wachter2017counterfactual,task_context,legal_decision;tabular,legal_decision,tabular,,Clarify whether normative/legal argumentation is an evidence-source label or task-context label.,,,,
