experiment_name,dataset,duration,model,explainer,cost_mean,cost_std,sparsity_mean,sparsity_std,fidelity_mean,fidelity_std,faithfulness_gap_mean,faithfulness_gap_std,stability_mean,stability_std,cf_sensitivity_mean,cf_sensitivity_std
exp2_logreg_anchors_s456_n50,adult,453.910208,adult_logreg,anchors,1147.139537075003,2187.779428620176,0.03421296296296296,0.027811669139575532,0.5059430944807197,0.1846632368622277,0.23248050088497713,0.17804196303492137,0.00010685794932649012,0.0007537058009245181,,
exp2_svm_anchors_s789_n50,adult,8554.411834,adult_svm,anchors,35822.03486499959,62923.33404377981,0.04555555555555555,0.06202570377407587,0.5366468230148077,0.2099965773111529,0.30747533879330613,0.2572665580064345,0.0001364774001802114,0.0009222854779092798,,
exp2_logreg_dice_s123_n200,adult,6290.085148,adult_logreg,dice,481.32903098397946,204.00181010307864,0.017557870370370366,0.014743712295578786,0.1766217054774862,0.237403834250376,0.06588961775171545,0.11211917559252002,0.3567917281073044,0.3571702318282098,0.0,0.0
exp2_svm_anchors_s999_n100,adult,14320.984093,adult_svm,anchors,27938.890439895014,47850.99735589746,0.04217592592592592,0.054525147260813915,0.5147677508190295,0.22485258823884427,0.2948504852805507,0.24982699289829857,0.0003696835477692237,0.002550884172874739,,
exp2_logreg_dice_s999_n50,adult,0.261787,adult_logreg,dice,,,,,,,,,,,,
exp2_mlp_shap_s789_n100,adult,470.564643,adult_mlp,shap,64.4231540648434,12.305559478752762,0.09259259259259257,1.3877787807814457e-17,0.7162711814139076,0.1536269544855577,0.4279698463143083,0.30850133006210184,0.32670921437701717,0.2408876048098332,,
exp2_svm_dice_s789_n50,adult,6872.730197,adult_svm,dice,2093.819437289494,72.97619880440318,0.01587962962962963,0.004179763367787654,0.23494843857780956,0.2644266053293805,0.07038579808066847,0.11850125905561906,0.3794965935540848,0.3155780663409246,0.0,0.0
exp2_xgb_anchors_s123_n50,adult,0.241035,adult_xgb,anchors,,,,,,,,,,,,
exp2_svm_dice_s42_n100,adult,14865.674122,adult_svm,dice,2315.799067696753,778.6918900807742,0.01525462962962963,0.00461333939540861,0.20871373536718438,0.2552319164610733,0.060914404459455486,0.09979226427409409,0.3861027174465558,0.32508990052013587,0.0,0.0
exp2_svm_dice_s789_n200,adult,26750.589079,adult_svm,dice,2106.122792898732,858.0667566704991,0.01574074074074074,0.004392052305789415,0.23325263394767887,0.2688176648612654,0.07068210427134797,0.11664281628209106,0.394157272845079,0.3155360192569599,0.0,0.0
exp2_svm_shap_s123_n200,adult,82118.695868,adult_svm,shap,94471.67808734566,9133.515854694155,0.09259259259259257,1.3877787807814457e-17,0.9407644084011444,0.07295952668097877,0.6431003879465305,0.134475348165173,0.9703530445601113,0.03197785082894322,,
exp2_logreg_dice_s42_n100,adult,3154.389422,adult_logreg,dice,492.4592659602058,329.41367355565274,0.017106481481481483,0.012368109927373019,0.17087884143383938,0.23257378808169427,0.06291996234586546,0.10721774423962119,0.3606527101532086,0.36649041470849864,0.0,0.0
exp2_xgb_dice_s789_n100,adult,0.238621,adult_xgb,dice,,,,,,,,,,,,
exp2_logreg_anchors_s456_n200,adult,2165.59093,adult_logreg,anchors,1449.3678942837482,5845.1829388620245,0.03614583333333333,0.03826324996385748,0.5029387748968105,0.1894156229696497,0.2321882315594407,0.19129855500321385,0.0007475729932549726,0.005731222264273686,,
exp2_xgb_dice_s999_n200,adult,8306.532863,adult_xgb,dice,710.299256282633,1611.1744394976076,0.016585648148148148,0.0077754264385588735,0.3173058990162563,0.29021081879529254,0.17283521527591802,0.23111681597452594,0.5804038895473046,0.2647146365228978,0.0,0.0
exp2_logreg_anchors_s999_n200,adult,0.328601,adult_logreg,anchors,,,,,,,,,,,,
exp2_logreg_dice_s42_n200,adult,6326.717883,adult_logreg,dice,484.08015651379174,199.11178027073706,0.017499999999999998,0.013411230782859232,0.17616744301577378,0.2346898602836344,0.06508838877014579,0.10377777792097513,0.3519688012108235,0.35775559287529596,0.0,0.0
exp2_mlp_anchors_s999_n100,adult,4642.733489,adult_mlp,anchors,9910.068440315517,20363.273295504525,0.14344907407407406,0.21305049403865886,0.2993947150291353,0.2333387898719638,0.23913235199997687,0.23396114205662583,3.418115050973352e-05,0.0003913472072267182,,
exp2_xgb_anchors_s42_n200,adult,0.30993,adult_xgb,anchors,,,,,,,,,,,,
exp2_mlp_shap_s42_n50,adult,1002.685012,adult_mlp,shap,274.81181315524736,76.06708930875581,0.09259259259259257,1.3877787807814457e-17,0.7306365623948614,0.14581579670362957,0.4529532007709507,0.31722943379219987,0.33718070006917095,0.255082242794721,,
exp2_mlp_anchors_s789_n100,adult,13625.343852,adult_mlp,anchors,10530.662785959868,21501.789520680566,0.14456018518518518,0.21473943915251736,0.30246651881495457,0.2299181249168533,0.234382811580019,0.23382848581677645,0.00020284945771549938,0.0023802061473387637,,
exp2_xgb_anchors_s456_n100,adult,1870.27695,adult_xgb,anchors,2363.510818358336,8772.117570939508,0.05425925925925926,0.06777967514041298,0.3136310257344175,0.21605693594222622,0.22054060650698376,0.2449593140416715,0.0010926536935005004,0.006988509585352248,,
exp2_svm_dice_s123_n50,adult,6.985194,adult_svm,dice,,,,,,,,,,,,
exp2_rf_anchors_s999_n100,adult,23282.017019,adult_rf,anchors,53732.561442503276,88521.86308792594,0.19925925925925927,0.2741224932205265,0.29593003413264546,0.2634596761843408,0.20654500000000003,0.20891927282645167,0.00016720375410763624,0.00126301414098675,,
exp2_svm_dice_s456_n100,adult,8.267386,adult_svm,dice,,,,,,,,,,,,
exp2_mlp_dice_s456_n200,adult,0.453305,adult_mlp,dice,,,,,,,,,,,,
exp2_mlp_anchors_s123_n200,adult,0.611519,adult_mlp,anchors,,,,,,,,,,,,
exp2_mlp_shap_s999_n200,adult,4398.45764,adult_mlp,shap,300.24075202003587,92.22654667848265,0.09259259259259257,1.3877787807814457e-17,0.6926399744846319,0.14873859634941927,0.42182254547501885,0.3105454279229612,0.3104067732376435,0.22445236128815177,,
exp2_xgb_dice_s42_n50,adult,2081.764416,adult_xgb,dice,861.12402917,2677.5576759889796,0.016712962962962964,0.007213759286618004,0.3465680284978627,0.29360496749833476,0.1917313935304992,0.23702230038651387,0.5944630920089196,0.2645978134443122,0.0,0.0
exp2_svm_shap_s123_n50,adult,309375.893676,adult_svm,shap,89144.40644621401,10940.332157474768,0.09259259259259257,1.3877787807814457e-17,0.8360425545235093,0.19405925879979297,0.36160959670355647,0.27445847156631964,0.9228628704785191,0.0712777765474999,,
exp2_mlp_dice_s999_n50,adult,1604.711593,adult_mlp,dice,540.8429600232921,583.7671806366893,0.015972222222222224,0.006800199454429806,0.021632718044316022,0.15332111155200184,0.07876838900971196,0.12116792398472817,0.13281319461208088,0.22236787435517766,0.0,0.0
exp2_mlp_dice_s999_n200,adult,7026.620893,adult_mlp,dice,552.8999168278096,306.80937141476016,0.01528935185185185,0.0054158628518809525,0.029726563551504052,0.155284345207262,0.07876271509978074,0.13188280135459107,0.12116627529056753,0.19881106931694487,0.0,0.0
exp2_rf_dice_s42_n100,adult,7993.921682,adult_rf,dice,651.5149044775899,384.3721044240251,0.01833333333333333,0.015227470483925434,0.14501397828751336,0.2586814281700772,0.10548083333333333,0.16897222542764898,0.4139915988199151,0.36549668198161717,0.0,0.0
exp2_mlp_anchors_s123_n100,adult,4536.033484,adult_mlp,anchors,9746.34399770861,20828.73947128506,0.15069444444444444,0.23802769241406993,0.29004406691186013,0.22913636860483427,0.23140433153458984,0.24046070105736947,0.0003646699454842976,0.0023690751122644373,,
exp2_logreg_dice_s123_n50,adult,0.253104,adult_logreg,dice,,,,,,,,,,,,
exp2_xgb_anchors_s999_n50,adult,31514.877326,adult_xgb,anchors,4864.026790089974,8595.17156717073,0.060648148148148145,0.08925344802044959,0.3153691886516323,0.2249538328126191,0.20705197827657684,0.2430171771914592,0.3233276300477179,0.11538070491556261,,
exp2_mlp_shap_s123_n200,adult,1200.7672,adult_mlp,shap,85.45148293749662,16.197874279141963,0.09259259259259257,1.3877787807814457e-17,0.7093390116711069,0.1571644804080758,0.4524309710262086,0.30521021792739367,0.3070636526649427,0.22427966650493933,,
exp2_mlp_shap_s456_n200,adult,1024.461587,adult_mlp,shap,70.76872597988768,19.10848515281712,0.09259259259259257,1.3877787807814457e-17,0.7259682505175583,0.1583349417725346,0.4610792330302661,0.3077592397034509,0.3143473208059717,0.23865061615494712,,
exp2_svm_anchors_s123_n50,adult,7913.608672,adult_svm,anchors,28256.80239311958,44272.55759421418,0.045046296296296286,0.06266047642024931,0.5026929981850368,0.22900570143531682,0.29687313996751613,0.25800183414893235,0.0006566035778378482,0.0036813371032545774,,
exp2_logreg_dice_s456_n200,adult,7277.030944,adult_logreg,dice,568.6097930071264,373.55966031192963,0.01710648148148148,0.010814893098080447,0.15587785428062875,0.2194754028830427,0.05794380377784876,0.0965062180146639,0.3392446629172823,0.35546713202871855,0.0,0.0
exp2_svm_dice_s42_n200,adult,28531.007899,adult_svm,dice,2233.917822399708,940.6010591083584,0.015451388888888888,0.0046896428572547845,0.22001895523368836,0.2544801186495535,0.06335487103049407,0.10291473673899823,0.3939336164206405,0.32291198360733697,0.0,0.0
exp2_logreg_anchors_s999_n100,adult,1092.900083,adult_logreg,anchors,1312.6974795849494,2961.6953049268077,0.037662037037037036,0.05316858536438792,0.48671610476584193,0.19237166307538467,0.23086033483111984,0.20462224229629297,0.0001018055231950731,0.0007660048142354332,,
exp2_mlp_shap_s42_n100,adult,490.743954,adult_mlp,shap,63.11230042228999,14.029671598035083,0.09259259259259257,1.3877787807814457e-17,0.7270773607766549,0.15209734687325788,0.4564783346761084,0.31772549875078,0.3288947804349809,0.24428880527192473,,
exp2_logreg_anchors_s123_n50,adult,0.251564,adult_logreg,anchors,,,,,,,,,,,,
exp2_xgb_anchors_s789_n200,adult,3823.83176,adult_xgb,anchors,3694.6127100175204,21600.7510391064,0.05622685185185184,0.08409744522913414,0.31055823386174675,0.22130065152266534,0.22433892116729112,0.2521254445651617,9.472746168079222e-05,0.0007484270993918041,,
exp2_xgb_dice_s123_n100,adult,4416.142251,adult_xgb,dice,778.5445294692909,2001.697239805412,0.016273148148148148,0.007253574812818693,0.3250575238152601,0.27500069911907127,0.1849084573260916,0.224318089462431,0.5679404822317415,0.2691880154145965,0.0,0.0
exp2_mlp_dice_s456_n50,adult,0.27775,adult_mlp,dice,,,,,,,,,,,,
exp2_rf_anchors_s999_n50,adult,12274.400148,adult_rf,anchors,55978.152018154935,89710.32013659467,0.19194444444444442,0.27163218683461315,0.30012891796266516,0.26440889062765555,0.18978166666666665,0.18995185822114682,0.0004266449503030459,0.0036195254599952864,,
exp2_logreg_anchors_s456_n100,adult,0.334947,adult_logreg,anchors,,,,,,,,,,,,
exp2_svm_anchors_s42_n100,adult,16083.754109,adult_svm,anchors,28797.46461425755,49764.41207707174,0.041342592592592584,0.058709672993620336,0.5178050478317995,0.2254973719467958,0.29315471767714885,0.2534664294490034,0.0008821849466995873,0.004663011797880157,,
exp2_mlp_anchors_s456_n100,adult,0.337283,adult_mlp,anchors,,,,,,,,,,,,
exp2_svm_dice_s999_n100,adult,61.213911,adult_svm,dice,5.59005207309383,65.52329166286093,0.0,0.0,0.0,0.0,0.009050312375372793,0.013059714913006264,0.0,0.0,0.0,0.0
exp2_logreg_anchors_s789_n50,adult,484.95101,adult_logreg,anchors,1193.7793310079724,4494.442978736692,0.03532407407407408,0.045408879160185864,0.49326612195399294,0.2016295855982578,0.2383258802430904,0.20332874866807082,0.0001984126984126984,0.001346285353467252,,
exp2_svm_dice_s999_n50,adult,83299.110808,adult_svm,dice,16773.475400045027,9999.998854796884,0.015509259259259257,0.004336804165554443,0.20066627204317838,0.24619454333925664,0.05395066506241528,0.096840792123273,0.3983233267188558,0.32823920739340773,0.0,0.0
exp2_logreg_anchors_s42_n50,adult,0.317118,adult_logreg,anchors,,,,,,,,,,,,
exp2_mlp_dice_s456_n100,adult,3162.598553,adult_mlp,dice,482.9616024209099,51.48638904657362,0.015347222222222224,0.005030716264961278,0.029124048808230753,0.17333540063250413,0.07778903074871624,0.1345735218429672,0.14630416138109348,0.24033200905199434,0.0,0.0
exp2_xgb_anchors_s42_n100,adult,1680.169473,adult_xgb,anchors,2722.023888185213,12144.379822157276,0.05585648148148147,0.07396197753729757,0.32516879297982143,0.21897127494827062,0.2270535430154996,0.24916406951894077,0.0010267827079560215,0.007346765506321252,,
exp2_mlp_anchors_s42_n100,adult,0.359545,adult_mlp,anchors,,,,,,,,,,,,
exp2_xgb_dice_s789_n50,adult,62248.798647,adult_xgb,dice,13821.803581819968,106988.69042993282,0.016898148148148148,0.008355808170268538,0.34606329363931004,0.2804017146094401,0.18892577904684005,0.23495334685678892,0.5641099079886708,0.26312737566300054,0.0,0.0
exp2_svm_shap_s789_n200,adult,263029.180959,adult_svm,shap,88978.70281116401,6495.9951606084,0.09259259259259257,1.3877787807814457e-17,0.9529902081700802,0.052845666520993054,0.679600621021799,0.11154687938528844,0.9701989698620707,0.025795893423528022,,
exp2_svm_anchors_s999_n50,adult,7137.228557,adult_svm,anchors,28872.60561288014,47284.61797999552,0.04347222222222222,0.05196084361851071,0.504689330206189,0.22864926477542458,0.28369576737289176,0.24568868555882,7.142857142857142e-05,0.0005275838049085794,,
exp2_xgb_dice_s789_n200,adult,7469.719618,adult_xgb,dice,586.665066242058,1188.8725393513712,0.016863425925925924,0.007852913305590263,0.32744552053547066,0.2921667322706452,0.18451225745040575,0.2353468544868343,0.5748737983035119,0.25859067914225786,0.0,0.0
exp2_xgb_anchors_s456_n50,adult,826.461684,adult_xgb,anchors,2914.5761993544875,15054.044475681667,0.05731481481481481,0.09215354240195588,0.3209681269856867,0.21700536592632128,0.2085541560559068,0.2436113848319054,0.0005357142857142856,0.0033792542683898225,,
exp2_logreg_dice_s789_n100,adult,58246.278338,adult_logreg,dice,4886.279079397518,6023.325931970801,0.018125,0.013829173323375337,0.16937376991148181,0.22858414870686683,0.06318878217017478,0.10863859370673226,0.3596251847662857,0.3591944548424128,0.0,0.0
exp2_mlp_anchors_s456_n200,adult,10261.864715,adult_mlp,anchors,10507.327830650464,21014.246599019665,0.14975694444444446,0.2159589106964149,0.3092318298603678,0.22902302772758637,0.2641932203207374,0.25420941716751405,0.00041079819967240446,0.0030709894969991863,,
exp2_xgb_anchors_s123_n200,adult,3850.874014,adult_xgb,anchors,2666.589169023573,10465.110982199862,0.05909722222222222,0.09040171632576091,0.32731853619882373,0.21554839696307102,0.2289017927691748,0.253985451299077,0.000544538759187193,0.0033305394771283884,,
exp2_logreg_dice_s999_n200,adult,9999.564763,adult_logreg,dice,601.5802462935426,590.0123620779667,0.01798611111111111,0.013940317591828478,0.167771722372579,0.2321658805065039,0.060952953203742534,0.09832800690356625,0.3469303959799725,0.36129122394397295,0.0,0.0
exp2_rf_dice_s42_n50,adult,4193.653774,adult_rf,dice,593.1991491945519,79.69839378609224,0.018518518518518517,0.015242664475142897,0.1499089976285846,0.2686527128846562,0.11061666666666667,0.17307804196694365,0.4006724980704062,0.3761984110854145,0.0,0.0
exp2_mlp_dice_s42_n200,adult,6269.147511,adult_mlp,dice,490.85505837552773,314.05469468676495,0.015381944444444441,0.004430905666533667,0.017512982249512546,0.14529073385512797,0.06822795457502115,0.13089124300448832,0.12746736171318848,0.20286480205791443,0.0,0.0
exp2_rf_anchors_s123_n100,adult,27199.068278,adult_rf,anchors,59724.62058170033,91784.40851319188,0.20006944444444444,0.2718902996183893,0.28617939224086475,0.25067438299171146,0.19735624999999998,0.20062230916116913,0.0009334041564873475,0.004912068918916383,,
exp2_rf_dice_s123_n50,adult,4652.87178,adult_rf,dice,580.7446902280208,76.03150477251171,0.01685185185185185,0.0100904686857965,0.12103780426877474,0.24633264314456357,0.11109999999999999,0.1594554483233483,0.37982139535277964,0.3650239200292662,0.0,0.0
exp2_rf_dice_s999_n100,adult,8215.898766,adult_rf,dice,596.2570245750425,84.16976979993092,0.01770833333333333,0.009419191684118512,0.13757305960903893,0.25780093818083044,0.11645499999999999,0.1762198711127664,0.3705903343704227,0.3501646345130749,0.0,0.0
exp2_rf_anchors_s456_n200,adult,39497.392219,adult_rf,anchors,49823.13324958811,85779.95087664579,0.16774176208138472,0.2453593304072792,0.29450291896947095,0.24441200429222407,0.19305950653120466,0.19926056808825487,0.00068825110189736,0.0038215635600903574,,
exp2_mlp_anchors_s123_n50,adult,2177.203846,adult_mlp,anchors,9457.656995005236,17677.159415035345,0.1511574074074074,0.2204324871604628,0.28363518265188853,0.22948517248853337,0.236364554450196,0.23728683611195248,0.00023628585866051078,0.0018526614766622971,,
exp2_svm_shap_s789_n100,adult,297987.706419,adult_svm,shap,163119.13069587742,110828.26214358666,0.09259259259259257,1.3877787807814457e-17,0.9593900857195793,0.026350176348986135,0.6691258991299648,0.10766339962965193,0.9675737144086636,0.02552418075464385,,
exp2_xgb_anchors_s42_n50,adult,1925.63087,adult_xgb,anchors,3872.198461241205,18200.43122709312,0.06203703703703703,0.09147004726862834,0.3043581442428179,0.20811187146422747,0.22829901651304682,0.25664263221524714,0.0007457598085231413,0.0029612734710175175,,
exp2_rf_dice_s42_n200,adult,18262.770868,adult_rf,dice,640.1101695239777,96.24864032675328,0.01881944444444444,0.01571742213402359,0.13802299080812905,0.25923229315875473,0.10124166666666667,0.16276693865599504,0.40286744436278454,0.36706774922657504,0.0,0.0
exp2_rf_anchors_s789_n100,adult,24274.328211,adult_rf,anchors,54952.46924371505,89737.74406232522,0.18962962962962962,0.25937986612686237,0.3054887428339296,0.25691309274905144,0.20117916666666666,0.2120189043834823,0.00021844942570498863,0.0013132314599645775,,
exp2_xgb_dice_s456_n200,adult,8750.556835,adult_xgb,dice,689.0211691871446,1264.7412152017387,0.016458333333333332,0.008180144197249306,0.3130355573473592,0.28589503763091667,0.17008652180811623,0.2199671792327966,0.5682299698601728,0.2681959878702825,0.0,0.0
exp2_logreg_dice_s456_n50,adult,1586.195675,adult_logreg,dice,489.5052941751783,60.75107419216949,0.017175925925925924,0.014266397323521892,0.1644113986486377,0.22318817815867714,0.05648475254291223,0.07987930922872115,0.3210220996267575,0.3473490460727415,0.0,0.0
exp2_xgb_dice_s123_n50,adult,1940.360881,adult_xgb,dice,807.7348343838821,2429.304010812037,0.01634259259259259,0.008070840118567504,0.31241754156899043,0.27272013078811264,0.1720871977720526,0.23122716054563858,0.5767104111628291,0.2799599107528784,0.0,0.0
exp2_mlp_shap_s456_n100,adult,656.756844,adult_mlp,shap,92.63042388251051,10.953000015185806,0.09259259259259257,1.3877787807814457e-17,0.7285086716531163,0.15471906406934238,0.4495081716779799,0.30903448455059124,0.3322123088693285,0.25371240627532776,,
exp2_svm_dice_s456_n50,adult,6685.790475,adult_svm,dice,2123.0422385432757,1025.4713594593236,0.015046296296296295,0.0044826196136659915,0.22268115490224338,0.2547814056320149,0.06473934618343317,0.1024076320873542,0.4132496037553814,0.33539385949621653,0.0,0.0
exp2_logreg_anchors_s789_n100,adult,997.122216,adult_logreg,anchors,1196.1268625785306,3721.793782140066,0.034375,0.036465313852605166,0.5013009822847198,0.19233223367251623,0.23686619235481443,0.19940560408292396,0.0001388888888888889,0.0009321174322655831,,
exp2_logreg_dice_s42_n50,adult,1576.436896,adult_logreg,dice,504.58268311494976,392.7937955487144,0.01787037037037037,0.014329732057874639,0.17851454601118874,0.24936991598753308,0.07110534332612602,0.12342275236488535,0.348701999598401,0.36030444137620327,0.0,0.0
exp2_rf_anchors_s123_n50,adult,8581.821277,adult_rf,anchors,376238.073678935,628455.9500305905,0.20685185185185184,0.28561691707533,0.27315562242806257,0.2520525373912549,0.1975,0.19089198516438557,0.0004392162960573494,0.0022689861477012637,,
exp2_rf_dice_s789_n100,adult,7163.778349,adult_rf,dice,1299.7781180019956,10155.141531943267,0.017916666666666664,0.012093085322614218,0.11455731407806344,0.23981937226366906,0.1053075,0.17820407355792653,0.3783069861662463,0.37055698076844923,0.0,0.0
exp2_mlp_dice_s789_n200,adult,6500.965699,adult_mlp,dice,525.2242838737658,466.61857497973676,0.01528935185185185,0.0047631076591911365,0.024135629545824874,0.16134309219116497,0.0673884878654131,0.12032631065176252,0.1231857786850242,0.19794517457691374,0.0,0.0
exp2_mlp_anchors_s999_n50,adult,2571.52343,adult_mlp,anchors,10289.843406904838,21345.61835130962,0.1490277777777778,0.23008392468210231,0.2995077072775827,0.2297167610181731,0.24370322959837773,0.24403004729197442,3.571428571428571e-05,0.0005038119992737816,,
exp2_svm_dice_s123_n100,adult,13528.470961,adult_svm,dice,2107.6064053174878,688.7478547780048,0.015625,0.004341435030905336,0.20655959667323523,0.24519453593980242,0.06073966480154783,0.10361904413878129,0.40093564299357964,0.33433867589898164,0.0,0.0
exp2_rf_dice_s456_n200,adult,22912.304205,adult_rf,dice,1547.3923074585766,11745.437298325081,0.018464763747782616,0.013018216354413407,0.1325137483520518,0.25171744087317477,0.11865239477503628,0.1807579920756811,0.39763154381368077,0.3633879593937771,0.0,0.0
exp2_svm_anchors_s42_n50,adult,7277.919686,adult_svm,anchors,265858.40962376,453018.1037191209,0.045462962962962955,0.0729321118268772,0.5157527227214526,0.2493920872119309,0.2924000480040567,0.2585634537264841,0.0013562676782328713,0.007871926573901232,,
exp2_rf_anchors_s42_n200,adult,45322.932719,adult_rf,anchors,48073.62479416028,79877.10542000535,0.16655092592592596,0.23858585857657805,0.3220430878924141,0.24962172488707524,0.19200812499999997,0.19597443348513016,0.0007702346871181976,0.0041444294800613195,,
exp2_logreg_dice_s456_n100,adult,3114.051445,adult_logreg,dice,491.4199564908631,288.77460878146707,0.01766203703703704,0.012708965780660195,0.15501865501591444,0.22018911564893026,0.05908851602428308,0.10313343882902895,0.33497120229280947,0.35624474170146825,0.0,0.0
exp2_mlp_dice_s123_n50,adult,1702.524346,adult_mlp,dice,514.0689910930814,23.765411674619937,0.015,0.004494318925745036,0.021824642315693633,0.16328738182689267,0.08340123862529782,0.14150515552099768,0.13049939848923445,0.20746604869608865,0.0,0.0
exp2_logreg_dice_s789_n200,adult,6527.313296,adult_logreg,dice,503.78711199067766,366.34249410156764,0.017835648148148146,0.014510210377663263,0.17762919880624298,0.23868700064110532,0.06462426439957987,0.10869509972941689,0.35725739973958376,0.359424482193958,0.0,0.0
exp2_rf_dice_s999_n50,adult,2961.884776,adult_rf,dice,1375.9555008480675,11184.117442708235,0.017546296296296296,0.010327187705202762,0.1281533973750338,0.2413163097305139,0.11675,0.1825402352907435,0.38255503364029536,0.3616888280949458,0.0,0.0
exp2_xgb_dice_s42_n200,adult,10222.893976,adult_xgb,dice,883.0771577749966,2062.9542317929686,0.01653935185185185,0.006648386315113852,0.32397388635164936,0.29012710504082606,0.1814757101770374,0.23739404034328473,0.5699358708027801,0.2573528173190158,0.0,0.0
exp2_rf_anchors_s456_n100,adult,26195.859562,adult_rf,anchors,54325.27520929038,86572.85925587468,0.1733796296296296,0.2404350578868284,0.29355230753577566,0.23466297273334127,0.19531125,0.19698746963419259,0.0005299034205082175,0.0030968763432583737,,
exp2_mlp_shap_s789_n50,adult,219.621659,adult_mlp,shap,60.20744852605276,6.637848246273312,0.09259259259259257,1.3877787807814457e-17,0.7112552006389613,0.1480929624816308,0.42022827646143457,0.30563931374155445,0.3339648485900698,0.24454768916736422,,
exp2_svm_shap_s456_n100,adult,74053.438569,adult_svm,shap,96108.92272993679,9219.822503138566,0.09259259259259257,1.3877787807814457e-17,0.9607747455422144,0.024372973015930423,0.6796053715433127,0.09835222303306684,0.9684097918942947,0.027158194782172518,,
exp2_xgb_anchors_s999_n200,adult,3829.031526,adult_xgb,anchors,3521.5745801046432,16666.2381739019,0.06336805555555555,0.09945489114101283,0.3172583091309699,0.21308797492804432,0.2185810994237545,0.242412536818105,0.000245884766389125,0.0024026805894648362,,
exp2_logreg_anchors_s42_n100,adult,1176.303824,adult_logreg,anchors,1125.4655393874964,1910.6295229066873,0.03400462962962963,0.024083409425741636,0.5041596485893131,0.1918717459264677,0.23133345759027768,0.19297903131032298,0.0007075626565473308,0.0029439766607178832,,
exp2_xgb_dice_s456_n100,adult,3927.108864,adult_xgb,dice,737.5999265574501,2037.5562055971016,0.016898148148148148,0.008095235393539681,0.3251535658305768,0.28477044883370106,0.1800694066369033,0.22894523732086502,0.5579076728823938,0.2592388765157533,0.0,0.0
exp2_mlp_anchors_s42_n200,adult,12293.099047,adult_mlp,anchors,12019.181894901176,24085.169319388922,0.13966435185185186,0.2014903396952976,0.3080562518181398,0.23391885189745804,0.2560832007921251,0.25803738146357735,0.00031123150792764626,0.0017645190057514152,,
exp2_rf_anchors_s456_n50,adult,12981.9791,adult_rf,anchors,54957.778085139944,90724.25940409407,0.1521759259259259,0.22613753277089851,0.31735379220811816,0.2358769454399452,0.19994333333333336,0.19797381170806966,0.0007688650965213218,0.003235947169985141,,
exp2_mlp_shap_s123_n100,adult,479.590301,adult_mlp,shap,68.51924603513908,17.75272363985044,0.09259259259259257,1.3877787807814457e-17,0.7062356390236891,0.1539611644214664,0.44885757877380983,0.31108736445197654,0.313652863090414,0.23057804261743603,,
exp2_xgb_dice_s123_n200,adult,7657.856376,adult_xgb,dice,666.804232376453,1765.3978812852365,0.016678240740740743,0.007893476091446746,0.3203789595383501,0.2888512583915873,0.1791851574327302,0.23404884644220608,0.5645044842218236,0.26821193134729204,0.0,0.0
exp2_logreg_dice_s789_n50,adult,1611.385031,adult_logreg,dice,490.0501956500056,61.50685069888304,0.018148148148148146,0.01565444755956152,0.14572482951806143,0.2166945591226621,0.0617133622053054,0.12424439608502949,0.33400084028206595,0.3405263315601642,0.0,0.0
exp2_rf_anchors_s123_n200,adult,44278.863491,adult_rf,anchors,52459.37213362785,83586.90335343842,0.17569444444444443,0.24580905297700784,0.2814315493921661,0.24891576633611126,0.1966342261904762,0.20267290162995347,0.0008580351379257505,0.005944809534097186,,
exp2_rf_anchors_s42_n50,adult,11335.806796,adult_rf,anchors,48381.20725359898,81957.65816990951,0.17050925925925928,0.23973843610675694,0.31209393542633856,0.2522682338814615,0.19174999999999998,0.20466176364919755,0.0011617486470244691,0.006173348821391113,,
exp2_svm_shap_s999_n50,adult,310889.077504,adult_svm,shap,89338.58525505588,9283.851244224927,0.09259259259259257,1.3877787807814457e-17,0.8541642899973795,0.18971008162493244,0.3455680933507721,0.2854380092288242,0.9379677297652558,0.043027638795525576,,
exp2_logreg_anchors_s123_n100,adult,1256.649396,adult_logreg,anchors,1840.302738014998,8431.5721077513,0.036064814814814806,0.04350765723406923,0.5013612175686607,0.19602803033778435,0.22982456587283612,0.19637447144754192,0.0005601437779565088,0.0038805843584787786,,
exp2_mlp_dice_s789_n50,adult,1819.63805,adult_mlp,dice,579.0637520534801,458.1202057923998,0.01597222222222222,0.0044345472362657444,0.03976507623501267,0.16663175345313078,0.06435349207695293,0.11371989656801414,0.14769084824847986,0.23015796564382907,0.0,0.0
exp2_svm_anchors_s123_n100,adult,20677.362992,adult_svm,anchors,37822.12734323242,61866.98782266391,0.04518518518518518,0.07166846107429126,0.504704936737758,0.22351622156225529,0.2921470621631386,0.2537340252554225,0.0003670295470700207,0.001839569240176751,,
exp2_rf_dice_s123_n100,adult,10238.955509,adult_rf,dice,1799.8124614650533,13417.559124534075,0.016828703703703703,0.008120712174486329,0.1188947726296226,0.24095285313035228,0.10631249999999999,0.16567276433907294,0.3617061965394149,0.35755969643997976,0.0,0.0
exp2_svm_dice_s789_n100,adult,13575.820322,adult_svm,dice,2149.8559918574756,1030.77947751296,0.015300925925925926,0.004409038660930549,0.24989502716646717,0.2731623047449405,0.07527248490892723,0.12236127703733238,0.39050157212693876,0.31691099742401196,0.0,0.0
exp2_svm_shap_s42_n50,adult,253637.735585,adult_svm,shap,231677.0014259285,94690.2164669214,0.09259259259259259,0.0,0.965728987455013,0.015745445925630888,0.6629781502582098,0.11753605421332458,0.9628363489331048,0.022731220869573934,,
exp2_mlp_dice_s123_n200,adult,6466.376508,adult_mlp,dice,506.67398166384373,226.1199745509878,0.01528935185185185,0.004717894144943735,0.023868986424656635,0.15431235763798648,0.07536188089277206,0.1363116598608786,0.12390149920660776,0.19840516338966974,0.0,0.0
exp2_svm_shap_s456_n50,adult,253637.743791,adult_svm,shap,226036.93705710178,102819.89135517599,0.09259259259259259,0.0,0.9597882223970691,0.024478808474767563,0.6716321979661665,0.0992571875342579,0.9658540028941072,0.030538691314591426,,
exp2_xgb_dice_s999_n100,adult,4504.592555,adult_xgb,dice,834.2594535223179,2251.318698846807,0.017152777777777777,0.008884758637268881,0.3469093413616528,0.29237035352018587,0.20196232986083487,0.2428926205833574,0.5806000128946459,0.2648519815554283,0.0,0.0
exp2_xgb_dice_s999_n50,adult,1855.658109,adult_xgb,dice,828.9532602315012,2517.915988640983,0.016759259259259262,0.009137627028347714,0.32355393689581086,0.28465082360802346,0.1906496626965236,0.23776772974536842,0.571831138932403,0.2687470189035847,0.0,0.0
exp2_svm_shap_s42_n200,adult,129953.010231,adult_svm,shap,90603.74692449182,8102.098282365806,0.09259259259259257,1.3877787807814457e-17,0.9619117214164282,0.03364239004680959,0.6729999269883064,0.13057085143009248,0.9682516695470806,0.027299471425880933,,
exp2_mlp_shap_s456_n50,adult,207.650641,adult_mlp,shap,56.94899164402159,5.773177852207642,0.09259259259259257,1.3877787807814457e-17,0.7244144198936152,0.15359536163385568,0.4527122669060564,0.3172807266380764,0.33523676417189285,0.24658050514251603,,
exp2_svm_anchors_s456_n50,adult,8279.333733,adult_svm,anchors,29955.141885399968,50940.17243710523,0.04273148148148147,0.04072682316992578,0.49663282846168977,0.21744139264290416,0.29134079719430206,0.2597027967844863,0.002096756302099037,0.009076323111897246,,
exp2_mlp_shap_s999_n100,adult,395.212416,adult_mlp,shap,53.833331972855376,3.186026615267206,0.09259259259259257,1.3877787807814457e-17,0.7005594215047249,0.1450597141759342,0.42836689602451566,0.30280618092947553,0.3113744423052435,0.22496147669164226,,
exp2_logreg_dice_s999_n100,adult,3489.400724,adult_logreg,dice,546.6167743676124,313.42072822754875,0.0175,0.011850043264783006,0.17499402403202832,0.22555379095149133,0.06846584684084593,0.11387021564165842,0.33348563136764897,0.3515852477749971,0.0,0.0
exp2_svm_anchors_s789_n100,adult,14844.285187,adult_svm,anchors,30259.32845689837,49949.13868259711,0.04108796296296296,0.055517806426572565,0.5296755119266274,0.21851207150196472,0.3034736290406533,0.26078929653302385,0.00012587728088177082,0.0008727793097117451,,
exp2_mlp_dice_s999_n100,adult,3428.930975,adult_mlp,dice,530.5184859602377,308.819543831069,0.015648148148148147,0.005848012101717825,0.027928925155434055,0.15183307376564678,0.07379627269945492,0.11637457248039461,0.11988460934253332,0.1966456883184715,0.0,0.0
exp2_logreg_dice_s123_n100,adult,3593.386519,adult_logreg,dice,563.3950505231769,319.0384673062229,0.017453703703703704,0.013487327665055877,0.16584224623123245,0.23546743667274617,0.06559441554109421,0.1174090217661812,0.3590257841893188,0.35931352603491895,0.0,0.0
exp2_xgb_anchors_s789_n50,adult,883.802515,adult_xgb,anchors,3087.7967139951033,17034.09320405664,0.05685185185185185,0.08147643081989735,0.3102751744070678,0.20828397775735563,0.21209266681340522,0.24246863264742372,0.00016666666666666663,0.0023511226632776474,,
exp2_svm_anchors_s456_n200,adult,42670.721926,adult_svm,anchors,34765.61658188768,59369.041688068835,0.0439699074074074,0.05434295737486663,0.5075538812018385,0.2258228073475913,0.2944644263167483,0.26010667781323726,0.0012327335497718222,0.007169209534259063,,
exp2_svm_dice_s456_n200,adult,26796.577699,adult_svm,dice,2104.1380317687867,866.6403843407412,0.015497685185185184,0.004365727853364584,0.20797936160220282,0.26141138573815403,0.06621359598123237,0.1155005162693219,0.3987664674983401,0.3284665125201519,0.0,0.0
