dataset,model,intensity,mean_misclassified_minus_correct,median_misclassified_minus_correct,mean_correct_jaccard,mean_misclassified_jaccard,ci95_low,ci95_high,n_seed_units,n_positive_seed_differences,n_negative_seed_differences
exp2_adult,logreg,all,-0.003047619047619011,0.003263888888888918,0.48639814814814814,0.48335052910052917,-0.023310846560846515,0.012464947089947115,5,3,2
exp2_adult,logreg,n_100,-0.002523809523809517,0.0018055555555555047,0.48675793650793653,0.48423412698412704,-0.014556448412698387,0.009503968253968242,5,3,2
exp2_adult,logreg,n_200,-0.006365079365079351,-0.006488095238095237,0.48932539682539683,0.48296031746031753,-0.02246825396825397,0.006611111111111167,5,2,3
exp2_adult,logreg,n_50,-0.000253968253968162,0.01194444444444448,0.48311111111111116,0.48285714285714293,-0.02872222222222215,0.02288095238095249,5,3,2
exp2_adult,mlp,all,-0.05907275132275129,-0.06114417989417984,0.3642347883597884,0.30516203703703704,-0.06946097883597882,-0.048855605158730164,5,0,5
exp2_adult,mlp,n_100,-0.059186507936507905,-0.05150793650793645,0.3605833333333333,0.30139682539682544,-0.07423809523809519,-0.050849206349206325,5,0,5
exp2_adult,mlp,n_200,-0.054611111111111096,-0.05713293650793644,0.358375,0.30376388888888883,-0.06406746031746029,-0.042460317460317455,5,0,5
exp2_adult,mlp,n_50,-0.06342063492063489,-0.07305555555555548,0.3737460317460317,0.31032539682539684,-0.07870634920634921,-0.048134920634920565,5,0,5
exp2_adult,rf,all,0.04512384072571839,0.036725040257648965,0.3671772486772486,0.41230108940296706,0.02883060425079382,0.0642787386443047,5,5,0
exp2_adult,rf,n_100,0.05033333333333334,0.042440476190476195,0.3660555555555556,0.41638888888888886,0.035696230158730156,0.06716666666666667,5,5,0
exp2_adult,rf,n_200,0.04487152217715514,0.03717908902691508,0.36557142857142855,0.4104429507485837,0.03396403497460364,0.05841660427273632,5,5,0
exp2_adult,rf,n_50,0.0401666666666667,0.030555555555555614,0.36990476190476196,0.4100714285714286,0.015214285714285725,0.07249206349206352,5,5,0
exp2_adult,svm,all,-0.0010787437870771258,-0.0066316939233605765,0.388030753968254,0.38695201018117686,-0.01670634920634923,0.02010181176847843,4,1,3
exp2_adult,svm,n_100,-0.0046130952380952495,-0.0046130952380952495,0.4052876984126984,0.40067460317460313,-0.006051587301587336,-0.0031746031746031633,2,0,2
exp2_adult,svm,n_50,-0.005115573726684845,-0.007211800545133817,0.3818915343915344,0.3767759606648496,-0.0373412698412699,0.02920634920634918,3,1,2
exp2_adult,xgb,all,0.013974206349206342,0.02066137566137566,0.35609060846560847,0.37006481481481485,0.0029007936507936274,0.02238756613756615,5,4,1
exp2_adult,xgb,n_100,0.015174603174603151,0.020773809523809528,0.35617857142857146,0.3713531746031746,0.0008769841269840928,0.024488095238095232,5,4,1
exp2_adult,xgb,n_200,0.016041666666666655,0.017519841269841296,0.3503948412698413,0.3664365079365079,0.006908730158730147,0.025174603174603162,5,5,0
exp2_adult,xgb,n_50,0.01070634920634922,0.01067460317460317,0.3616984126984127,0.3724047619047619,-0.00036507936507936824,0.021515873015873054,5,4,1
german_credit,rf,not_applicable,-0.016918905424718245,-0.015831870382561675,0.4691384506502158,0.4522195452254975,-0.03639179248935365,0.0014669465977605878,3,1,2
german_credit,xgb,not_applicable,-0.005352504063831827,-0.005536518151700198,0.3105453226615407,0.30519281859770886,-0.009937533318539304,-0.0005834607212559795,3,0,3
