dataset,model,intensity,metric,estimate_mean_of_run_means,estimate_median_of_run_means,ci95_low,ci95_high,n_runs,n_seeds,n_instances,sign_comparable_features,mean_sign_coverage,sign_defined_instances
breast_cancer,rf,not_applicable,top5_jaccard,0.7375963055787618,0.7453007518796992,0.6779448621553885,0.7895433027011974,3,3,342,1409,1.0,342
breast_cancer,rf,not_applicable,top10_jaccard,0.6652554961378491,0.6616307668939247,0.643052123315281,0.6910835982043414,3,3,342,1409,1.0,342
breast_cancer,rf,not_applicable,kendall_tau_b,0.526432136848594,0.5141771719611055,0.4939341678725742,0.5711850707121021,3,3,342,1409,1.0,342
breast_cancer,rf,not_applicable,sign_agreement,0.37670565302144254,0.3830409356725147,0.3625730994152046,0.38450292397660824,3,3,342,1409,1.0,342
breast_cancer,xgb,not_applicable,top5_jaccard,0.6904297781490764,0.664508493455862,0.6117724867724867,0.7950083542188805,3,3,342,1364,1.0,341
breast_cancer,xgb,not_applicable,top10_jaccard,0.6728680676049098,0.6719333298280667,0.6658283237230607,0.6808425492636019,3,3,342,1364,1.0,341
breast_cancer,xgb,not_applicable,kendall_tau_b,0.5071493823207472,0.5133680301677694,0.4569640839609879,0.5511160328334843,3,3,342,1364,1.0,341
breast_cancer,xgb,not_applicable,sign_agreement,0.3705687522641412,0.375,0.3511799410029499,0.3855263157894737,3,3,342,1364,1.0,341
exp2_adult,logreg,n_100,top5_jaccard,0.4854960317460318,0.4778769841269842,0.46442063492063496,0.5063392857142859,5,5,2000,6320,1.0,1993
exp2_adult,logreg,n_100,top10_jaccard,0.6149844126461774,0.6244051781551783,0.5853532962135903,0.6359659507159507,5,5,2000,6320,1.0,1993
exp2_adult,logreg,n_100,kendall_tau_b,0.26262660068398125,0.2583637656461186,0.21934627713979982,0.3048449296901929,5,5,2000,6320,1.0,1993
exp2_adult,logreg,n_100,sign_agreement,0.6985368620660652,0.7175416666666666,0.6750584192043043,0.7211048146407687,5,5,2000,6320,1.0,1993
exp2_adult,logreg,n_200,top5_jaccard,0.4861428571428572,0.4865972222222223,0.4667242063492064,0.5051904761904762,5,5,4000,12657,1.0,3986
exp2_adult,logreg,n_200,top10_jaccard,0.6171367443830679,0.630712492164698,0.5855834190319484,0.6403909166813578,5,5,4000,12657,1.0,3986
exp2_adult,logreg,n_200,kendall_tau_b,0.2621488780231599,0.25898308040428786,0.2237057788195263,0.3001543581067084,5,5,4000,12657,1.0,3986
exp2_adult,logreg,n_200,sign_agreement,0.697003874106346,0.7126097867001255,0.672754058458212,0.7212596756449657,5,5,4000,12657,1.0,3986
exp2_adult,logreg,n_50,top5_jaccard,0.482984126984127,0.48720238095238094,0.46271607142857146,0.5036468253968255,5,5,1000,3153,1.0,999
exp2_adult,logreg,n_50,top10_jaccard,0.6177771395271395,0.6271595071595073,0.5873992673992674,0.6407837162837162,5,5,1000,3153,1.0,999
exp2_adult,logreg,n_50,kendall_tau_b,0.2633647378421372,0.2575329195744056,0.21987038289539837,0.306859092788876,5,5,1000,3153,1.0,999
exp2_adult,logreg,n_50,sign_agreement,0.6914304020100502,0.7038333333333333,0.661694137353434,0.7204666666666667,5,5,1000,3153,1.0,999
exp2_adult,mlp,n_100,top5_jaccard,0.3309900793650793,0.3371527777777777,0.3160515873015872,0.34224206349206343,5,5,2000,4726,1.0,1958
exp2_adult,mlp,n_100,top10_jaccard,0.43397425531984357,0.4347111140493493,0.416034913615796,0.44900683630095395,5,5,2000,4726,1.0,1958
exp2_adult,mlp,n_100,kendall_tau_b,0.033194460022082574,0.033816413116205805,0.011273274876362765,0.05094564217995849,5,5,2000,4726,1.0,1958
exp2_adult,mlp,n_100,sign_agreement,0.6995753968253969,0.6958333333333334,0.68521336996337,0.7195555555555555,5,5,2000,4726,1.0,1958
exp2_adult,mlp,n_200,top5_jaccard,0.3310694444444444,0.33324900793650797,0.31750892857142854,0.3417688492063492,5,5,4000,9499,1.0,3927
exp2_adult,mlp,n_200,top10_jaccard,0.4331904721095897,0.43234001088780494,0.4192555275606746,0.4449893574562692,5,5,4000,9499,1.0,3927
exp2_adult,mlp,n_200,kendall_tau_b,0.03445410452911381,0.040040631545508375,0.015888847463031867,0.04844231465568576,5,5,4000,9499,1.0,3927
exp2_adult,mlp,n_200,sign_agreement,0.704233098860617,0.6911491339247993,0.6842236034848816,0.7262048635875935,5,5,4000,9499,1.0,3927
exp2_adult,mlp,n_50,top5_jaccard,0.34203571428571433,0.34257936507936504,0.3322301587301587,0.3507539682539682,5,5,1000,2432,1.0,980
exp2_adult,mlp,n_50,top10_jaccard,0.45457163261575023,0.44856623768388476,0.43792428160075214,0.47611709042591405,5,5,1000,2432,1.0,980
exp2_adult,mlp,n_50,kendall_tau_b,0.06021837880388856,0.060969410614213404,0.05032900393466929,0.06810488751821905,5,5,1000,2432,1.0,980
exp2_adult,mlp,n_50,sign_agreement,0.6636476826712355,0.6833333333333333,0.6367521323250113,0.6905432330174598,5,5,1000,2432,1.0,980
exp2_adult,rf,n_100,top5_jaccard,0.3912222222222222,0.3926587301587301,0.3654444444444444,0.4153888888888889,5,5,2000,5356,1.0,1945
exp2_adult,rf,n_100,top10_jaccard,0.5595632627176744,0.5573483869072104,0.5287765812618754,0.5903499441734736,5,5,2000,5356,1.0,1945
exp2_adult,rf,n_100,kendall_tau_b,0.13022074547608803,0.14566803874846682,0.09209754899263851,0.16937270270119645,5,5,2000,5356,1.0,1945
exp2_adult,rf,n_100,sign_agreement,0.7042787602683969,0.7172279792746115,0.6683310920381285,0.7372069204409891,5,5,2000,5356,1.0,1945
exp2_adult,rf,n_200,top5_jaccard,0.3853881738187894,0.3956294091710758,0.35932904828556733,0.4114862704261978,5,5,3603,9559,1.0,3496
exp2_adult,rf,n_200,top10_jaccard,0.5587045286061564,0.5519782209524959,0.527201743908331,0.5897347351104725,5,5,3603,9559,1.0,3496
exp2_adult,rf,n_200,kendall_tau_b,0.12885918563811083,0.1460096011086723,0.08929264703633125,0.16693128779142763,5,5,3603,9559,1.0,3496
exp2_adult,rf,n_200,sign_agreement,0.6834989319840729,0.6898571428571428,0.64798785465319,0.7129420444845612,5,5,3603,9559,1.0,3496
exp2_adult,rf,n_50,top5_jaccard,0.38998809523809524,0.3996230158730158,0.35652777777777783,0.42073015873015873,5,5,1000,2664,1.0,975
exp2_adult,rf,n_50,top10_jaccard,0.5622754794225383,0.5610530156118392,0.5339279739867976,0.590622984858279,5,5,1000,2664,1.0,975
exp2_adult,rf,n_50,kendall_tau_b,0.1265653271231842,0.1456344779045008,0.08429088530251998,0.1671068140414647,5,5,1000,2664,1.0,975
exp2_adult,rf,n_50,sign_agreement,0.6989801804069906,0.700259067357513,0.6684518184421535,0.7293831022475884,5,5,1000,2664,1.0,975
exp2_adult,svm,n_100,top5_jaccard,0.39929493377600334,0.3976017943409246,0.39164017229062986,0.4079706205775483,5,5,1069,2952,1.0,1062
exp2_adult,svm,n_100,top10_jaccard,0.5273545344462758,0.4899983057877794,0.4789887313525546,0.5760325811230543,5,5,1069,2952,1.0,1062
exp2_adult,svm,n_100,kendall_tau_b,0.17440551512964092,0.172637328014578,0.15507446593513258,0.19311469604367654,5,5,1069,2952,1.0,1062
exp2_adult,svm,n_100,sign_agreement,0.7763496498848257,0.681010101010101,0.6467882848586367,0.9059110149110149,5,5,1069,2952,1.0,1062
exp2_adult,svm,n_200,top5_jaccard,0.39100891642329827,0.3992741327300151,0.3684290382819795,0.4074324645112283,4,4,344,955,1.0,342
exp2_adult,svm,n_200,top10_jaccard,0.53061109323696,0.5310209376286033,0.5075788212920932,0.5536433651818267,4,4,344,955,1.0,342
exp2_adult,svm,n_200,kendall_tau_b,0.1975212544796633,0.2005272806508142,0.18595059939524522,0.20909190956408139,4,4,344,955,1.0,342
exp2_adult,svm,n_200,sign_agreement,0.9512034043331583,0.9494532428355957,0.9336317418213969,0.9687750668449198,4,4,344,955,1.0,342
exp2_adult,svm,n_50,top5_jaccard,0.39401774672894163,0.39761904761904765,0.3685569514237856,0.4194785420340977,5,5,651,1733,1.0,644
exp2_adult,svm,n_50,top10_jaccard,0.491582864544979,0.4979310812644146,0.4674252084755583,0.5106829619784097,5,5,651,1733,1.0,644
exp2_adult,svm,n_50,kendall_tau_b,0.14563394488810083,0.13809893986302654,0.11611762255095082,0.178233375174304,5,5,651,1733,1.0,644
exp2_adult,svm,n_50,sign_agreement,0.7828609908609908,0.726190476190476,0.643891293891294,0.9218306878306878,5,5,651,1733,1.0,644
exp2_adult,xgb,n_100,top5_jaccard,0.36376587301587304,0.38825396825396824,0.3258769841269841,0.401234126984127,5,5,2000,5086,1.0,1959
exp2_adult,xgb,n_100,top10_jaccard,0.4034092351576872,0.4092813915530634,0.38316147169823644,0.4207514003454406,5,5,2000,5086,1.0,1959
exp2_adult,xgb,n_100,kendall_tau_b,0.02812644022518514,0.054855325690148685,-0.01998472264882334,0.07193997509700781,5,5,2000,5086,1.0,1959
exp2_adult,xgb,n_100,sign_agreement,0.6854709787522204,0.6478114478114477,0.6446015157339742,0.7336068926586661,5,5,2000,5086,1.0,1959
exp2_adult,xgb,n_200,top5_jaccard,0.35841567460317464,0.375922619047619,0.3251597222222222,0.391811507936508,5,5,4000,10062,1.0,3917
exp2_adult,xgb,n_200,top10_jaccard,0.40183270925840586,0.4118763099645452,0.3803930679453416,0.4201892335605571,5,5,4000,10062,1.0,3917
exp2_adult,xgb,n_200,kendall_tau_b,0.02756692210119589,0.05657518924741969,-0.022231498658981497,0.0705737926245693,5,5,4000,10062,1.0,3917
exp2_adult,xgb,n_200,sign_agreement,0.6769378263247007,0.6493055555555556,0.6228869471255403,0.730988705523861,5,5,4000,10062,1.0,3917
exp2_adult,xgb,n_50,top5_jaccard,0.36705158730158727,0.38212301587301584,0.3312619047619047,0.402861111111111,5,5,1000,2560,1.0,981
exp2_adult,xgb,n_50,top10_jaccard,0.406021377315495,0.41665158371040717,0.38786078570122695,0.4229928013163307,5,5,1000,2560,1.0,981
exp2_adult,xgb,n_50,kendall_tau_b,0.02940395303892947,0.053307161067047984,-0.017315852729851935,0.06984050639717888,5,5,1000,2560,1.0,981
exp2_adult,xgb,n_50,sign_agreement,0.682463566806226,0.6436548223350255,0.6274957313063834,0.7374314023060686,5,5,1000,2560,1.0,981
german_credit,rf,not_applicable,top5_jaccard,0.4642703791653859,0.47109826589595366,0.4504771079915589,0.471235763608645,3,3,523,1612,1.0,523
german_credit,rf,not_applicable,top10_jaccard,0.5417851367949051,0.5343519678779795,0.51920659528616,0.571796847220576,3,3,523,1612,1.0,523
german_credit,rf,not_applicable,kendall_tau_b,0.2365943825274219,0.2469363348999706,0.21199997456358832,0.2508468381187067,3,3,523,1612,1.0,523
german_credit,rf,not_applicable,sign_agreement,0.469908450627565,0.4715799614643545,0.44210019267822737,0.4960451977401131,3,3,523,1612,1.0,523
german_credit,xgb,not_applicable,top5_jaccard,0.30902916287992105,0.31172597244025807,0.23476988560787446,0.3805916305916306,3,3,537,1208,1.0,525
german_credit,xgb,not_applicable,top10_jaccard,0.4185179467113121,0.42068256498403556,0.39493481105377265,0.439936464096128,3,3,537,1208,1.0,525
german_credit,xgb,not_applicable,kendall_tau_b,0.008013009931715387,0.02863748899187682,-0.10101773292789024,0.09641927373115956,3,3,537,1208,1.0,525
german_credit,xgb,not_applicable,sign_agreement,0.5525564551197151,0.5605214152700186,0.5196969696969697,0.5774509803921568,3,3,537,1208,1.0,525
breast_cancer,all,not_applicable,top5_jaccard,0.7140130418639191,0.7116228070175439,0.6712266778056253,0.7922758284600389,6,3,684,2773,1.0,683
breast_cancer,all,not_applicable,top10_jaccard,0.6690617818713793,0.6688808267755637,0.6544402235191709,0.6815084640162041,6,3,684,2773,1.0,683
breast_cancer,all,not_applicable,kendall_tau_b,0.5167907595846707,0.5137726010644375,0.4754491259167812,0.5611505517727933,6,3,684,2773,1.0,683
breast_cancer,all,not_applicable,sign_agreement,0.3736372026427919,0.3790204678362573,0.3568765202090773,0.38501461988304103,6,3,684,2773,1.0,683
exp2_adult,all,all,top5_jaccard,0.3932884928251067,0.3928724053724053,0.37652263015070836,0.4096072658281877,74,5,29667,79714,1.0,29164
exp2_adult,all,all,top10_jaccard,0.5072207785581316,0.4991385038162295,0.48715543950886697,0.5246675268901233,74,5,29667,79714,1.0,29164
exp2_adult,all,all,kendall_tau_b,0.12600041872354928,0.11062229322293188,0.10033413508685941,0.1528160942209924,74,5,29667,79714,1.0,29164
exp2_adult,all,all,sign_agreement,0.7166372246820716,0.696233164983165,0.6874312626801001,0.7466768453660166,74,5,29667,79714,1.0,29164
german_credit,all,not_applicable,top5_jaccard,0.38664977102265347,0.4155343692915947,0.34262349679971665,0.4258449482437922,6,3,1060,2820,1.0,1048
german_credit,all,not_applicable,top10_jaccard,0.48015154175310865,0.479571529691144,0.45707070316996634,0.505866655658352,6,3,1060,2820,1.0,1048
german_credit,all,not_applicable,kendall_tau_b,0.12230369622956865,0.15420962414737394,0.05549112081784904,0.1716778043155651,6,3,1060,2820,1.0,1048
german_credit,all,not_applicable,sign_agreement,0.5112324528736399,0.5078710837185414,0.48089858118759854,0.5282833065050658,6,3,1060,2820,1.0,1048
