dataset,model,seed,intensity,method_pair,available,left_valid_ids,right_valid_ids,left_source_rows,right_source_rows,left_valid_rows,right_valid_rows,matched_ids,left_only_ids,right_only_ids,same_id_sets,classification_mismatches,classification_mismatch_ids,left_invalid_rows,right_invalid_rows,left_duplicate_ids,right_duplicate_ids,left_duplicate_ids_list,right_duplicate_ids_list,left_order_invalid,right_order_invalid,left_empty_explanations,right_empty_explanations
breast_cancer,rf,123,not_applicable,shap_lime,True,114,114,114,114,114,114,114,0,0,True,0,,0,0,0,0,,,0,0,0,0
breast_cancer,rf,42,not_applicable,shap_lime,True,114,114,114,114,114,114,114,0,0,True,0,,0,0,0,0,,,0,0,0,0
breast_cancer,rf,456,not_applicable,shap_lime,True,114,114,114,114,114,114,114,0,0,True,0,,0,0,0,0,,,0,0,0,0
breast_cancer,xgb,123,not_applicable,shap_lime,True,114,114,114,114,114,114,114,0,0,True,0,,0,0,0,0,,,0,0,0,0
breast_cancer,xgb,42,not_applicable,shap_lime,True,114,114,114,114,114,114,114,0,0,True,0,,0,0,0,0,,,0,0,0,0
breast_cancer,xgb,456,not_applicable,shap_lime,True,114,114,114,114,114,114,114,0,0,True,0,,0,0,0,0,,,0,0,0,0
exp2_adult,logreg,123,n_100,shap_lime,True,400,400,400,400,400,400,400,0,0,True,0,,0,0,0,0,,,0,0,0,0
exp2_adult,logreg,123,n_200,shap_lime,True,800,800,800,800,800,800,800,0,0,True,0,,0,0,0,0,,,0,0,0,0
exp2_adult,logreg,123,n_50,shap_lime,True,200,200,200,200,200,200,200,0,0,True,0,,0,0,0,0,,,0,0,0,0
exp2_adult,logreg,42,n_100,shap_lime,True,400,400,400,400,400,400,400,0,0,True,0,,0,0,0,0,,,0,0,0,0
exp2_adult,logreg,42,n_200,shap_lime,True,800,800,800,800,800,800,800,0,0,True,0,,0,0,0,0,,,0,0,0,0
exp2_adult,logreg,42,n_50,shap_lime,True,200,200,200,200,200,200,200,0,0,True,0,,0,0,0,0,,,0,0,0,0
exp2_adult,logreg,456,n_100,shap_lime,True,400,400,400,400,400,400,400,0,0,True,0,,0,0,0,0,,,0,0,0,0
exp2_adult,logreg,456,n_200,shap_lime,True,800,800,800,800,800,800,800,0,0,True,0,,0,0,0,0,,,0,0,0,0
exp2_adult,logreg,456,n_50,shap_lime,True,200,200,200,200,200,200,200,0,0,True,0,,0,0,0,0,,,0,0,0,0
exp2_adult,logreg,789,n_100,shap_lime,True,400,400,400,400,400,400,400,0,0,True,0,,0,0,0,0,,,0,0,0,0
exp2_adult,logreg,789,n_200,shap_lime,True,800,800,800,800,800,800,800,0,0,True,0,,0,0,0,0,,,0,0,0,0
exp2_adult,logreg,789,n_50,shap_lime,True,200,200,200,200,200,200,200,0,0,True,0,,0,0,0,0,,,0,0,0,0
exp2_adult,logreg,999,n_100,shap_lime,True,400,400,400,400,400,400,400,0,0,True,0,,0,0,0,0,,,0,0,0,0
exp2_adult,logreg,999,n_200,shap_lime,True,800,800,800,800,800,800,800,0,0,True,0,,0,0,0,0,,,0,0,0,0
exp2_adult,logreg,999,n_50,shap_lime,True,200,200,200,200,200,200,200,0,0,True,0,,0,0,0,0,,,0,0,0,0
exp2_adult,mlp,123,n_100,shap_lime,True,400,400,400,400,400,400,400,0,0,True,0,,0,0,0,0,,,0,0,0,0
exp2_adult,mlp,123,n_200,shap_lime,True,800,800,800,800,800,800,800,0,0,True,0,,0,0,0,0,,,0,0,0,0
exp2_adult,mlp,123,n_50,shap_lime,True,200,200,200,200,200,200,200,0,0,True,0,,0,0,0,0,,,0,0,0,0
exp2_adult,mlp,42,n_100,shap_lime,True,400,400,400,400,400,400,400,0,0,True,0,,0,0,0,0,,,0,0,0,0
exp2_adult,mlp,42,n_200,shap_lime,True,800,800,800,800,800,800,800,0,0,True,0,,0,0,0,0,,,0,0,0,0
exp2_adult,mlp,42,n_50,shap_lime,True,200,200,200,200,200,200,200,0,0,True,0,,0,0,0,0,,,0,0,0,0
exp2_adult,mlp,456,n_100,shap_lime,True,400,400,400,400,400,400,400,0,0,True,0,,0,0,0,0,,,0,0,0,0
exp2_adult,mlp,456,n_200,shap_lime,True,800,800,800,800,800,800,800,0,0,True,0,,0,0,0,0,,,0,0,0,0
exp2_adult,mlp,456,n_50,shap_lime,True,200,200,200,200,200,200,200,0,0,True,0,,0,0,0,0,,,0,0,0,0
exp2_adult,mlp,789,n_100,shap_lime,True,400,400,400,400,400,400,400,0,0,True,0,,0,0,0,0,,,0,0,0,0
exp2_adult,mlp,789,n_200,shap_lime,True,800,800,800,800,800,800,800,0,0,True,0,,0,0,0,0,,,0,0,0,0
exp2_adult,mlp,789,n_50,shap_lime,True,200,200,200,200,200,200,200,0,0,True,0,,0,0,0,0,,,0,0,0,0
exp2_adult,mlp,999,n_100,shap_lime,True,400,400,400,400,400,400,400,0,0,True,0,,0,0,0,0,,,0,0,0,0
exp2_adult,mlp,999,n_200,shap_lime,True,800,800,800,800,800,800,800,0,0,True,0,,0,0,0,0,,,0,0,0,0
exp2_adult,mlp,999,n_50,shap_lime,True,200,200,200,200,200,200,200,0,0,True,0,,0,0,0,0,,,0,0,0,0
exp2_adult,rf,123,n_100,shap_lime,True,400,400,400,400,400,400,400,0,0,True,0,,0,0,0,0,,,0,0,0,0
exp2_adult,rf,123,n_200,shap_lime,True,720,720,720,720,720,720,720,0,0,True,0,,0,0,0,0,,,0,0,0,0
exp2_adult,rf,123,n_50,shap_lime,True,200,200,200,200,200,200,200,0,0,True,0,,0,0,0,0,,,0,0,0,0
exp2_adult,rf,42,n_100,shap_lime,True,400,400,400,400,400,400,400,0,0,True,0,,0,0,0,0,,,0,0,0,0
exp2_adult,rf,42,n_200,shap_lime,True,800,800,800,800,800,800,800,0,0,True,0,,0,0,0,0,,,0,0,0,0
exp2_adult,rf,42,n_50,shap_lime,True,200,200,200,200,200,200,200,0,0,True,0,,0,0,0,0,,,0,0,0,0
exp2_adult,rf,456,n_100,shap_lime,True,400,400,400,400,400,400,400,0,0,True,0,,0,0,0,0,,,0,0,0,0
exp2_adult,rf,456,n_200,shap_lime,True,689,689,689,689,689,689,689,0,0,True,0,,0,0,0,0,,,0,0,0,0
exp2_adult,rf,456,n_50,shap_lime,True,200,200,200,200,200,200,200,0,0,True,0,,0,0,0,0,,,0,0,0,0
exp2_adult,rf,789,n_100,shap_lime,True,400,400,400,400,400,400,400,0,0,True,0,,0,0,0,0,,,0,0,0,0
exp2_adult,rf,789,n_200,shap_lime,True,676,676,676,676,676,676,676,0,0,True,0,,0,0,0,0,,,0,0,0,0
exp2_adult,rf,789,n_50,shap_lime,True,200,200,200,200,200,200,200,0,0,True,0,,0,0,0,0,,,0,0,0,0
exp2_adult,rf,999,n_100,shap_lime,True,400,400,400,400,400,400,400,0,0,True,0,,0,0,0,0,,,0,0,0,0
exp2_adult,rf,999,n_200,shap_lime,True,718,718,718,718,718,718,718,0,0,True,0,,0,0,0,0,,,0,0,0,0
exp2_adult,rf,999,n_50,shap_lime,True,200,200,200,200,200,200,200,0,0,True,0,,0,0,0,0,,,0,0,0,0
exp2_adult,svm,123,n_100,shap_lime,True,400,400,400,400,400,400,400,0,0,True,0,,0,0,0,0,,,0,0,0,0
exp2_adult,svm,123,n_200,shap_lime,True,52,800,52,800,52,800,52,0,748,False,0,,0,0,0,0,,,0,0,0,0
exp2_adult,svm,123,n_50,shap_lime,True,200,200,200,200,200,200,200,0,0,True,0,,0,0,0,0,,,0,0,0,0
exp2_adult,svm,42,n_100,shap_lime,True,400,400,400,400,400,400,400,0,0,True,0,,0,0,0,0,,,0,0,0,0
exp2_adult,svm,42,n_200,shap_lime,True,85,800,85,800,85,800,85,0,715,False,0,,0,0,0,0,,,0,0,0,0
exp2_adult,svm,42,n_50,shap_lime,True,27,200,27,200,27,200,27,0,173,False,0,,0,0,0,0,,,0,0,0,0
exp2_adult,svm,456,n_100,shap_lime,True,46,400,46,400,46,400,46,0,354,False,0,,0,0,0,0,,,0,0,0,0
exp2_adult,svm,456,n_200,shap_lime,False,0,800,,800,,800,0,0,800,False,0,,,0,,0,,,,0,,0
exp2_adult,svm,456,n_50,shap_lime,True,25,200,29,200,29,200,25,0,175,False,0,,0,0,2,0,9517|9556,,0,0,0,0
exp2_adult,svm,789,n_100,shap_lime,True,57,400,57,400,57,400,57,0,343,False,0,,0,0,0,0,,,0,0,0,0
exp2_adult,svm,789,n_200,shap_lime,True,177,800,177,800,177,800,177,0,623,False,0,,0,0,0,0,,,0,0,0,0
exp2_adult,svm,789,n_50,shap_lime,True,199,200,200,200,199,200,199,0,1,False,0,,1,0,0,0,,,0,0,0,0
exp2_adult,svm,999,n_100,shap_lime,True,166,400,400,400,166,400,166,0,234,False,0,,234,0,0,0,,,0,0,0,0
exp2_adult,svm,999,n_200,shap_lime,True,30,800,30,800,30,800,30,0,770,False,0,,0,0,0,0,,,0,0,0,0
exp2_adult,svm,999,n_50,shap_lime,True,200,200,200,200,200,200,200,0,0,True,0,,0,0,0,0,,,0,0,0,0
exp2_adult,xgb,123,n_100,shap_lime,True,400,400,400,400,400,400,400,0,0,True,0,,0,0,0,0,,,0,0,0,0
exp2_adult,xgb,123,n_200,shap_lime,True,800,800,800,800,800,800,800,0,0,True,0,,0,0,0,0,,,0,0,0,0
exp2_adult,xgb,123,n_50,shap_lime,True,200,200,200,200,200,200,200,0,0,True,0,,0,0,0,0,,,0,0,0,0
exp2_adult,xgb,42,n_100,shap_lime,True,400,400,400,400,400,400,400,0,0,True,0,,0,0,0,0,,,0,0,0,0
exp2_adult,xgb,42,n_200,shap_lime,True,800,800,800,800,800,800,800,0,0,True,0,,0,0,0,0,,,0,0,0,0
exp2_adult,xgb,42,n_50,shap_lime,True,200,200,200,200,200,200,200,0,0,True,0,,0,0,0,0,,,0,0,0,0
exp2_adult,xgb,456,n_100,shap_lime,True,400,400,400,400,400,400,400,0,0,True,0,,0,0,0,0,,,0,0,0,0
exp2_adult,xgb,456,n_200,shap_lime,True,800,800,800,800,800,800,800,0,0,True,0,,0,0,0,0,,,0,0,0,0
exp2_adult,xgb,456,n_50,shap_lime,True,200,200,200,200,200,200,200,0,0,True,0,,0,0,0,0,,,0,0,0,0
exp2_adult,xgb,789,n_100,shap_lime,True,400,400,400,400,400,400,400,0,0,True,0,,0,0,0,0,,,0,0,0,0
exp2_adult,xgb,789,n_200,shap_lime,True,800,800,800,800,800,800,800,0,0,True,0,,0,0,0,0,,,0,0,0,0
exp2_adult,xgb,789,n_50,shap_lime,True,200,200,200,200,200,200,200,0,0,True,0,,0,0,0,0,,,0,0,0,0
exp2_adult,xgb,999,n_100,shap_lime,True,400,400,400,400,400,400,400,0,0,True,0,,0,0,0,0,,,0,0,0,0
exp2_adult,xgb,999,n_200,shap_lime,True,800,800,800,800,800,800,800,0,0,True,0,,0,0,0,0,,,0,0,0,0
exp2_adult,xgb,999,n_50,shap_lime,True,200,200,200,200,200,200,200,0,0,True,0,,0,0,0,0,,,0,0,0,0
german_credit,rf,123,not_applicable,shap_lime,True,173,173,173,173,173,173,173,0,0,True,0,,0,0,0,0,,,0,0,0,0
german_credit,rf,42,not_applicable,shap_lime,True,177,177,177,177,177,177,177,0,0,True,0,,0,0,0,0,,,0,0,0,0
german_credit,rf,456,not_applicable,shap_lime,True,173,173,173,173,173,173,173,0,0,True,0,,0,0,0,0,,,0,0,0,0
german_credit,xgb,123,not_applicable,shap_lime,True,176,176,176,176,176,176,176,0,0,True,0,,0,0,0,0,,,0,0,0,0
german_credit,xgb,42,not_applicable,shap_lime,True,182,182,182,182,182,182,182,0,0,True,0,,0,0,0,0,,,0,0,0,0
german_credit,xgb,456,not_applicable,shap_lime,True,179,179,179,179,179,179,179,0,0,True,0,,0,0,0,0,,,0,0,0,0
