dataset,model,seed,intensity,method,source_path,source_row_index,instance_id,reason
exp2_adult,rf,123,n_200,dice,experiments/exp2_scaled/results/rf_dice/seed_123/n_200/results.json,366,4452,source_error|missing_or_empty_raw_top|missing_classification_labels
exp2_adult,svm,123,n_200,anchors,experiments/exp2_scaled/results/svm_anchors/seed_123/n_200/results.json,0,7,source_error|missing_or_empty_raw_top|missing_classification_labels
exp2_adult,svm,123,n_200,anchors,experiments/exp2_scaled/results/svm_anchors/seed_123/n_200/results.json,25,324,source_error|missing_or_empty_raw_top|missing_classification_labels
exp2_adult,svm,123,n_200,anchors,experiments/exp2_scaled/results/svm_anchors/seed_123/n_200/results.json,72,906,source_error|missing_or_empty_raw_top|missing_classification_labels
exp2_adult,svm,123,n_200,anchors,experiments/exp2_scaled/results/svm_anchors/seed_123/n_200/results.json,183,2298,source_error|missing_or_empty_raw_top|missing_classification_labels
exp2_adult,svm,123,n_200,anchors,experiments/exp2_scaled/results/svm_anchors/seed_123/n_200/results.json,190,2404,source_error|missing_or_empty_raw_top|missing_classification_labels
exp2_adult,svm,123,n_200,anchors,experiments/exp2_scaled/results/svm_anchors/seed_123/n_200/results.json,192,2415,source_error|missing_or_empty_raw_top|missing_classification_labels
exp2_adult,svm,123,n_200,anchors,experiments/exp2_scaled/results/svm_anchors/seed_123/n_200/results.json,260,3159,source_error|missing_or_empty_raw_top|missing_classification_labels
exp2_adult,svm,123,n_200,anchors,experiments/exp2_scaled/results/svm_anchors/seed_123/n_200/results.json,284,3459,source_error|missing_or_empty_raw_top|missing_classification_labels
exp2_adult,svm,123,n_200,anchors,experiments/exp2_scaled/results/svm_anchors/seed_123/n_200/results.json,287,3526,source_error|missing_or_empty_raw_top|missing_classification_labels
exp2_adult,svm,123,n_200,anchors,experiments/exp2_scaled/results/svm_anchors/seed_123/n_200/results.json,298,3718,source_error|missing_or_empty_raw_top|missing_classification_labels
exp2_adult,svm,123,n_200,anchors,experiments/exp2_scaled/results/svm_anchors/seed_123/n_200/results.json,322,4089,source_error|missing_or_empty_raw_top|missing_classification_labels
exp2_adult,svm,123,n_200,anchors,experiments/exp2_scaled/results/svm_anchors/seed_123/n_200/results.json,344,4352,source_error|missing_or_empty_raw_top|missing_classification_labels
exp2_adult,svm,123,n_200,anchors,experiments/exp2_scaled/results/svm_anchors/seed_123/n_200/results.json,350,4479,source_error|missing_or_empty_raw_top|missing_classification_labels
exp2_adult,svm,123,n_200,anchors,experiments/exp2_scaled/results/svm_anchors/seed_123/n_200/results.json,377,4702,source_error|missing_or_empty_raw_top|missing_classification_labels
exp2_adult,svm,123,n_200,anchors,experiments/exp2_scaled/results/svm_anchors/seed_123/n_200/results.json,385,4802,source_error|missing_or_empty_raw_top|missing_classification_labels
exp2_adult,svm,123,n_200,anchors,experiments/exp2_scaled/results/svm_anchors/seed_123/n_200/results.json,428,5238,source_error|missing_or_empty_raw_top|missing_classification_labels
exp2_adult,svm,123,n_200,anchors,experiments/exp2_scaled/results/svm_anchors/seed_123/n_200/results.json,430,5255,source_error|missing_or_empty_raw_top|missing_classification_labels
exp2_adult,svm,123,n_200,anchors,experiments/exp2_scaled/results/svm_anchors/seed_123/n_200/results.json,449,5464,source_error|missing_or_empty_raw_top|missing_classification_labels
exp2_adult,svm,123,n_200,anchors,experiments/exp2_scaled/results/svm_anchors/seed_123/n_200/results.json,454,5602,source_error|missing_or_empty_raw_top|missing_classification_labels
exp2_adult,svm,123,n_200,anchors,experiments/exp2_scaled/results/svm_anchors/seed_123/n_200/results.json,462,5645,source_error|missing_or_empty_raw_top|missing_classification_labels
exp2_adult,svm,123,n_200,anchors,experiments/exp2_scaled/results/svm_anchors/seed_123/n_200/results.json,492,5863,source_error|missing_or_empty_raw_top|missing_classification_labels
exp2_adult,svm,123,n_200,anchors,experiments/exp2_scaled/results/svm_anchors/seed_123/n_200/results.json,524,6182,source_error|missing_or_empty_raw_top|missing_classification_labels
exp2_adult,svm,123,n_200,anchors,experiments/exp2_scaled/results/svm_anchors/seed_123/n_200/results.json,547,6559,source_error|missing_or_empty_raw_top|missing_classification_labels
exp2_adult,svm,123,n_200,anchors,experiments/exp2_scaled/results/svm_anchors/seed_123/n_200/results.json,578,7004,source_error|missing_or_empty_raw_top|missing_classification_labels
exp2_adult,svm,123,n_200,anchors,experiments/exp2_scaled/results/svm_anchors/seed_123/n_200/results.json,585,7117,source_error|missing_or_empty_raw_top|missing_classification_labels
exp2_adult,svm,123,n_200,anchors,experiments/exp2_scaled/results/svm_anchors/seed_123/n_200/results.json,612,7397,source_error|missing_or_empty_raw_top|missing_classification_labels
exp2_adult,svm,123,n_200,anchors,experiments/exp2_scaled/results/svm_anchors/seed_123/n_200/results.json,615,7415,source_error|missing_or_empty_raw_top|missing_classification_labels
exp2_adult,svm,123,n_200,anchors,experiments/exp2_scaled/results/svm_anchors/seed_123/n_200/results.json,622,7455,source_error|missing_or_empty_raw_top|missing_classification_labels
exp2_adult,svm,123,n_200,anchors,experiments/exp2_scaled/results/svm_anchors/seed_123/n_200/results.json,661,8052,source_error|missing_or_empty_raw_top|missing_classification_labels
exp2_adult,svm,123,n_200,anchors,experiments/exp2_scaled/results/svm_anchors/seed_123/n_200/results.json,684,8257,source_error|missing_or_empty_raw_top|missing_classification_labels
exp2_adult,svm,123,n_200,anchors,experiments/exp2_scaled/results/svm_anchors/seed_123/n_200/results.json,702,8507,source_error|missing_or_empty_raw_top|missing_classification_labels
exp2_adult,svm,123,n_200,anchors,experiments/exp2_scaled/results/svm_anchors/seed_123/n_200/results.json,740,9011,source_error|missing_or_empty_raw_top|missing_classification_labels
exp2_adult,svm,123,n_200,anchors,experiments/exp2_scaled/results/svm_anchors/seed_123/n_200/results.json,746,9064,source_error|missing_or_empty_raw_top|missing_classification_labels
exp2_adult,svm,123,n_200,anchors,experiments/exp2_scaled/results/svm_anchors/seed_123/n_200/results.json,773,9404,source_error|missing_or_empty_raw_top|missing_classification_labels
exp2_adult,svm,456,n_100,anchors,experiments/exp2_scaled/results/svm_anchors/seed_456/n_100/results.json,17,529,source_error|missing_or_empty_raw_top|missing_classification_labels
exp2_adult,svm,456,n_100,anchors,experiments/exp2_scaled/results/svm_anchors/seed_456/n_100/results.json,30,750,source_error|missing_or_empty_raw_top|missing_classification_labels
exp2_adult,svm,456,n_100,anchors,experiments/exp2_scaled/results/svm_anchors/seed_456/n_100/results.json,34,935,source_error|missing_or_empty_raw_top|missing_classification_labels
exp2_adult,svm,456,n_100,anchors,experiments/exp2_scaled/results/svm_anchors/seed_456/n_100/results.json,313,7618,source_error|missing_or_empty_raw_top|missing_classification_labels
exp2_adult,svm,999,n_200,anchors,experiments/exp2_scaled/results/svm_anchors/seed_999/n_200/results.json,141,1602,source_error|missing_or_empty_raw_top|missing_classification_labels
exp2_adult,svm,999,n_200,anchors,experiments/exp2_scaled/results/svm_anchors/seed_999/n_200/results.json,319,3924,source_error|missing_or_empty_raw_top|missing_classification_labels
exp2_adult,svm,999,n_200,anchors,experiments/exp2_scaled/results/svm_anchors/seed_999/n_200/results.json,765,9346,source_error|missing_or_empty_raw_top|missing_classification_labels
exp2_adult,svm,999,n_200,anchors,experiments/exp2_scaled/results/svm_anchors/seed_999/n_200/results.json,776,9464,source_error|missing_or_empty_raw_top|missing_classification_labels
exp2_adult,svm,456,n_50,shap,experiments/exp2_scaled/results/svm_shap/seed_456/n_50/results.json,25,9517,duplicate_instance_id
exp2_adult,svm,456,n_50,shap,experiments/exp2_scaled/results/svm_shap/seed_456/n_50/results.json,26,9556,duplicate_instance_id
exp2_adult,svm,456,n_50,shap,experiments/exp2_scaled/results/svm_shap/seed_456/n_50/results.json,27,9517,duplicate_instance_id
exp2_adult,svm,456,n_50,shap,experiments/exp2_scaled/results/svm_shap/seed_456/n_50/results.json,28,9556,duplicate_instance_id
exp2_adult,svm,789,n_50,shap,experiments/exp2_scaled/results/svm_shap/seed_789/n_50/results.json,10,652,source_error|missing_or_empty_raw_top|missing_classification_labels
exp2_adult,svm,999,n_100,shap,experiments/exp2_scaled/results/svm_shap/seed_999/n_100/results.json,0,40,source_error|missing_or_empty_raw_top|missing_classification_labels
exp2_adult,svm,999,n_100,shap,experiments/exp2_scaled/results/svm_shap/seed_999/n_100/results.json,1,51,source_error|missing_or_empty_raw_top|missing_classification_labels
exp2_adult,svm,999,n_100,shap,experiments/exp2_scaled/results/svm_shap/seed_999/n_100/results.json,2,66,source_error|missing_or_empty_raw_top|missing_classification_labels
exp2_adult,svm,999,n_100,shap,experiments/exp2_scaled/results/svm_shap/seed_999/n_100/results.json,3,99,source_error|missing_or_empty_raw_top|missing_classification_labels
exp2_adult,svm,999,n_100,shap,experiments/exp2_scaled/results/svm_shap/seed_999/n_100/results.json,5,143,source_error|missing_or_empty_raw_top|missing_classification_labels
exp2_adult,svm,999,n_100,shap,experiments/exp2_scaled/results/svm_shap/seed_999/n_100/results.json,6,157,source_error|missing_or_empty_raw_top|missing_classification_labels
exp2_adult,svm,999,n_100,shap,experiments/exp2_scaled/results/svm_shap/seed_999/n_100/results.json,7,171,source_error|missing_or_empty_raw_top|missing_classification_labels
exp2_adult,svm,999,n_100,shap,experiments/exp2_scaled/results/svm_shap/seed_999/n_100/results.json,8,172,source_error|missing_or_empty_raw_top|missing_classification_labels
exp2_adult,svm,999,n_100,shap,experiments/exp2_scaled/results/svm_shap/seed_999/n_100/results.json,9,241,source_error|missing_or_empty_raw_top|missing_classification_labels
exp2_adult,svm,999,n_100,shap,experiments/exp2_scaled/results/svm_shap/seed_999/n_100/results.json,10,275,source_error|missing_or_empty_raw_top|missing_classification_labels
exp2_adult,svm,999,n_100,shap,experiments/exp2_scaled/results/svm_shap/seed_999/n_100/results.json,11,294,source_error|missing_or_empty_raw_top|missing_classification_labels
exp2_adult,svm,999,n_100,shap,experiments/exp2_scaled/results/svm_shap/seed_999/n_100/results.json,16,466,source_error|missing_or_empty_raw_top|missing_classification_labels
exp2_adult,svm,999,n_100,shap,experiments/exp2_scaled/results/svm_shap/seed_999/n_100/results.json,17,476,source_error|missing_or_empty_raw_top|missing_classification_labels
exp2_adult,svm,999,n_100,shap,experiments/exp2_scaled/results/svm_shap/seed_999/n_100/results.json,19,497,source_error|missing_or_empty_raw_top|missing_classification_labels
exp2_adult,svm,999,n_100,shap,experiments/exp2_scaled/results/svm_shap/seed_999/n_100/results.json,20,539,source_error|missing_or_empty_raw_top|missing_classification_labels
exp2_adult,svm,999,n_100,shap,experiments/exp2_scaled/results/svm_shap/seed_999/n_100/results.json,21,603,source_error|missing_or_empty_raw_top|missing_classification_labels
exp2_adult,svm,999,n_100,shap,experiments/exp2_scaled/results/svm_shap/seed_999/n_100/results.json,23,616,source_error|missing_or_empty_raw_top|missing_classification_labels
exp2_adult,svm,999,n_100,shap,experiments/exp2_scaled/results/svm_shap/seed_999/n_100/results.json,24,704,source_error|missing_or_empty_raw_top|missing_classification_labels
exp2_adult,svm,999,n_100,shap,experiments/exp2_scaled/results/svm_shap/seed_999/n_100/results.json,27,833,source_error|missing_or_empty_raw_top|missing_classification_labels
exp2_adult,svm,999,n_100,shap,experiments/exp2_scaled/results/svm_shap/seed_999/n_100/results.json,29,855,source_error|missing_or_empty_raw_top|missing_classification_labels
exp2_adult,svm,999,n_100,shap,experiments/exp2_scaled/results/svm_shap/seed_999/n_100/results.json,32,918,source_error|missing_or_empty_raw_top|missing_classification_labels
exp2_adult,svm,999,n_100,shap,experiments/exp2_scaled/results/svm_shap/seed_999/n_100/results.json,34,1004,source_error|missing_or_empty_raw_top|missing_classification_labels
exp2_adult,svm,999,n_100,shap,experiments/exp2_scaled/results/svm_shap/seed_999/n_100/results.json,35,1044,source_error|missing_or_empty_raw_top|missing_classification_labels
exp2_adult,svm,999,n_100,shap,experiments/exp2_scaled/results/svm_shap/seed_999/n_100/results.json,37,1062,source_error|missing_or_empty_raw_top|missing_classification_labels
exp2_adult,svm,999,n_100,shap,experiments/exp2_scaled/results/svm_shap/seed_999/n_100/results.json,38,1072,source_error|missing_or_empty_raw_top|missing_classification_labels
exp2_adult,svm,999,n_100,shap,experiments/exp2_scaled/results/svm_shap/seed_999/n_100/results.json,39,1078,source_error|missing_or_empty_raw_top|missing_classification_labels
exp2_adult,svm,999,n_100,shap,experiments/exp2_scaled/results/svm_shap/seed_999/n_100/results.json,43,1113,source_error|missing_or_empty_raw_top|missing_classification_labels
exp2_adult,svm,999,n_100,shap,experiments/exp2_scaled/results/svm_shap/seed_999/n_100/results.json,44,1140,source_error|missing_or_empty_raw_top|missing_classification_labels
exp2_adult,svm,999,n_100,shap,experiments/exp2_scaled/results/svm_shap/seed_999/n_100/results.json,45,1179,source_error|missing_or_empty_raw_top|missing_classification_labels
exp2_adult,svm,999,n_100,shap,experiments/exp2_scaled/results/svm_shap/seed_999/n_100/results.json,46,1188,source_error|missing_or_empty_raw_top|missing_classification_labels
exp2_adult,svm,999,n_100,shap,experiments/exp2_scaled/results/svm_shap/seed_999/n_100/results.json,47,1218,source_error|missing_or_empty_raw_top|missing_classification_labels
exp2_adult,svm,999,n_100,shap,experiments/exp2_scaled/results/svm_shap/seed_999/n_100/results.json,52,1333,source_error|missing_or_empty_raw_top|missing_classification_labels
exp2_adult,svm,999,n_100,shap,experiments/exp2_scaled/results/svm_shap/seed_999/n_100/results.json,54,1341,source_error|missing_or_empty_raw_top|missing_classification_labels
exp2_adult,svm,999,n_100,shap,experiments/exp2_scaled/results/svm_shap/seed_999/n_100/results.json,55,1370,source_error|missing_or_empty_raw_top|missing_classification_labels
exp2_adult,svm,999,n_100,shap,experiments/exp2_scaled/results/svm_shap/seed_999/n_100/results.json,59,1416,source_error|missing_or_empty_raw_top|missing_classification_labels
exp2_adult,svm,999,n_100,shap,experiments/exp2_scaled/results/svm_shap/seed_999/n_100/results.json,60,1420,source_error|missing_or_empty_raw_top|missing_classification_labels
exp2_adult,svm,999,n_100,shap,experiments/exp2_scaled/results/svm_shap/seed_999/n_100/results.json,64,1459,source_error|missing_or_empty_raw_top|missing_classification_labels
exp2_adult,svm,999,n_100,shap,experiments/exp2_scaled/results/svm_shap/seed_999/n_100/results.json,65,1502,source_error|missing_or_empty_raw_top|missing_classification_labels
exp2_adult,svm,999,n_100,shap,experiments/exp2_scaled/results/svm_shap/seed_999/n_100/results.json,66,1517,source_error|missing_or_empty_raw_top|missing_classification_labels
exp2_adult,svm,999,n_100,shap,experiments/exp2_scaled/results/svm_shap/seed_999/n_100/results.json,67,1526,source_error|missing_or_empty_raw_top|missing_classification_labels
exp2_adult,svm,999,n_100,shap,experiments/exp2_scaled/results/svm_shap/seed_999/n_100/results.json,72,1677,source_error|missing_or_empty_raw_top|missing_classification_labels
exp2_adult,svm,999,n_100,shap,experiments/exp2_scaled/results/svm_shap/seed_999/n_100/results.json,75,1808,source_error|missing_or_empty_raw_top|missing_classification_labels
exp2_adult,svm,999,n_100,shap,experiments/exp2_scaled/results/svm_shap/seed_999/n_100/results.json,76,1809,source_error|missing_or_empty_raw_top|missing_classification_labels
exp2_adult,svm,999,n_100,shap,experiments/exp2_scaled/results/svm_shap/seed_999/n_100/results.json,78,1823,source_error|missing_or_empty_raw_top|missing_classification_labels
exp2_adult,svm,999,n_100,shap,experiments/exp2_scaled/results/svm_shap/seed_999/n_100/results.json,80,1869,source_error|missing_or_empty_raw_top|missing_classification_labels
exp2_adult,svm,999,n_100,shap,experiments/exp2_scaled/results/svm_shap/seed_999/n_100/results.json,81,1889,source_error|missing_or_empty_raw_top|missing_classification_labels
exp2_adult,svm,999,n_100,shap,experiments/exp2_scaled/results/svm_shap/seed_999/n_100/results.json,83,1929,source_error|missing_or_empty_raw_top|missing_classification_labels
exp2_adult,svm,999,n_100,shap,experiments/exp2_scaled/results/svm_shap/seed_999/n_100/results.json,85,2163,source_error|missing_or_empty_raw_top|missing_classification_labels
exp2_adult,svm,999,n_100,shap,experiments/exp2_scaled/results/svm_shap/seed_999/n_100/results.json,86,2206,source_error|missing_or_empty_raw_top|missing_classification_labels
exp2_adult,svm,999,n_100,shap,experiments/exp2_scaled/results/svm_shap/seed_999/n_100/results.json,87,2220,source_error|missing_or_empty_raw_top|missing_classification_labels
exp2_adult,svm,999,n_100,shap,experiments/exp2_scaled/results/svm_shap/seed_999/n_100/results.json,88,2222,source_error|missing_or_empty_raw_top|missing_classification_labels
exp2_adult,svm,999,n_100,shap,experiments/exp2_scaled/results/svm_shap/seed_999/n_100/results.json,91,2336,source_error|missing_or_empty_raw_top|missing_classification_labels
exp2_adult,svm,999,n_100,shap,experiments/exp2_scaled/results/svm_shap/seed_999/n_100/results.json,94,2367,source_error|missing_or_empty_raw_top|missing_classification_labels
exp2_adult,svm,999,n_100,shap,experiments/exp2_scaled/results/svm_shap/seed_999/n_100/results.json,95,2380,source_error|missing_or_empty_raw_top|missing_classification_labels
exp2_adult,svm,999,n_100,shap,experiments/exp2_scaled/results/svm_shap/seed_999/n_100/results.json,96,2417,source_error|missing_or_empty_raw_top|missing_classification_labels
exp2_adult,svm,999,n_100,shap,experiments/exp2_scaled/results/svm_shap/seed_999/n_100/results.json,97,2435,source_error|missing_or_empty_raw_top|missing_classification_labels
exp2_adult,svm,999,n_100,shap,experiments/exp2_scaled/results/svm_shap/seed_999/n_100/results.json,98,2607,source_error|missing_or_empty_raw_top|missing_classification_labels
exp2_adult,svm,999,n_100,shap,experiments/exp2_scaled/results/svm_shap/seed_999/n_100/results.json,99,2610,source_error|missing_or_empty_raw_top|missing_classification_labels
exp2_adult,svm,999,n_100,shap,experiments/exp2_scaled/results/svm_shap/seed_999/n_100/results.json,100,2652,source_error|missing_or_empty_raw_top|missing_classification_labels
exp2_adult,svm,999,n_100,shap,experiments/exp2_scaled/results/svm_shap/seed_999/n_100/results.json,101,2682,source_error|missing_or_empty_raw_top|missing_classification_labels
exp2_adult,svm,999,n_100,shap,experiments/exp2_scaled/results/svm_shap/seed_999/n_100/results.json,103,2715,source_error|missing_or_empty_raw_top|missing_classification_labels
exp2_adult,svm,999,n_100,shap,experiments/exp2_scaled/results/svm_shap/seed_999/n_100/results.json,104,2748,source_error|missing_or_empty_raw_top|missing_classification_labels
exp2_adult,svm,999,n_100,shap,experiments/exp2_scaled/results/svm_shap/seed_999/n_100/results.json,108,2830,source_error|missing_or_empty_raw_top|missing_classification_labels
exp2_adult,svm,999,n_100,shap,experiments/exp2_scaled/results/svm_shap/seed_999/n_100/results.json,110,2835,source_error|missing_or_empty_raw_top|missing_classification_labels
exp2_adult,svm,999,n_100,shap,experiments/exp2_scaled/results/svm_shap/seed_999/n_100/results.json,113,2896,source_error|missing_or_empty_raw_top|missing_classification_labels
exp2_adult,svm,999,n_100,shap,experiments/exp2_scaled/results/svm_shap/seed_999/n_100/results.json,115,2906,source_error|missing_or_empty_raw_top|missing_classification_labels
exp2_adult,svm,999,n_100,shap,experiments/exp2_scaled/results/svm_shap/seed_999/n_100/results.json,116,2948,source_error|missing_or_empty_raw_top|missing_classification_labels
exp2_adult,svm,999,n_100,shap,experiments/exp2_scaled/results/svm_shap/seed_999/n_100/results.json,117,3013,source_error|missing_or_empty_raw_top|missing_classification_labels
exp2_adult,svm,999,n_100,shap,experiments/exp2_scaled/results/svm_shap/seed_999/n_100/results.json,118,3051,source_error|missing_or_empty_raw_top|missing_classification_labels
exp2_adult,svm,999,n_100,shap,experiments/exp2_scaled/results/svm_shap/seed_999/n_100/results.json,119,3062,source_error|missing_or_empty_raw_top|missing_classification_labels
exp2_adult,svm,999,n_100,shap,experiments/exp2_scaled/results/svm_shap/seed_999/n_100/results.json,122,3147,source_error|missing_or_empty_raw_top|missing_classification_labels
exp2_adult,svm,999,n_100,shap,experiments/exp2_scaled/results/svm_shap/seed_999/n_100/results.json,123,3151,source_error|missing_or_empty_raw_top|missing_classification_labels
exp2_adult,svm,999,n_100,shap,experiments/exp2_scaled/results/svm_shap/seed_999/n_100/results.json,124,3169,source_error|missing_or_empty_raw_top|missing_classification_labels
exp2_adult,svm,999,n_100,shap,experiments/exp2_scaled/results/svm_shap/seed_999/n_100/results.json,126,3208,source_error|missing_or_empty_raw_top|missing_classification_labels
exp2_adult,svm,999,n_100,shap,experiments/exp2_scaled/results/svm_shap/seed_999/n_100/results.json,127,3234,source_error|missing_or_empty_raw_top|missing_classification_labels
exp2_adult,svm,999,n_100,shap,experiments/exp2_scaled/results/svm_shap/seed_999/n_100/results.json,128,3266,source_error|missing_or_empty_raw_top|missing_classification_labels
exp2_adult,svm,999,n_100,shap,experiments/exp2_scaled/results/svm_shap/seed_999/n_100/results.json,129,3271,source_error|missing_or_empty_raw_top|missing_classification_labels
exp2_adult,svm,999,n_100,shap,experiments/exp2_scaled/results/svm_shap/seed_999/n_100/results.json,130,3282,source_error|missing_or_empty_raw_top|missing_classification_labels
exp2_adult,svm,999,n_100,shap,experiments/exp2_scaled/results/svm_shap/seed_999/n_100/results.json,131,3328,source_error|missing_or_empty_raw_top|missing_classification_labels
exp2_adult,svm,999,n_100,shap,experiments/exp2_scaled/results/svm_shap/seed_999/n_100/results.json,132,3349,source_error|missing_or_empty_raw_top|missing_classification_labels
exp2_adult,svm,999,n_100,shap,experiments/exp2_scaled/results/svm_shap/seed_999/n_100/results.json,134,3368,source_error|missing_or_empty_raw_top|missing_classification_labels
exp2_adult,svm,999,n_100,shap,experiments/exp2_scaled/results/svm_shap/seed_999/n_100/results.json,137,3527,source_error|missing_or_empty_raw_top|missing_classification_labels
exp2_adult,svm,999,n_100,shap,experiments/exp2_scaled/results/svm_shap/seed_999/n_100/results.json,139,3620,source_error|missing_or_empty_raw_top|missing_classification_labels
exp2_adult,svm,999,n_100,shap,experiments/exp2_scaled/results/svm_shap/seed_999/n_100/results.json,140,3687,source_error|missing_or_empty_raw_top|missing_classification_labels
exp2_adult,svm,999,n_100,shap,experiments/exp2_scaled/results/svm_shap/seed_999/n_100/results.json,144,3804,source_error|missing_or_empty_raw_top|missing_classification_labels
exp2_adult,svm,999,n_100,shap,experiments/exp2_scaled/results/svm_shap/seed_999/n_100/results.json,147,3827,source_error|missing_or_empty_raw_top|missing_classification_labels
exp2_adult,svm,999,n_100,shap,experiments/exp2_scaled/results/svm_shap/seed_999/n_100/results.json,149,3850,source_error|missing_or_empty_raw_top|missing_classification_labels
exp2_adult,svm,999,n_100,shap,experiments/exp2_scaled/results/svm_shap/seed_999/n_100/results.json,152,3924,source_error|missing_or_empty_raw_top|missing_classification_labels
exp2_adult,svm,999,n_100,shap,experiments/exp2_scaled/results/svm_shap/seed_999/n_100/results.json,156,4126,source_error|missing_or_empty_raw_top|missing_classification_labels
exp2_adult,svm,999,n_100,shap,experiments/exp2_scaled/results/svm_shap/seed_999/n_100/results.json,157,4142,source_error|missing_or_empty_raw_top|missing_classification_labels
exp2_adult,svm,999,n_100,shap,experiments/exp2_scaled/results/svm_shap/seed_999/n_100/results.json,158,4181,source_error|missing_or_empty_raw_top|missing_classification_labels
exp2_adult,svm,999,n_100,shap,experiments/exp2_scaled/results/svm_shap/seed_999/n_100/results.json,160,4238,source_error|missing_or_empty_raw_top|missing_classification_labels
exp2_adult,svm,999,n_100,shap,experiments/exp2_scaled/results/svm_shap/seed_999/n_100/results.json,162,4325,source_error|missing_or_empty_raw_top|missing_classification_labels
exp2_adult,svm,999,n_100,shap,experiments/exp2_scaled/results/svm_shap/seed_999/n_100/results.json,163,4329,source_error|missing_or_empty_raw_top|missing_classification_labels
exp2_adult,svm,999,n_100,shap,experiments/exp2_scaled/results/svm_shap/seed_999/n_100/results.json,165,4353,source_error|missing_or_empty_raw_top|missing_classification_labels
exp2_adult,svm,999,n_100,shap,experiments/exp2_scaled/results/svm_shap/seed_999/n_100/results.json,166,4363,source_error|missing_or_empty_raw_top|missing_classification_labels
exp2_adult,svm,999,n_100,shap,experiments/exp2_scaled/results/svm_shap/seed_999/n_100/results.json,167,4377,source_error|missing_or_empty_raw_top|missing_classification_labels
exp2_adult,svm,999,n_100,shap,experiments/exp2_scaled/results/svm_shap/seed_999/n_100/results.json,169,4425,source_error|missing_or_empty_raw_top|missing_classification_labels
exp2_adult,svm,999,n_100,shap,experiments/exp2_scaled/results/svm_shap/seed_999/n_100/results.json,170,4495,source_error|missing_or_empty_raw_top|missing_classification_labels
exp2_adult,svm,999,n_100,shap,experiments/exp2_scaled/results/svm_shap/seed_999/n_100/results.json,171,4518,source_error|missing_or_empty_raw_top|missing_classification_labels
exp2_adult,svm,999,n_100,shap,experiments/exp2_scaled/results/svm_shap/seed_999/n_100/results.json,172,4522,source_error|missing_or_empty_raw_top|missing_classification_labels
exp2_adult,svm,999,n_100,shap,experiments/exp2_scaled/results/svm_shap/seed_999/n_100/results.json,173,4546,source_error|missing_or_empty_raw_top|missing_classification_labels
exp2_adult,svm,999,n_100,shap,experiments/exp2_scaled/results/svm_shap/seed_999/n_100/results.json,174,4586,source_error|missing_or_empty_raw_top|missing_classification_labels
exp2_adult,svm,999,n_100,shap,experiments/exp2_scaled/results/svm_shap/seed_999/n_100/results.json,175,4617,source_error|missing_or_empty_raw_top|missing_classification_labels
exp2_adult,svm,999,n_100,shap,experiments/exp2_scaled/results/svm_shap/seed_999/n_100/results.json,176,4634,source_error|missing_or_empty_raw_top|missing_classification_labels
exp2_adult,svm,999,n_100,shap,experiments/exp2_scaled/results/svm_shap/seed_999/n_100/results.json,177,4697,source_error|missing_or_empty_raw_top|missing_classification_labels
exp2_adult,svm,999,n_100,shap,experiments/exp2_scaled/results/svm_shap/seed_999/n_100/results.json,179,4725,source_error|missing_or_empty_raw_top|missing_classification_labels
exp2_adult,svm,999,n_100,shap,experiments/exp2_scaled/results/svm_shap/seed_999/n_100/results.json,180,4730,source_error|missing_or_empty_raw_top|missing_classification_labels
exp2_adult,svm,999,n_100,shap,experiments/exp2_scaled/results/svm_shap/seed_999/n_100/results.json,181,4736,source_error|missing_or_empty_raw_top|missing_classification_labels
exp2_adult,svm,999,n_100,shap,experiments/exp2_scaled/results/svm_shap/seed_999/n_100/results.json,183,4758,source_error|missing_or_empty_raw_top|missing_classification_labels
exp2_adult,svm,999,n_100,shap,experiments/exp2_scaled/results/svm_shap/seed_999/n_100/results.json,184,4759,source_error|missing_or_empty_raw_top|missing_classification_labels
exp2_adult,svm,999,n_100,shap,experiments/exp2_scaled/results/svm_shap/seed_999/n_100/results.json,186,4775,source_error|missing_or_empty_raw_top|missing_classification_labels
exp2_adult,svm,999,n_100,shap,experiments/exp2_scaled/results/svm_shap/seed_999/n_100/results.json,187,4777,source_error|missing_or_empty_raw_top|missing_classification_labels
exp2_adult,svm,999,n_100,shap,experiments/exp2_scaled/results/svm_shap/seed_999/n_100/results.json,188,4816,source_error|missing_or_empty_raw_top|missing_classification_labels
exp2_adult,svm,999,n_100,shap,experiments/exp2_scaled/results/svm_shap/seed_999/n_100/results.json,190,4828,source_error|missing_or_empty_raw_top|missing_classification_labels
exp2_adult,svm,999,n_100,shap,experiments/exp2_scaled/results/svm_shap/seed_999/n_100/results.json,191,4834,source_error|missing_or_empty_raw_top|missing_classification_labels
exp2_adult,svm,999,n_100,shap,experiments/exp2_scaled/results/svm_shap/seed_999/n_100/results.json,193,4900,source_error|missing_or_empty_raw_top|missing_classification_labels
exp2_adult,svm,999,n_100,shap,experiments/exp2_scaled/results/svm_shap/seed_999/n_100/results.json,194,4914,source_error|missing_or_empty_raw_top|missing_classification_labels
exp2_adult,svm,999,n_100,shap,experiments/exp2_scaled/results/svm_shap/seed_999/n_100/results.json,195,4920,source_error|missing_or_empty_raw_top|missing_classification_labels
exp2_adult,svm,999,n_100,shap,experiments/exp2_scaled/results/svm_shap/seed_999/n_100/results.json,196,4930,source_error|missing_or_empty_raw_top|missing_classification_labels
exp2_adult,svm,999,n_100,shap,experiments/exp2_scaled/results/svm_shap/seed_999/n_100/results.json,197,4976,source_error|missing_or_empty_raw_top|missing_classification_labels
exp2_adult,svm,999,n_100,shap,experiments/exp2_scaled/results/svm_shap/seed_999/n_100/results.json,198,5001,source_error|missing_or_empty_raw_top|missing_classification_labels
exp2_adult,svm,999,n_100,shap,experiments/exp2_scaled/results/svm_shap/seed_999/n_100/results.json,199,5020,source_error|missing_or_empty_raw_top|missing_classification_labels
exp2_adult,svm,999,n_100,shap,experiments/exp2_scaled/results/svm_shap/seed_999/n_100/results.json,200,5079,source_error|missing_or_empty_raw_top|missing_classification_labels
exp2_adult,svm,999,n_100,shap,experiments/exp2_scaled/results/svm_shap/seed_999/n_100/results.json,201,5110,source_error|missing_or_empty_raw_top|missing_classification_labels
exp2_adult,svm,999,n_100,shap,experiments/exp2_scaled/results/svm_shap/seed_999/n_100/results.json,203,5137,source_error|missing_or_empty_raw_top|missing_classification_labels
exp2_adult,svm,999,n_100,shap,experiments/exp2_scaled/results/svm_shap/seed_999/n_100/results.json,205,5205,source_error|missing_or_empty_raw_top|missing_classification_labels
exp2_adult,svm,999,n_100,shap,experiments/exp2_scaled/results/svm_shap/seed_999/n_100/results.json,209,5318,source_error|missing_or_empty_raw_top|missing_classification_labels
exp2_adult,svm,999,n_100,shap,experiments/exp2_scaled/results/svm_shap/seed_999/n_100/results.json,210,5344,source_error|missing_or_empty_raw_top|missing_classification_labels
exp2_adult,svm,999,n_100,shap,experiments/exp2_scaled/results/svm_shap/seed_999/n_100/results.json,212,5402,source_error|missing_or_empty_raw_top|missing_classification_labels
exp2_adult,svm,999,n_100,shap,experiments/exp2_scaled/results/svm_shap/seed_999/n_100/results.json,213,5423,source_error|missing_or_empty_raw_top|missing_classification_labels
exp2_adult,svm,999,n_100,shap,experiments/exp2_scaled/results/svm_shap/seed_999/n_100/results.json,215,5465,source_error|missing_or_empty_raw_top|missing_classification_labels
exp2_adult,svm,999,n_100,shap,experiments/exp2_scaled/results/svm_shap/seed_999/n_100/results.json,216,5474,source_error|missing_or_empty_raw_top|missing_classification_labels
exp2_adult,svm,999,n_100,shap,experiments/exp2_scaled/results/svm_shap/seed_999/n_100/results.json,217,5479,source_error|missing_or_empty_raw_top|missing_classification_labels
exp2_adult,svm,999,n_100,shap,experiments/exp2_scaled/results/svm_shap/seed_999/n_100/results.json,218,5480,source_error|missing_or_empty_raw_top|missing_classification_labels
exp2_adult,svm,999,n_100,shap,experiments/exp2_scaled/results/svm_shap/seed_999/n_100/results.json,219,5540,source_error|missing_or_empty_raw_top|missing_classification_labels
exp2_adult,svm,999,n_100,shap,experiments/exp2_scaled/results/svm_shap/seed_999/n_100/results.json,220,5576,source_error|missing_or_empty_raw_top|missing_classification_labels
exp2_adult,svm,999,n_100,shap,experiments/exp2_scaled/results/svm_shap/seed_999/n_100/results.json,222,5613,source_error|missing_or_empty_raw_top|missing_classification_labels
exp2_adult,svm,999,n_100,shap,experiments/exp2_scaled/results/svm_shap/seed_999/n_100/results.json,223,5720,source_error|missing_or_empty_raw_top|missing_classification_labels
exp2_adult,svm,999,n_100,shap,experiments/exp2_scaled/results/svm_shap/seed_999/n_100/results.json,225,5743,source_error|missing_or_empty_raw_top|missing_classification_labels
exp2_adult,svm,999,n_100,shap,experiments/exp2_scaled/results/svm_shap/seed_999/n_100/results.json,227,5775,source_error|missing_or_empty_raw_top|missing_classification_labels
exp2_adult,svm,999,n_100,shap,experiments/exp2_scaled/results/svm_shap/seed_999/n_100/results.json,228,5786,source_error|missing_or_empty_raw_top|missing_classification_labels
exp2_adult,svm,999,n_100,shap,experiments/exp2_scaled/results/svm_shap/seed_999/n_100/results.json,229,5802,source_error|missing_or_empty_raw_top|missing_classification_labels
exp2_adult,svm,999,n_100,shap,experiments/exp2_scaled/results/svm_shap/seed_999/n_100/results.json,230,5804,source_error|missing_or_empty_raw_top|missing_classification_labels
exp2_adult,svm,999,n_100,shap,experiments/exp2_scaled/results/svm_shap/seed_999/n_100/results.json,231,5806,source_error|missing_or_empty_raw_top|missing_classification_labels
exp2_adult,svm,999,n_100,shap,experiments/exp2_scaled/results/svm_shap/seed_999/n_100/results.json,232,5829,source_error|missing_or_empty_raw_top|missing_classification_labels
exp2_adult,svm,999,n_100,shap,experiments/exp2_scaled/results/svm_shap/seed_999/n_100/results.json,233,5836,source_error|missing_or_empty_raw_top|missing_classification_labels
exp2_adult,svm,999,n_100,shap,experiments/exp2_scaled/results/svm_shap/seed_999/n_100/results.json,235,5899,source_error|missing_or_empty_raw_top|missing_classification_labels
exp2_adult,svm,999,n_100,shap,experiments/exp2_scaled/results/svm_shap/seed_999/n_100/results.json,239,6125,source_error|missing_or_empty_raw_top|missing_classification_labels
exp2_adult,svm,999,n_100,shap,experiments/exp2_scaled/results/svm_shap/seed_999/n_100/results.json,241,6180,source_error|missing_or_empty_raw_top|missing_classification_labels
exp2_adult,svm,999,n_100,shap,experiments/exp2_scaled/results/svm_shap/seed_999/n_100/results.json,243,6238,source_error|missing_or_empty_raw_top|missing_classification_labels
exp2_adult,svm,999,n_100,shap,experiments/exp2_scaled/results/svm_shap/seed_999/n_100/results.json,244,6259,source_error|missing_or_empty_raw_top|missing_classification_labels
exp2_adult,svm,999,n_100,shap,experiments/exp2_scaled/results/svm_shap/seed_999/n_100/results.json,245,6265,source_error|missing_or_empty_raw_top|missing_classification_labels
exp2_adult,svm,999,n_100,shap,experiments/exp2_scaled/results/svm_shap/seed_999/n_100/results.json,248,6340,source_error|missing_or_empty_raw_top|missing_classification_labels
exp2_adult,svm,999,n_100,shap,experiments/exp2_scaled/results/svm_shap/seed_999/n_100/results.json,251,6384,source_error|missing_or_empty_raw_top|missing_classification_labels
exp2_adult,svm,999,n_100,shap,experiments/exp2_scaled/results/svm_shap/seed_999/n_100/results.json,252,6395,source_error|missing_or_empty_raw_top|missing_classification_labels
exp2_adult,svm,999,n_100,shap,experiments/exp2_scaled/results/svm_shap/seed_999/n_100/results.json,255,6418,source_error|missing_or_empty_raw_top|missing_classification_labels
exp2_adult,svm,999,n_100,shap,experiments/exp2_scaled/results/svm_shap/seed_999/n_100/results.json,258,6518,source_error|missing_or_empty_raw_top|missing_classification_labels
exp2_adult,svm,999,n_100,shap,experiments/exp2_scaled/results/svm_shap/seed_999/n_100/results.json,259,6532,source_error|missing_or_empty_raw_top|missing_classification_labels
exp2_adult,svm,999,n_100,shap,experiments/exp2_scaled/results/svm_shap/seed_999/n_100/results.json,260,6551,source_error|missing_or_empty_raw_top|missing_classification_labels
exp2_adult,svm,999,n_100,shap,experiments/exp2_scaled/results/svm_shap/seed_999/n_100/results.json,261,6555,source_error|missing_or_empty_raw_top|missing_classification_labels
exp2_adult,svm,999,n_100,shap,experiments/exp2_scaled/results/svm_shap/seed_999/n_100/results.json,262,6628,source_error|missing_or_empty_raw_top|missing_classification_labels
exp2_adult,svm,999,n_100,shap,experiments/exp2_scaled/results/svm_shap/seed_999/n_100/results.json,263,6635,source_error|missing_or_empty_raw_top|missing_classification_labels
exp2_adult,svm,999,n_100,shap,experiments/exp2_scaled/results/svm_shap/seed_999/n_100/results.json,264,6664,source_error|missing_or_empty_raw_top|missing_classification_labels
exp2_adult,svm,999,n_100,shap,experiments/exp2_scaled/results/svm_shap/seed_999/n_100/results.json,266,6682,source_error|missing_or_empty_raw_top|missing_classification_labels
exp2_adult,svm,999,n_100,shap,experiments/exp2_scaled/results/svm_shap/seed_999/n_100/results.json,267,6717,source_error|missing_or_empty_raw_top|missing_classification_labels
exp2_adult,svm,999,n_100,shap,experiments/exp2_scaled/results/svm_shap/seed_999/n_100/results.json,268,6739,source_error|missing_or_empty_raw_top|missing_classification_labels
exp2_adult,svm,999,n_100,shap,experiments/exp2_scaled/results/svm_shap/seed_999/n_100/results.json,269,6741,source_error|missing_or_empty_raw_top|missing_classification_labels
exp2_adult,svm,999,n_100,shap,experiments/exp2_scaled/results/svm_shap/seed_999/n_100/results.json,271,6805,source_error|missing_or_empty_raw_top|missing_classification_labels
exp2_adult,svm,999,n_100,shap,experiments/exp2_scaled/results/svm_shap/seed_999/n_100/results.json,273,6828,source_error|missing_or_empty_raw_top|missing_classification_labels
exp2_adult,svm,999,n_100,shap,experiments/exp2_scaled/results/svm_shap/seed_999/n_100/results.json,276,6893,source_error|missing_or_empty_raw_top|missing_classification_labels
exp2_adult,svm,999,n_100,shap,experiments/exp2_scaled/results/svm_shap/seed_999/n_100/results.json,277,6922,source_error|missing_or_empty_raw_top|missing_classification_labels
exp2_adult,svm,999,n_100,shap,experiments/exp2_scaled/results/svm_shap/seed_999/n_100/results.json,279,6954,source_error|missing_or_empty_raw_top|missing_classification_labels
exp2_adult,svm,999,n_100,shap,experiments/exp2_scaled/results/svm_shap/seed_999/n_100/results.json,281,6987,source_error|missing_or_empty_raw_top|missing_classification_labels
exp2_adult,svm,999,n_100,shap,experiments/exp2_scaled/results/svm_shap/seed_999/n_100/results.json,282,7016,source_error|missing_or_empty_raw_top|missing_classification_labels
exp2_adult,svm,999,n_100,shap,experiments/exp2_scaled/results/svm_shap/seed_999/n_100/results.json,284,7068,source_error|missing_or_empty_raw_top|missing_classification_labels
exp2_adult,svm,999,n_100,shap,experiments/exp2_scaled/results/svm_shap/seed_999/n_100/results.json,285,7110,source_error|missing_or_empty_raw_top|missing_classification_labels
exp2_adult,svm,999,n_100,shap,experiments/exp2_scaled/results/svm_shap/seed_999/n_100/results.json,286,7122,source_error|missing_or_empty_raw_top|missing_classification_labels
exp2_adult,svm,999,n_100,shap,experiments/exp2_scaled/results/svm_shap/seed_999/n_100/results.json,287,7239,source_error|missing_or_empty_raw_top|missing_classification_labels
exp2_adult,svm,999,n_100,shap,experiments/exp2_scaled/results/svm_shap/seed_999/n_100/results.json,289,7278,source_error|missing_or_empty_raw_top|missing_classification_labels
exp2_adult,svm,999,n_100,shap,experiments/exp2_scaled/results/svm_shap/seed_999/n_100/results.json,292,7346,source_error|missing_or_empty_raw_top|missing_classification_labels
exp2_adult,svm,999,n_100,shap,experiments/exp2_scaled/results/svm_shap/seed_999/n_100/results.json,293,7411,source_error|missing_or_empty_raw_top|missing_classification_labels
exp2_adult,svm,999,n_100,shap,experiments/exp2_scaled/results/svm_shap/seed_999/n_100/results.json,297,7506,source_error|missing_or_empty_raw_top|missing_classification_labels
exp2_adult,svm,999,n_100,shap,experiments/exp2_scaled/results/svm_shap/seed_999/n_100/results.json,298,7513,source_error|missing_or_empty_raw_top|missing_classification_labels
exp2_adult,svm,999,n_100,shap,experiments/exp2_scaled/results/svm_shap/seed_999/n_100/results.json,300,7604,source_error|missing_or_empty_raw_top|missing_classification_labels
exp2_adult,svm,999,n_100,shap,experiments/exp2_scaled/results/svm_shap/seed_999/n_100/results.json,301,7631,source_error|missing_or_empty_raw_top|missing_classification_labels
exp2_adult,svm,999,n_100,shap,experiments/exp2_scaled/results/svm_shap/seed_999/n_100/results.json,302,7632,source_error|missing_or_empty_raw_top|missing_classification_labels
exp2_adult,svm,999,n_100,shap,experiments/exp2_scaled/results/svm_shap/seed_999/n_100/results.json,303,7634,source_error|missing_or_empty_raw_top|missing_classification_labels
exp2_adult,svm,999,n_100,shap,experiments/exp2_scaled/results/svm_shap/seed_999/n_100/results.json,305,7691,source_error|missing_or_empty_raw_top|missing_classification_labels
exp2_adult,svm,999,n_100,shap,experiments/exp2_scaled/results/svm_shap/seed_999/n_100/results.json,307,7716,source_error|missing_or_empty_raw_top|missing_classification_labels
exp2_adult,svm,999,n_100,shap,experiments/exp2_scaled/results/svm_shap/seed_999/n_100/results.json,310,7773,source_error|missing_or_empty_raw_top|missing_classification_labels
exp2_adult,svm,999,n_100,shap,experiments/exp2_scaled/results/svm_shap/seed_999/n_100/results.json,312,7811,source_error|missing_or_empty_raw_top|missing_classification_labels
exp2_adult,svm,999,n_100,shap,experiments/exp2_scaled/results/svm_shap/seed_999/n_100/results.json,313,7814,source_error|missing_or_empty_raw_top|missing_classification_labels
exp2_adult,svm,999,n_100,shap,experiments/exp2_scaled/results/svm_shap/seed_999/n_100/results.json,316,7898,source_error|missing_or_empty_raw_top|missing_classification_labels
exp2_adult,svm,999,n_100,shap,experiments/exp2_scaled/results/svm_shap/seed_999/n_100/results.json,317,7951,source_error|missing_or_empty_raw_top|missing_classification_labels
exp2_adult,svm,999,n_100,shap,experiments/exp2_scaled/results/svm_shap/seed_999/n_100/results.json,318,7956,source_error|missing_or_empty_raw_top|missing_classification_labels
exp2_adult,svm,999,n_100,shap,experiments/exp2_scaled/results/svm_shap/seed_999/n_100/results.json,319,7996,source_error|missing_or_empty_raw_top|missing_classification_labels
exp2_adult,svm,999,n_100,shap,experiments/exp2_scaled/results/svm_shap/seed_999/n_100/results.json,326,8159,source_error|missing_or_empty_raw_top|missing_classification_labels
exp2_adult,svm,999,n_100,shap,experiments/exp2_scaled/results/svm_shap/seed_999/n_100/results.json,330,8268,source_error|missing_or_empty_raw_top|missing_classification_labels
exp2_adult,svm,999,n_100,shap,experiments/exp2_scaled/results/svm_shap/seed_999/n_100/results.json,333,8324,source_error|missing_or_empty_raw_top|missing_classification_labels
exp2_adult,svm,999,n_100,shap,experiments/exp2_scaled/results/svm_shap/seed_999/n_100/results.json,335,8330,source_error|missing_or_empty_raw_top|missing_classification_labels
exp2_adult,svm,999,n_100,shap,experiments/exp2_scaled/results/svm_shap/seed_999/n_100/results.json,336,8335,source_error|missing_or_empty_raw_top|missing_classification_labels
exp2_adult,svm,999,n_100,shap,experiments/exp2_scaled/results/svm_shap/seed_999/n_100/results.json,342,8487,source_error|missing_or_empty_raw_top|missing_classification_labels
exp2_adult,svm,999,n_100,shap,experiments/exp2_scaled/results/svm_shap/seed_999/n_100/results.json,343,8489,source_error|missing_or_empty_raw_top|missing_classification_labels
exp2_adult,svm,999,n_100,shap,experiments/exp2_scaled/results/svm_shap/seed_999/n_100/results.json,344,8501,source_error|missing_or_empty_raw_top|missing_classification_labels
exp2_adult,svm,999,n_100,shap,experiments/exp2_scaled/results/svm_shap/seed_999/n_100/results.json,347,8540,source_error|missing_or_empty_raw_top|missing_classification_labels
exp2_adult,svm,999,n_100,shap,experiments/exp2_scaled/results/svm_shap/seed_999/n_100/results.json,349,8593,source_error|missing_or_empty_raw_top|missing_classification_labels
exp2_adult,svm,999,n_100,shap,experiments/exp2_scaled/results/svm_shap/seed_999/n_100/results.json,350,8598,source_error|missing_or_empty_raw_top|missing_classification_labels
exp2_adult,svm,999,n_100,shap,experiments/exp2_scaled/results/svm_shap/seed_999/n_100/results.json,351,8619,source_error|missing_or_empty_raw_top|missing_classification_labels
exp2_adult,svm,999,n_100,shap,experiments/exp2_scaled/results/svm_shap/seed_999/n_100/results.json,356,8715,source_error|missing_or_empty_raw_top|missing_classification_labels
exp2_adult,svm,999,n_100,shap,experiments/exp2_scaled/results/svm_shap/seed_999/n_100/results.json,360,8807,source_error|missing_or_empty_raw_top|missing_classification_labels
exp2_adult,svm,999,n_100,shap,experiments/exp2_scaled/results/svm_shap/seed_999/n_100/results.json,361,8814,source_error|missing_or_empty_raw_top|missing_classification_labels
exp2_adult,svm,999,n_100,shap,experiments/exp2_scaled/results/svm_shap/seed_999/n_100/results.json,362,8838,source_error|missing_or_empty_raw_top|missing_classification_labels
exp2_adult,svm,999,n_100,shap,experiments/exp2_scaled/results/svm_shap/seed_999/n_100/results.json,363,8845,source_error|missing_or_empty_raw_top|missing_classification_labels
exp2_adult,svm,999,n_100,shap,experiments/exp2_scaled/results/svm_shap/seed_999/n_100/results.json,364,8868,source_error|missing_or_empty_raw_top|missing_classification_labels
exp2_adult,svm,999,n_100,shap,experiments/exp2_scaled/results/svm_shap/seed_999/n_100/results.json,365,8880,source_error|missing_or_empty_raw_top|missing_classification_labels
exp2_adult,svm,999,n_100,shap,experiments/exp2_scaled/results/svm_shap/seed_999/n_100/results.json,367,8950,source_error|missing_or_empty_raw_top|missing_classification_labels
exp2_adult,svm,999,n_100,shap,experiments/exp2_scaled/results/svm_shap/seed_999/n_100/results.json,368,8972,source_error|missing_or_empty_raw_top|missing_classification_labels
exp2_adult,svm,999,n_100,shap,experiments/exp2_scaled/results/svm_shap/seed_999/n_100/results.json,370,8977,source_error|missing_or_empty_raw_top|missing_classification_labels
exp2_adult,svm,999,n_100,shap,experiments/exp2_scaled/results/svm_shap/seed_999/n_100/results.json,372,9027,source_error|missing_or_empty_raw_top|missing_classification_labels
exp2_adult,svm,999,n_100,shap,experiments/exp2_scaled/results/svm_shap/seed_999/n_100/results.json,373,9041,source_error|missing_or_empty_raw_top|missing_classification_labels
exp2_adult,svm,999,n_100,shap,experiments/exp2_scaled/results/svm_shap/seed_999/n_100/results.json,375,9065,source_error|missing_or_empty_raw_top|missing_classification_labels
exp2_adult,svm,999,n_100,shap,experiments/exp2_scaled/results/svm_shap/seed_999/n_100/results.json,379,9263,source_error|missing_or_empty_raw_top|missing_classification_labels
exp2_adult,svm,999,n_100,shap,experiments/exp2_scaled/results/svm_shap/seed_999/n_100/results.json,382,9321,source_error|missing_or_empty_raw_top|missing_classification_labels
exp2_adult,svm,999,n_100,shap,experiments/exp2_scaled/results/svm_shap/seed_999/n_100/results.json,384,9425,source_error|missing_or_empty_raw_top|missing_classification_labels
exp2_adult,svm,999,n_100,shap,experiments/exp2_scaled/results/svm_shap/seed_999/n_100/results.json,385,9444,source_error|missing_or_empty_raw_top|missing_classification_labels
exp2_adult,svm,999,n_100,shap,experiments/exp2_scaled/results/svm_shap/seed_999/n_100/results.json,386,9464,source_error|missing_or_empty_raw_top|missing_classification_labels
exp2_adult,svm,999,n_100,shap,experiments/exp2_scaled/results/svm_shap/seed_999/n_100/results.json,389,9577,source_error|missing_or_empty_raw_top|missing_classification_labels
exp2_adult,svm,999,n_100,shap,experiments/exp2_scaled/results/svm_shap/seed_999/n_100/results.json,391,9610,source_error|missing_or_empty_raw_top|missing_classification_labels
exp2_adult,svm,999,n_100,shap,experiments/exp2_scaled/results/svm_shap/seed_999/n_100/results.json,392,9614,source_error|missing_or_empty_raw_top|missing_classification_labels
exp2_adult,svm,999,n_100,shap,experiments/exp2_scaled/results/svm_shap/seed_999/n_100/results.json,393,9625,source_error|missing_or_empty_raw_top|missing_classification_labels
exp2_adult,svm,999,n_100,shap,experiments/exp2_scaled/results/svm_shap/seed_999/n_100/results.json,396,9705,source_error|missing_or_empty_raw_top|missing_classification_labels
exp2_adult,svm,999,n_100,shap,experiments/exp2_scaled/results/svm_shap/seed_999/n_100/results.json,397,9720,source_error|missing_or_empty_raw_top|missing_classification_labels
exp2_adult,svm,999,n_100,shap,experiments/exp2_scaled/results/svm_shap/seed_999/n_100/results.json,399,9753,source_error|missing_or_empty_raw_top|missing_classification_labels
