dataset,model,seed,intensity,method,source_path,source_sha256,source_rows,valid_rows_before_order_qc,unique_valid_ids_after_duplicate_qc,invalid_rows,invalid_reason_counts,duplicate_ids,invalid_order_ids,empty_explanation_ids,invalid_full_attribution_ids
breast_cancer,rf,123,not_applicable,anchors,experiments/exp3_cross_dataset/results/breast_cancer/rf_anchors/seed_123/n_100/results.json,9a0e90fa893cc3b5ae096badbd7bfda240375b7a947705547b46c569594f935f,114,114,114,0,{},,,,
breast_cancer,rf,123,not_applicable,lime,breast_cancer/rf/seed_123/results.json,0203d6683fd67ef1bff5289b7be2d1c8bc8130c0f3fbfdbe56e073a3584bfe7e,114,114,114,0,{},,,,
breast_cancer,rf,123,not_applicable,shap,experiments/exp3_cross_dataset/results/breast_cancer/rf_shap/seed_123/n_100/results.json,3332b1d9b7ba37f403bce24d467d56610ae974a07d9aed7c4c669bddb43b7df2,114,114,114,0,{},,,,
breast_cancer,rf,42,not_applicable,anchors,experiments/exp3_cross_dataset/results/breast_cancer/rf_anchors/seed_42/n_100/results.json,b3c37c700354293914fb63e76abb018c7dc02ce0c527031e77fc3ec4c1e824c5,114,114,114,0,{},,,,
breast_cancer,rf,42,not_applicable,lime,breast_cancer/rf/seed_42/results.json,e0b6869015188ddbdf26b5a314e1c7dcaebb3cde48dd5935d08bdc66fdb75e7a,114,114,114,0,{},,,,
breast_cancer,rf,42,not_applicable,shap,experiments/exp3_cross_dataset/results/breast_cancer/rf_shap/seed_42/n_100/results.json,f6457f46e15020ce701d7e48ea22aaf47fcdfa8ebbce85578d61832fd9450e0c,114,114,114,0,{},,,,
breast_cancer,rf,456,not_applicable,anchors,experiments/exp3_cross_dataset/results/breast_cancer/rf_anchors/seed_456/n_100/results.json,60b78d0304bf7030725ecf7500debc1ab11735c4a7734d5ad5aa3d7db9cfb1f2,114,114,114,0,{},,,,
breast_cancer,rf,456,not_applicable,lime,breast_cancer/rf/seed_456/results.json,10dd63fd4e0219d5497f5d95b1f0e48ccf09d872d7aadf9685106e73ef16b7a1,114,114,114,0,{},,,,
breast_cancer,rf,456,not_applicable,shap,experiments/exp3_cross_dataset/results/breast_cancer/rf_shap/seed_456/n_100/results.json,8a8b92616413ad1fc6b8fab25db62788ac84ebd76e1e3755cbd47a8af946789f,114,114,114,0,{},,,,
breast_cancer,xgb,123,not_applicable,anchors,experiments/exp3_cross_dataset/results/breast_cancer/xgb_anchors/seed_123/n_100/results.json,b4f08f965befded4ed97c093ef0c7d788e64f625b50e47f7e2e338486c7bb04a,114,114,114,0,{},,,,
breast_cancer,xgb,123,not_applicable,lime,breast_cancer/xgb/seed_123/results.json,7fdbe1cbaaaf53534351349180709cfc353c9a7bba59813381fa0603ce51da52,114,114,114,0,{},,,,
breast_cancer,xgb,123,not_applicable,shap,experiments/exp3_cross_dataset/results/breast_cancer/xgb_shap/seed_123/n_100/results.json,7aebdfc0648ecd58cae06b3a27f1db18e21aed5c47a88281a6ce6f558a956f0f,114,114,114,0,{},,,,
breast_cancer,xgb,42,not_applicable,anchors,experiments/exp3_cross_dataset/results/breast_cancer/xgb_anchors/seed_42/n_100/results.json,646f3bb58554c4aafd32ebdfb0824ab0922e225266e54c4ed3b582075b48c5e3,114,114,114,0,{},,,,
breast_cancer,xgb,42,not_applicable,lime,breast_cancer/xgb/seed_42/results.json,d9ddfa88b1099d9b93028fa4529f896cf8f731f3cd92a500a411f1e0482b28cc,114,114,114,0,{},,,,
breast_cancer,xgb,42,not_applicable,shap,experiments/exp3_cross_dataset/results/breast_cancer/xgb_shap/seed_42/n_100/results.json,1af745471d09f71d492185a91b2984244f13064d80ba7811979d69f105df4b96,114,114,114,0,{},,,,
breast_cancer,xgb,456,not_applicable,anchors,experiments/exp3_cross_dataset/results/breast_cancer/xgb_anchors/seed_456/n_100/results.json,39dd88da1d6608b6b41a0e5d066536db74578302ee17536c35a0bafa391c2ff3,114,114,114,0,{},,,,
breast_cancer,xgb,456,not_applicable,lime,breast_cancer/xgb/seed_456/results.json,1a18bf052ceac5d8352ad25f5950330d0c225ba406dba6dec4f48025116c9a76,114,114,114,0,{},,,,
breast_cancer,xgb,456,not_applicable,shap,experiments/exp3_cross_dataset/results/breast_cancer/xgb_shap/seed_456/n_100/results.json,0377b7d4fcfb8a3a1b4e769e72746bdee1e607e9774733d8b267f6d7e15b2fdf,114,114,114,0,{},,,,
exp2_adult,logreg,123,n_100,anchors,experiments/exp2_scaled/results/logreg_anchors/seed_123/n_100/results.json,475bd263c7088a16d1be83d9806d7ddc2735215bde2624e79270f1c6bb271fb0,400,400,400,0,{},,,,
exp2_adult,logreg,123,n_100,dice,experiments/exp2_scaled/results/logreg_dice/seed_123/n_100/results.json,16c715ace7092a0daccbc63fc17610ebb8ef086659f15268808cf2e4ae2bf283,400,400,400,0,{},,,,
exp2_adult,logreg,123,n_100,lime,experiments/exp2_scaled/results/logreg_lime/seed_123/n_100/results.json,36dad0481e538bccfbfb4dc948085aff8b76f1ed5b9b683032bb8ee3cac74bf8,400,400,400,0,{},,,,
exp2_adult,logreg,123,n_100,shap,experiments/exp2_scaled/results/logreg_shap/seed_123/n_100/results.json,44811edecc6855826d8a1bca528c65a681a7b95cf235bb3d3ba63a80ec87fb22,400,400,400,0,{},,,,
exp2_adult,logreg,123,n_200,anchors,experiments/exp2_scaled/results/logreg_anchors/seed_123/n_200/results.json,ccab1bdc96d97dd020a70573de3a82fb1616135ab7c5b93798edb928e8ff2cb9,0,0,0,0,{},,,,
exp2_adult,logreg,123,n_200,dice,experiments/exp2_scaled/results/logreg_dice/seed_123/n_200/results.json,b2ec262303930eba424a2fb0f86c88dde61e96875db88445088cef82be162b5c,800,800,800,0,{},,,,
exp2_adult,logreg,123,n_200,lime,experiments/exp2_scaled/results/logreg_lime/seed_123/n_200/results.json,b203700b2e4828820e97e8e8394c925904628c246a491cfe7b324e23695447b5,800,800,800,0,{},,,,
exp2_adult,logreg,123,n_200,shap,experiments/exp2_scaled/results/logreg_shap/seed_123/n_200/results.json,7adcf9e422d7e52550e313bf60541d746aef06c8cdc8f12e83f32e7dd1e9552b,800,800,800,0,{},,,,
exp2_adult,logreg,123,n_50,anchors,experiments/exp2_scaled/results/logreg_anchors/seed_123/n_50/results.json,d04c9f09b9bcf9761374413ddfc64238cb90cfa6ff6041663c210a54a44f7626,0,0,0,0,{},,,,
exp2_adult,logreg,123,n_50,dice,experiments/exp2_scaled/results/logreg_dice/seed_123/n_50/results.json,535baffd07bed11163c6c8867841a57c63d7af8fff80b07cc0f859f505abb666,0,0,0,0,{},,,,
exp2_adult,logreg,123,n_50,lime,experiments/exp2_scaled/results/logreg_lime/seed_123/n_50/results.json,7f780185a6de81d23bd112dc9001cb04affca2131b3e85a2d935335887651c2a,200,200,200,0,{},,,,
exp2_adult,logreg,123,n_50,shap,experiments/exp2_scaled/results/logreg_shap/seed_123/n_50/results.json,0265afd971ac0546f4486af647ca7f0ffb37675422ef5dbe46b20a9a8de7a456,200,200,200,0,{},,,,
exp2_adult,logreg,42,n_100,anchors,experiments/exp2_scaled/results/logreg_anchors/seed_42/n_100/results.json,f0032d23a012b178e9fcbeecf54ea8fc9bdfc9ace5f8287bc40c3cef00edb52c,400,400,400,0,{},,,,
exp2_adult,logreg,42,n_100,dice,experiments/exp2_scaled/results/logreg_dice/seed_42/n_100/results.json,0780ffbf60be8be12bbc9fcb0b29cc47a211b07bae585ab4eadbcdd885cc3d99,400,400,400,0,{},,,,
exp2_adult,logreg,42,n_100,lime,experiments/exp2_scaled/results/logreg_lime/seed_42/n_100/results.json,5b72d8120cfbb7f16675c4cd80e04f842a02309f42aba6e76aab3e2a2014d5d1,400,400,400,0,{},,,,
exp2_adult,logreg,42,n_100,shap,experiments/exp2_scaled/results/logreg_shap/seed_42/n_100/results.json,9e04d981b32fba7f9265cda8fa8593596a63ec3a7f99644204a6aa586aeef48e,400,400,400,0,{},,,,
exp2_adult,logreg,42,n_200,anchors,experiments/exp2_scaled/results/logreg_anchors/seed_42/n_200/results.json,9301b1e2315374e419d5ed3858d724a836791900e81ff5c566ddf35a4a239cab,0,0,0,0,{},,,,
exp2_adult,logreg,42,n_200,dice,experiments/exp2_scaled/results/logreg_dice/seed_42/n_200/results.json,9259bfc94d99d4d9692e233fd86f1819d646c0be3330af5516b4b9c992406134,800,800,800,0,{},,,,
exp2_adult,logreg,42,n_200,lime,experiments/exp2_scaled/results/logreg_lime/seed_42/n_200/results.json,029317d87346345485a1b19727689d608515f32b12d88a60eda66abb7698e350,800,800,800,0,{},,,,
exp2_adult,logreg,42,n_200,shap,experiments/exp2_scaled/results/logreg_shap/seed_42/n_200/results.json,ba3adb43a65a01e6cb0045aa33173be46a05a163ccbd036608ebb16012c4378b,800,800,800,0,{},,,,
exp2_adult,logreg,42,n_50,anchors,experiments/exp2_scaled/results/logreg_anchors/seed_42/n_50/results.json,db3fa3309e1d9138587083d21a80cd4e52457317c9231608d76515db5c8e03b9,0,0,0,0,{},,,,
exp2_adult,logreg,42,n_50,dice,experiments/exp2_scaled/results/logreg_dice/seed_42/n_50/results.json,c680ab052ae97e64866ed2d972c356502cb5669c749c9a2615145349cc0b4691,200,200,200,0,{},,,,
exp2_adult,logreg,42,n_50,lime,experiments/exp2_scaled/results/logreg_lime/seed_42/n_50/results.json,0eb54f51e36ee8687c6820f7e218fd52e8e59cc746299e0af108e174df4d7d75,200,200,200,0,{},,,,
exp2_adult,logreg,42,n_50,shap,experiments/exp2_scaled/results/logreg_shap/seed_42/n_50/results.json,264e6fb09fb79794d429c4c7e320ef3de8ef1c3742fcca2c04cd6d79b1f4c28d,200,200,200,0,{},,,,
exp2_adult,logreg,456,n_100,anchors,experiments/exp2_scaled/results/logreg_anchors/seed_456/n_100/results.json,59fbeee26a313aada26acc1d5bb0e834a67bc480aee173264664236213cd8c37,0,0,0,0,{},,,,
exp2_adult,logreg,456,n_100,dice,experiments/exp2_scaled/results/logreg_dice/seed_456/n_100/results.json,5fa3ffd1bee10264d46c3204f7e481e8ea699be88ecb2f88e88783bbbd20cbb3,400,400,400,0,{},,,,
exp2_adult,logreg,456,n_100,lime,experiments/exp2_scaled/results/logreg_lime/seed_456/n_100/results.json,b85bbf138af8aa3293811a0463a456dcd8422615afe47989aa9550b5a0b1b6ed,400,400,400,0,{},,,,
exp2_adult,logreg,456,n_100,shap,experiments/exp2_scaled/results/logreg_shap/seed_456/n_100/results.json,023121b0467c8c589a9170e1901acf6cffe4ed9a6f06d685c092d067620855d8,400,400,400,0,{},,,,
exp2_adult,logreg,456,n_200,anchors,experiments/exp2_scaled/results/logreg_anchors/seed_456/n_200/results.json,8a62e6de44d3ae2a2a2b9a65e6507025475cb65c389cd9c93a1b3bc9972d8764,800,800,800,0,{},,,,
exp2_adult,logreg,456,n_200,dice,experiments/exp2_scaled/results/logreg_dice/seed_456/n_200/results.json,21b882a59af0a848f050632adfc99e0adc28aed912bc7eb65cb9cc32b959dc6f,800,800,800,0,{},,,,
exp2_adult,logreg,456,n_200,lime,experiments/exp2_scaled/results/logreg_lime/seed_456/n_200/results.json,75f6090e1acc74c19fd2c2264d29f8a4330afe5cf9576fdb9bfb830f5c16d785,800,800,800,0,{},,,,
exp2_adult,logreg,456,n_200,shap,experiments/exp2_scaled/results/logreg_shap/seed_456/n_200/results.json,1bc026bae77f1cb7757c59ee43215c23a1afb7b9596b1d73af4d0f38c081ea48,800,800,800,0,{},,,,
exp2_adult,logreg,456,n_50,anchors,experiments/exp2_scaled/results/logreg_anchors/seed_456/n_50/results.json,105fba919969842c333e3d1163f5c48538b1f1ca932ff8c01a543cee3f735ecf,200,200,200,0,{},,,,
exp2_adult,logreg,456,n_50,dice,experiments/exp2_scaled/results/logreg_dice/seed_456/n_50/results.json,6e319a7245162066e57adc809f7301cb3a903db71c26b3bc45f8b8f678278b45,200,200,200,0,{},,,,
exp2_adult,logreg,456,n_50,lime,experiments/exp2_scaled/results/logreg_lime/seed_456/n_50/results.json,ec66d516b546faf449cea7afa55a9f87f63f55ebef51af2ce9c1a3b5529f70c0,200,200,200,0,{},,,,
exp2_adult,logreg,456,n_50,shap,experiments/exp2_scaled/results/logreg_shap/seed_456/n_50/results.json,76df2a82e6715bc0409e0aae37f3df8f81c58aa4384abbb11664bed200495308,200,200,200,0,{},,,,
exp2_adult,logreg,789,n_100,anchors,experiments/exp2_scaled/results/logreg_anchors/seed_789/n_100/results.json,1081a3e1ca71182dbc25442174457a823b279bd8025154846dd25ea96d1c30b6,400,400,400,0,{},,,,
exp2_adult,logreg,789,n_100,dice,experiments/exp2_scaled/results/logreg_dice/seed_789/n_100/results.json,8fc37809644fa4d38436fd783765ae85de6405259d49e42942fb8649f0d0712c,400,400,400,0,{},,,,
exp2_adult,logreg,789,n_100,lime,experiments/exp2_scaled/results/logreg_lime/seed_789/n_100/results.json,72b1a4eb98fce51770391610ab8a2b8b36783518cbf218f9f9ef0ce7e28d9713,400,400,400,0,{},,,,
exp2_adult,logreg,789,n_100,shap,experiments/exp2_scaled/results/logreg_shap/seed_789/n_100/results.json,8b0209b0f1e4ffa3552463dc6df5738234fe174199f97c6b98a5f9ca402e2c66,400,400,400,0,{},,,,
exp2_adult,logreg,789,n_200,anchors,experiments/exp2_scaled/results/logreg_anchors/seed_789/n_200/results.json,cd8247c2da61dfd26449f5609f6e57ba1828ae03bcdeaadb48b1f1def7c417b4,0,0,0,0,{},,,,
exp2_adult,logreg,789,n_200,dice,experiments/exp2_scaled/results/logreg_dice/seed_789/n_200/results.json,8536056915c5d5d6e53ef296ab687352785812032696aa3d7cecf91170375f43,800,800,800,0,{},,,,
exp2_adult,logreg,789,n_200,lime,experiments/exp2_scaled/results/logreg_lime/seed_789/n_200/results.json,1f583dad39a0a971f28b06b49e5b0c651de6f27f43ce7ec0372fc8b8bf0532b4,800,800,800,0,{},,,,
exp2_adult,logreg,789,n_200,shap,experiments/exp2_scaled/results/logreg_shap/seed_789/n_200/results.json,1255332ab016f9371d51ed347949f5be565183c4946a533bff1cd46e3b1abfff,800,800,800,0,{},,,,
exp2_adult,logreg,789,n_50,anchors,experiments/exp2_scaled/results/logreg_anchors/seed_789/n_50/results.json,f13d978ef1b7e1562190be85e51ff8202d2ca5bfe5b936b3a6f6506889cbe310,200,200,200,0,{},,,,
exp2_adult,logreg,789,n_50,dice,experiments/exp2_scaled/results/logreg_dice/seed_789/n_50/results.json,e4b5457f0d039e4575308d79f65a268cca9aa41f2586fafeafe3a8c303170e1d,200,200,200,0,{},,,,
exp2_adult,logreg,789,n_50,lime,experiments/exp2_scaled/results/logreg_lime/seed_789/n_50/results.json,bb1cb907f7a129b01547b212405bd3503e074256d7414a358a0f910c8acce58a,200,200,200,0,{},,,,
exp2_adult,logreg,789,n_50,shap,experiments/exp2_scaled/results/logreg_shap/seed_789/n_50/results.json,bfedfb35c541ac05547f17a8383b893a85458379fd684eeeb99c4bfc9f01ef03,200,200,200,0,{},,,,
exp2_adult,logreg,999,n_100,anchors,experiments/exp2_scaled/results/logreg_anchors/seed_999/n_100/results.json,ff13647dd1b4df85ebcf79bb439e98cda2e9d1d688db42a1c5cc7cd2334677aa,400,400,400,0,{},,,,
exp2_adult,logreg,999,n_100,dice,experiments/exp2_scaled/results/logreg_dice/seed_999/n_100/results.json,4cdc1ea2b616247c87e1effef8afaccc156dc1fb0c768fa9fa270ae4e06e37e9,400,400,400,0,{},,,,
exp2_adult,logreg,999,n_100,lime,experiments/exp2_scaled/results/logreg_lime/seed_999/n_100/results.json,b341ce8fc6a985479c8b092d5048a859665317dfa9ef0cccdf35eeaf66b3a2e2,400,400,400,0,{},,,,
exp2_adult,logreg,999,n_100,shap,experiments/exp2_scaled/results/logreg_shap/seed_999/n_100/results.json,75ebd4a79d7a2be31f22da1f43bc61603b7c6ed0b09ad2fd27705f8ac4fd90f5,400,400,400,0,{},,,,
exp2_adult,logreg,999,n_200,anchors,experiments/exp2_scaled/results/logreg_anchors/seed_999/n_200/results.json,e03526fb70d3d98c266da50cf6e00a7a8495d78bfa1eda9fa32ec72a5f867b4e,0,0,0,0,{},,,,
exp2_adult,logreg,999,n_200,dice,experiments/exp2_scaled/results/logreg_dice/seed_999/n_200/results.json,965b9e98aa50e94d592bf5100367dd08e815580bcde3cb7c0b0f787b87009432,800,800,800,0,{},,,,
exp2_adult,logreg,999,n_200,lime,experiments/exp2_scaled/results/logreg_lime/seed_999/n_200/results.json,dcb3c96e37587f250d44036fec1d5ab643bb5e0609c7bebceb8a3a09d78097f4,800,800,800,0,{},,,,
exp2_adult,logreg,999,n_200,shap,experiments/exp2_scaled/results/logreg_shap/seed_999/n_200/results.json,6687ca9d9bcba34e48cf1fbc338468c6629eea0f0947647690e6b8c6f3b3e5c6,800,800,800,0,{},,,,
exp2_adult,logreg,999,n_50,anchors,experiments/exp2_scaled/results/logreg_anchors/seed_999/n_50/results.json,733d5fe2cce4217eff468e0805b1922fc35cdea4211fd12605071e711c5c6ee2,0,0,0,0,{},,,,
exp2_adult,logreg,999,n_50,dice,experiments/exp2_scaled/results/logreg_dice/seed_999/n_50/results.json,b1f50fc4ab34ec7abf27ddb80d9ac4b54f8ff9831ad13585696a499debf2bb5c,0,0,0,0,{},,,,
exp2_adult,logreg,999,n_50,lime,experiments/exp2_scaled/results/logreg_lime/seed_999/n_50/results.json,90f259d04027cda852fa22c89f2d29b0fc9a07e6ca854484ad5c21da720d3a18,200,200,200,0,{},,,,
exp2_adult,logreg,999,n_50,shap,experiments/exp2_scaled/results/logreg_shap/seed_999/n_50/results.json,f3e4a771ac792af3776c9b3674a4efd51064fd97243dc9657ce2cdd67d3ba0be,200,200,200,0,{},,,,
exp2_adult,mlp,123,n_100,anchors,experiments/exp2_scaled/results/mlp_anchors/seed_123/n_100/results.json,1f93700a2e34701acdaec3b954b4aae2d71ac974e826739c5e3e33dbf04548e9,400,400,400,0,{},,,,
exp2_adult,mlp,123,n_100,dice,experiments/exp2_scaled/results/mlp_dice/seed_123/n_100/results.json,bc8817b65b7de64a47d86d0509b2b6cd78524c6277834ce6bbe9ba5956354a43,400,400,400,0,{},,,,
exp2_adult,mlp,123,n_100,lime,experiments/exp2_scaled/results/mlp_lime/seed_123/n_100/results.json,8c8c4a6305717470e45063c030a661715a16d231562edbe8a6dc39562c3c0851,400,400,400,0,{},,,,
exp2_adult,mlp,123,n_100,shap,experiments/exp2_scaled/results/mlp_shap/seed_123/n_100/results.json,e4deb5bb111de5a1ddc08f96100472e3278ee6f8a8db32b9044d26fcdfa306a3,400,400,400,0,{},,,,
exp2_adult,mlp,123,n_200,anchors,experiments/exp2_scaled/results/mlp_anchors/seed_123/n_200/results.json,92a59488fa56bdfbc3194e0955a7b47b690fa5fe1a67182d7f16a158c5a84307,0,0,0,0,{},,,,
exp2_adult,mlp,123,n_200,dice,experiments/exp2_scaled/results/mlp_dice/seed_123/n_200/results.json,a8c50a5f2dacae053136e20d3772285f03a7b8c033b864f751db21dd85335600,800,800,800,0,{},,,,
exp2_adult,mlp,123,n_200,lime,experiments/exp2_scaled/results/mlp_lime/seed_123/n_200/results.json,a2750dd710190aba4f9030de5f6f7dfdf77a513f82a7c2052ae4c20ac40aa7b3,800,800,800,0,{},,,,
exp2_adult,mlp,123,n_200,shap,experiments/exp2_scaled/results/mlp_shap/seed_123/n_200/results.json,7edb6c63a89c835badda0fb67dd44dcc36f9b378857bcdded7b5f8ce39df3553,800,800,800,0,{},,,,
exp2_adult,mlp,123,n_50,anchors,experiments/exp2_scaled/results/mlp_anchors/seed_123/n_50/results.json,0cdad3d8cc947a974cddae714dbb66db7d4e70b06af661d3d9496ee654b62d23,200,200,200,0,{},,,,
exp2_adult,mlp,123,n_50,dice,experiments/exp2_scaled/results/mlp_dice/seed_123/n_50/results.json,931464df09298ca575afb190fad6bf47eb0e6220333b570a0f8b94df2d5e7c4e,200,200,200,0,{},,,,
exp2_adult,mlp,123,n_50,lime,experiments/exp2_scaled/results/mlp_lime/seed_123/n_50/results.json,54877cc8f6da9ec95faf59e0f03d56716bd0ed5b490728ae0d022639da2eb628,200,200,200,0,{},,,,
exp2_adult,mlp,123,n_50,shap,experiments/exp2_scaled/results/mlp_shap/seed_123/n_50/results.json,43aa5050c5f266943d26de48f3903a8b6f89b4efc7ed8f2d316e225f5f48088b,200,200,200,0,{},,,,
exp2_adult,mlp,42,n_100,anchors,experiments/exp2_scaled/results/mlp_anchors/seed_42/n_100/results.json,080b15279f0ce411791ed490f5bdf4b990efa55f116065f22c44fa195736e854,0,0,0,0,{},,,,
exp2_adult,mlp,42,n_100,dice,experiments/exp2_scaled/results/mlp_dice/seed_42/n_100/results.json,8d4274bf8fda43ce76965eb252bb4422dc47f026679acfc1f39d9da2867dd0ee,400,400,400,0,{},,,,
exp2_adult,mlp,42,n_100,lime,experiments/exp2_scaled/results/mlp_lime/seed_42/n_100/results.json,9fe95bdf454bb1c0e4a23f721b32e9325a0a5d039c8539fe81498ac4c592d1bf,400,400,400,0,{},,,,
exp2_adult,mlp,42,n_100,shap,experiments/exp2_scaled/results/mlp_shap/seed_42/n_100/results.json,5bd3f51c7bb6d71a0c1af9931dc959da0c6cc2173d5764457d15fe6fa3e757d4,400,400,400,0,{},,,,
exp2_adult,mlp,42,n_200,anchors,experiments/exp2_scaled/results/mlp_anchors/seed_42/n_200/results.json,0111a955e5e5af9d266ef7b66250474ea378502bd5064ef5eee1346eee46dcc5,800,800,800,0,{},,,,
exp2_adult,mlp,42,n_200,dice,experiments/exp2_scaled/results/mlp_dice/seed_42/n_200/results.json,1693962ec7076cc49d11d0e4dbed74e9e8892d35b6a423f7c22fc040dc30be69,800,800,800,0,{},,,,
exp2_adult,mlp,42,n_200,lime,experiments/exp2_scaled/results/mlp_lime/seed_42/n_200/results.json,d5acf5f25df4559ad8ff046c4e6f40483b1e7f556255055d4a87208b43a15a80,800,800,800,0,{},,,,
exp2_adult,mlp,42,n_200,shap,experiments/exp2_scaled/results/mlp_shap/seed_42/n_200/results.json,34c44742ec1155457c84883ad925522ab822f466c84a89c0cd7b7f000e14cab8,800,800,800,0,{},,,,
exp2_adult,mlp,42,n_50,anchors,experiments/exp2_scaled/results/mlp_anchors/seed_42/n_50/results.json,8752f44be3bbbc928c6586c3a032be76e63269238bd00e2e7f9310db01c37b14,0,0,0,0,{},,,,
exp2_adult,mlp,42,n_50,dice,experiments/exp2_scaled/results/mlp_dice/seed_42/n_50/results.json,382b9540417463e651cd3e02e31f0516335477f9a996307467f689e934f684e9,200,200,200,0,{},,,,
exp2_adult,mlp,42,n_50,lime,experiments/exp2_scaled/results/mlp_lime/seed_42/n_50/results.json,c81222a4e072b8d7597bc134254121e5fcc582bfe3019b26360c4892d091e37b,200,200,200,0,{},,,,
exp2_adult,mlp,42,n_50,shap,experiments/exp2_scaled/results/mlp_shap/seed_42/n_50/results.json,d3c2980e7e9a0e2ead85de0f2b4c74372d1848e4400e0c92840199194d3d108e,200,200,200,0,{},,,,
exp2_adult,mlp,456,n_100,anchors,experiments/exp2_scaled/results/mlp_anchors/seed_456/n_100/results.json,e6385ada2d2ad90ea1acb8526893b578b65227c92569e13e4858404baf505ef7,0,0,0,0,{},,,,
exp2_adult,mlp,456,n_100,dice,experiments/exp2_scaled/results/mlp_dice/seed_456/n_100/results.json,c8d47d6824e9dda59d011905252ab54a2b36e5a37b74a78b4a1fc280882bbd4a,400,400,400,0,{},,,,
exp2_adult,mlp,456,n_100,lime,experiments/exp2_scaled/results/mlp_lime/seed_456/n_100/results.json,df912341ee2b221560e0279b033c4cf20c5f40f2e3d055ada90a3d4fc10dd8fd,400,400,400,0,{},,,,
exp2_adult,mlp,456,n_100,shap,experiments/exp2_scaled/results/mlp_shap/seed_456/n_100/results.json,c5038aee816d31fa659b2f49460fda2a68c8c01c0fd9678f7572dc65f4b0575e,400,400,400,0,{},,,,
exp2_adult,mlp,456,n_200,anchors,experiments/exp2_scaled/results/mlp_anchors/seed_456/n_200/results.json,56de8d61a376d04391c073f7657b57fae4af87691d51f4e3ef3273d4df9780c4,800,800,800,0,{},,,,
exp2_adult,mlp,456,n_200,dice,experiments/exp2_scaled/results/mlp_dice/seed_456/n_200/results.json,3fe5f1ee01dbd7d7419234425c5f9563bb724ea1c0ec51e8473d156d1c5f674a,0,0,0,0,{},,,,
exp2_adult,mlp,456,n_200,lime,experiments/exp2_scaled/results/mlp_lime/seed_456/n_200/results.json,8e4a1e8e3f848851c9bbb9f804c990bed410dea29a5f98959ad9f9186bb78ebf,800,800,800,0,{},,,,
exp2_adult,mlp,456,n_200,shap,experiments/exp2_scaled/results/mlp_shap/seed_456/n_200/results.json,104d217de553518444218035e85f9b0f82fecd222d31f4836b3a825700c6abf5,800,800,800,0,{},,,,
exp2_adult,mlp,456,n_50,anchors,experiments/exp2_scaled/results/mlp_anchors/seed_456/n_50/results.json,833bed11ffe621115d385d53feeec46098b7bbe8699a1e1720b52535e960d43f,0,0,0,0,{},,,,
exp2_adult,mlp,456,n_50,dice,experiments/exp2_scaled/results/mlp_dice/seed_456/n_50/results.json,130b62a8a332b9437e225400faff7c13623a9c6c438a4f5f6d5a470921d5c63b,0,0,0,0,{},,,,
exp2_adult,mlp,456,n_50,lime,experiments/exp2_scaled/results/mlp_lime/seed_456/n_50/results.json,ce1ddfc76afeec7e58775c5e6176d77d4bc8f59cfd7aae9eb0d9cd71e9542446,200,200,200,0,{},,,,
exp2_adult,mlp,456,n_50,shap,experiments/exp2_scaled/results/mlp_shap/seed_456/n_50/results.json,1ad8c287b2166d25a65e369df19b51ab647e4206e5559774e19b9898e77ea36e,200,200,200,0,{},,,,
exp2_adult,mlp,789,n_100,anchors,experiments/exp2_scaled/results/mlp_anchors/seed_789/n_100/results.json,2ea536b23027e11d46a7fc755fee013beea7c3b402850aef58207310d968ed71,400,400,400,0,{},,,,
exp2_adult,mlp,789,n_100,dice,experiments/exp2_scaled/results/mlp_dice/seed_789/n_100/results.json,e6f9019ed3da9f073354eaea0fa6a838e6130d1e399b37b10cce1704506fd8e6,400,400,400,0,{},,,,
exp2_adult,mlp,789,n_100,lime,experiments/exp2_scaled/results/mlp_lime/seed_789/n_100/results.json,ccfa7fc6f66250bbedb2158a44b0dc7e23145fd28ec467b7deb39d64c5ae5732,400,400,400,0,{},,,,
exp2_adult,mlp,789,n_100,shap,experiments/exp2_scaled/results/mlp_shap/seed_789/n_100/results.json,f36994641cb0e3b22a079565da7b45911808fbc1c47c6aeb9f4cb448cdcfc5b7,400,400,400,0,{},,,,
exp2_adult,mlp,789,n_200,anchors,experiments/exp2_scaled/results/mlp_anchors/seed_789/n_200/results.json,dee913ec56999b7e4c254a275d7e5af9a91a2ba960e6075aae153bfb477577e3,0,0,0,0,{},,,,
exp2_adult,mlp,789,n_200,dice,experiments/exp2_scaled/results/mlp_dice/seed_789/n_200/results.json,c22782357ff997b8d3486b46a59576882c99e1da65cef20fabe6500303eda641,800,800,800,0,{},,,,
exp2_adult,mlp,789,n_200,lime,experiments/exp2_scaled/results/mlp_lime/seed_789/n_200/results.json,c960942266653309f5b16863250831e400fbf3712e245c4714e2b497013ab70e,800,800,800,0,{},,,,
exp2_adult,mlp,789,n_200,shap,experiments/exp2_scaled/results/mlp_shap/seed_789/n_200/results.json,8b00d787f843659922eca3a0a8b2b47a2ea949a2472d3e8abaaef25415855de7,800,800,800,0,{},,,,
exp2_adult,mlp,789,n_50,anchors,experiments/exp2_scaled/results/mlp_anchors/seed_789/n_50/results.json,182051d816e6f087b2fee8e24809fba482a8183b17b38c53451501497ed7df7f,0,0,0,0,{},,,,
exp2_adult,mlp,789,n_50,dice,experiments/exp2_scaled/results/mlp_dice/seed_789/n_50/results.json,278e6063cea93986477bbbd18fd0f8b130c201cea809aba8ffbc44adf4975412,200,200,200,0,{},,,,
exp2_adult,mlp,789,n_50,lime,experiments/exp2_scaled/results/mlp_lime/seed_789/n_50/results.json,540be9f383baff90fd2766c021a26b5569e89033e8161e0be23e2a01f425dd4b,200,200,200,0,{},,,,
exp2_adult,mlp,789,n_50,shap,experiments/exp2_scaled/results/mlp_shap/seed_789/n_50/results.json,cc54c7069f6cfc01a56a03a818036d0a5c444e7fd02614ac5e35bf6a2889de72,200,200,200,0,{},,,,
exp2_adult,mlp,999,n_100,anchors,experiments/exp2_scaled/results/mlp_anchors/seed_999/n_100/results.json,c78b02da7f4b400671103297fbeeb0d9c7c4cead5db021aa5baf8a516dba5dcf,400,400,400,0,{},,,,
exp2_adult,mlp,999,n_100,dice,experiments/exp2_scaled/results/mlp_dice/seed_999/n_100/results.json,f62ff900d14b3a4ccede0043ef4e40fb9a3a23a6fa08831424644a159c388839,400,400,400,0,{},,,,
exp2_adult,mlp,999,n_100,lime,experiments/exp2_scaled/results/mlp_lime/seed_999/n_100/results.json,a55e5e539de8f57a71e557f24a0b4fcffc30976ed0cb3b1e12d198b689c28e26,400,400,400,0,{},,,,
exp2_adult,mlp,999,n_100,shap,experiments/exp2_scaled/results/mlp_shap/seed_999/n_100/results.json,696769c1392f011b9d12cc00150a6dc4fd471f5fa1f6f902e69ce3f795a41b5f,400,400,400,0,{},,,,
exp2_adult,mlp,999,n_200,anchors,experiments/exp2_scaled/results/mlp_anchors/seed_999/n_200/results.json,152f8ad8370ca2c6fd74071adf44f2b56535a90cdc026b379a6806efa56e2e18,0,0,0,0,{},,,,
exp2_adult,mlp,999,n_200,dice,experiments/exp2_scaled/results/mlp_dice/seed_999/n_200/results.json,1db5463ecd4df2ce011f9ad0354a5768164327f609a17370f13f1998b195e4a9,800,800,800,0,{},,,,
exp2_adult,mlp,999,n_200,lime,experiments/exp2_scaled/results/mlp_lime/seed_999/n_200/results.json,b20cad593a81c86b78e639176c31a8a19e8a30500ddbaab122fa5d6282de13a3,800,800,800,0,{},,,,
exp2_adult,mlp,999,n_200,shap,experiments/exp2_scaled/results/mlp_shap/seed_999/n_200/results.json,e7ac4dd20a43ff3d86fc30aa5ba01e0fe4db9e43014952b6678b787ff5c2fd6d,800,800,800,0,{},,,,
exp2_adult,mlp,999,n_50,anchors,experiments/exp2_scaled/results/mlp_anchors/seed_999/n_50/results.json,d637706f479c881ada70a837fd951cf28c185393105b0ec82b28f8b587db9b6c,200,200,200,0,{},,,,
exp2_adult,mlp,999,n_50,dice,experiments/exp2_scaled/results/mlp_dice/seed_999/n_50/results.json,d4dd5e51b1cebedf612f53a7e030eb4a43c13d100d85f6c8336861b3dc96ef18,200,200,200,0,{},,,,
exp2_adult,mlp,999,n_50,lime,experiments/exp2_scaled/results/mlp_lime/seed_999/n_50/results.json,7cf05292ab3b0ca42c331264613a247b3a68316e146928f94c2da9273f72858b,200,200,200,0,{},,,,
exp2_adult,mlp,999,n_50,shap,experiments/exp2_scaled/results/mlp_shap/seed_999/n_50/results.json,67668e5b620c85d75ecf73838a2316fb4f95b4c1c6b7824947dd66f9e35b3ad9,200,200,200,0,{},,,,
exp2_adult,rf,123,n_100,anchors,experiments/exp2_scaled/results/rf_anchors/seed_123/n_100/results.json,48cb4b53dee7ddea378306c4ce01c4072a3d46ab3cd11951efff85ebd085ed9f,400,400,400,0,{},,,,
exp2_adult,rf,123,n_100,dice,experiments/exp2_scaled/results/rf_dice/seed_123/n_100/results.json,7ce6912340b4b6e3f4f78e3c59bf0c8981fb1f54d689fb8fb71c68d48ff95d3c,400,400,400,0,{},,,,
exp2_adult,rf,123,n_100,lime,experiments/exp2_scaled/results/rf_lime/seed_123/n_100/results.json,9d8ab0da75018ec28d7c0fbfb8ca7dfd1b92feb7ceba5ba68c3e4db3d929e2c6,400,400,400,0,{},,,,
exp2_adult,rf,123,n_100,shap,experiments/exp2_scaled/results/rf_shap/seed_123/n_100/results.json,e7a03667c1776ce64b54abb862282bc46b916e5de4276267f32375b8955f2d20,400,400,400,0,{},,,,
exp2_adult,rf,123,n_200,anchors,experiments/exp2_scaled/results/rf_anchors/seed_123/n_200/results.json,0f0e5d10d0e5c67398c71d6a8cd9f128f3144929121fa103e0e2ef156d28e73c,720,720,720,0,{},,,,
exp2_adult,rf,123,n_200,dice,experiments/exp2_scaled/results/rf_dice/seed_123/n_200/results.json,00265ba9582171a0ae2fc56b1d03adb1510b9f5441b986474c146aebdcce21ff,800,799,799,1,"{""missing_classification_labels"": 1, ""missing_or_empty_raw_top"": 1, ""source_error"": 1}",,,,
exp2_adult,rf,123,n_200,lime,experiments/exp2_scaled/results/rf_lime/seed_123/n_200/results.json,1e064c68526d7ce12986fd784f1edb7fe9b91e74c55a7dc28ee33fc729bdcb7f,720,720,720,0,{},,,,
exp2_adult,rf,123,n_200,shap,experiments/exp2_scaled/results/rf_shap/seed_123/n_200/results.json,4a208bdaf774744afbb723d30b43a4887015b3c9d0ebb69be00a2c76974c2d9e,720,720,720,0,{},,,,
exp2_adult,rf,123,n_50,anchors,experiments/exp2_scaled/results/rf_anchors/seed_123/n_50/results.json,8693618f01919c4201985f57c8a87df354e621297158717f1a6e118fb099f2b1,200,200,200,0,{},,,,
exp2_adult,rf,123,n_50,dice,experiments/exp2_scaled/results/rf_dice/seed_123/n_50/results.json,591ff4d0a00759f5e4e88b2a8d81c87a04893870ebc8b38996d28eb27a252a38,200,200,200,0,{},,,,
exp2_adult,rf,123,n_50,lime,experiments/exp2_scaled/results/rf_lime/seed_123/n_50/results.json,c69d7c44302112d2952f7127be1b52fe08d31893c0e7462ca4a917f448332b74,200,200,200,0,{},,,,
exp2_adult,rf,123,n_50,shap,experiments/exp2_scaled/results/rf_shap/seed_123/n_50/results.json,c37d1d7e3062490e70f43f0430ebfebe85764937d55aa7fa9982d2bf0dd10c6c,200,200,200,0,{},,,,
exp2_adult,rf,42,n_100,anchors,experiments/exp2_scaled/results/rf_anchors/seed_42/n_100/results.json,a3786602b2e33438e5a2fc04215cab956449753c6cae2dca1c807f228ca51ed9,400,400,400,0,{},,,,
exp2_adult,rf,42,n_100,dice,experiments/exp2_scaled/results/rf_dice/seed_42/n_100/results.json,4726002c15a3d3f17358874aac2a200f67e6f2b379c0d6c29c260f209cfd1246,400,400,400,0,{},,,,
exp2_adult,rf,42,n_100,lime,experiments/exp2_scaled/results/rf_lime/seed_42/n_100/results.json,8749be89cd3a002a784c3503dcfaed810e5ea8548835a82bf3976f5ee6ca7f79,400,400,400,0,{},,,,
exp2_adult,rf,42,n_100,shap,experiments/exp2_scaled/results/rf_shap/seed_42/n_100/results.json,776df19d86bf246c79cf9c84b4c4cfecb96eb3cb9f186f2f8b02c17a61029a3c,400,400,400,0,{},,,,
exp2_adult,rf,42,n_200,anchors,experiments/exp2_scaled/results/rf_anchors/seed_42/n_200/results.json,1cd25dd509f2a33723fcef3cee7560bc3ec867241d542182beac7b852d5b71f3,800,800,800,0,{},,,,
exp2_adult,rf,42,n_200,dice,experiments/exp2_scaled/results/rf_dice/seed_42/n_200/results.json,795bd0d6a0c93eaa75a6b0cb43ceb1ca421165e164d988c60f1078d19fcd8e39,800,800,800,0,{},,,,
exp2_adult,rf,42,n_200,lime,experiments/exp2_scaled/results/rf_lime/seed_42/n_200/results.json,875d90156969b1bf852425de8f5b5878dbf9393696cccc9ba7f568a0ad7f3c5d,800,800,800,0,{},,,,
exp2_adult,rf,42,n_200,shap,experiments/exp2_scaled/results/rf_shap/seed_42/n_200/results.json,7f5f3231bf3df83d224ad9204e71f9eea7a7c23a29704488b9d5550c5da2ef77,800,800,800,0,{},,,,
exp2_adult,rf,42,n_50,anchors,experiments/exp2_scaled/results/rf_anchors/seed_42/n_50/results.json,5dd1ede188cd77a93de013f6c94fee5a815d945c33ffcdef54d5edd8e12b5656,200,200,200,0,{},,,,
exp2_adult,rf,42,n_50,dice,experiments/exp2_scaled/results/rf_dice/seed_42/n_50/results.json,9788c4af24cc6b446cb1aae0db1953cb0e9a9e5b1e9883b4365d2be13f7fe629,200,200,200,0,{},,,,
exp2_adult,rf,42,n_50,lime,experiments/exp2_scaled/results/rf_lime/seed_42/n_50/results.json,bf5005b512ddab6f1da89c87fa76169c87e9dcdece4e0d70e6fbc3a368a89551,200,200,200,0,{},,,,
exp2_adult,rf,42,n_50,shap,experiments/exp2_scaled/results/rf_shap/seed_42/n_50/results.json,5d9eced8fc490869e80c0ada4ea00135065ee8f4d88fd6a709dbeaa6108ad100,200,200,200,0,{},,,,
exp2_adult,rf,456,n_100,anchors,experiments/exp2_scaled/results/rf_anchors/seed_456/n_100/results.json,4ddf23e5dcdfc0ef5cbcf8a8723437d328dceb8f10d8806fda819b13fe6d1611,400,400,400,0,{},,,,
exp2_adult,rf,456,n_100,dice,experiments/exp2_scaled/results/rf_dice/seed_456/n_100/results.json,9ca7fcdcbf5578414f27ac263ee53f8f670696875e8c64b64c5a464f230fd614,400,400,400,0,{},,,,
exp2_adult,rf,456,n_100,lime,experiments/exp2_scaled/results/rf_lime/seed_456/n_100/results.json,2e148dd214c105af2b314dd32ed3dc8173cb1ec19f2157b313f02a50ef90bbae,400,400,400,0,{},,,,
exp2_adult,rf,456,n_100,shap,experiments/exp2_scaled/results/rf_shap/seed_456/n_100/results.json,79df6cabe55ff8f9fd3ecbf85e23c07c4f8dd19d425965aac18f40b0f5e7f682,400,400,400,0,{},,,,
exp2_adult,rf,456,n_200,anchors,experiments/exp2_scaled/results/rf_anchors/seed_456/n_200/results.json,641353578dbdce7c2eabeacc1735c7bd083143e8320ed247992727bced29c941,689,689,689,0,{},,,,
exp2_adult,rf,456,n_200,dice,experiments/exp2_scaled/results/rf_dice/seed_456/n_200/results.json,af9cfa01185f2cb8d58804c0b16c044d729f0ff050f57fc80977010d202e1f15,689,689,689,0,{},,,,
exp2_adult,rf,456,n_200,lime,experiments/exp2_scaled/results/rf_lime/seed_456/n_200/results.json,81c78bfc3dd5a4ceba14abb9921849c41097d8dc29845090c97a24e38ae47f54,689,689,689,0,{},,,,
exp2_adult,rf,456,n_200,shap,experiments/exp2_scaled/results/rf_shap/seed_456/n_200/results.json,05cfd34ebb860fdaee886deb4d4cf120d1a9dd9995fc0e0f759ed0260713fd9b,689,689,689,0,{},,,,
exp2_adult,rf,456,n_50,anchors,experiments/exp2_scaled/results/rf_anchors/seed_456/n_50/results.json,49f7993c42ea3fb7e576841055af4d823e3f7252487e01c5156e47180b3e16a1,200,200,200,0,{},,,,
exp2_adult,rf,456,n_50,dice,experiments/exp2_scaled/results/rf_dice/seed_456/n_50/results.json,3729de898f4dfeb1b20615cf7602e22526d224193fb00886430d0aff5a7feecf,200,200,200,0,{},,,,
exp2_adult,rf,456,n_50,lime,experiments/exp2_scaled/results/rf_lime/seed_456/n_50/results.json,8e07d2ab96f0db34beb4abe6af0d09323670602d814f0546d215e1fb02ab7f5f,200,200,200,0,{},,,,
exp2_adult,rf,456,n_50,shap,experiments/exp2_scaled/results/rf_shap/seed_456/n_50/results.json,071f38720119d6a6deda70f2fc615f4ae36b993d7d26e79a4cc73e099a3f42d3,200,200,200,0,{},,,,
exp2_adult,rf,789,n_100,anchors,experiments/exp2_scaled/results/rf_anchors/seed_789/n_100/results.json,f8b1b92a7806081501d89129d6ef65e2dc1a7a4ca523934fc3baf055f3b2defe,400,400,400,0,{},,,,
exp2_adult,rf,789,n_100,dice,experiments/exp2_scaled/results/rf_dice/seed_789/n_100/results.json,aa1469d0f23ea76f611a81c94022a598ea36a9e80b9d5f9217d3ffab424dcce5,400,400,400,0,{},,,,
exp2_adult,rf,789,n_100,lime,experiments/exp2_scaled/results/rf_lime/seed_789/n_100/results.json,a450076f26b173a7292f21f6bbd0233f486ae919e1a895983a14d6c564e2c79b,400,400,400,0,{},,,,
exp2_adult,rf,789,n_100,shap,experiments/exp2_scaled/results/rf_shap/seed_789/n_100/results.json,bd1f9abe49bf383f819f6a645c036636096335dca1db1c07b273f614cff30add,400,400,400,0,{},,,,
exp2_adult,rf,789,n_200,anchors,experiments/exp2_scaled/results/rf_anchors/seed_789/n_200/results.json,5423506539334061dbee68831cb91e4b93b453450cc704a4df71e22bd72e6149,800,800,800,0,{},,,,
exp2_adult,rf,789,n_200,dice,experiments/exp2_scaled/results/rf_dice/seed_789/n_200/results.json,8e8989ad6182e79e6495ad6a13e71e0a0992f8aaeab653199797479bd287010a,800,800,800,0,{},,,,
exp2_adult,rf,789,n_200,lime,experiments/exp2_scaled/results/rf_lime/seed_789/n_200/results.json,982561420bee31fe26e56392e567552f15bde8edbabbd84da3ffbbca954e704d,676,676,676,0,{},,,,
exp2_adult,rf,789,n_200,shap,experiments/exp2_scaled/results/rf_shap/seed_789/n_200/results.json,82b553f8093c21e03080d0e6d63ad2a6b2af81f28db00bfcebefac1c5de8152b,676,676,676,0,{},,,,
exp2_adult,rf,789,n_50,anchors,experiments/exp2_scaled/results/rf_anchors/seed_789/n_50/results.json,17cd50f3fba79ceee50042fd092cfc713d71fbc8deba3f8e94473a95b161c5e3,200,200,200,0,{},,,,
exp2_adult,rf,789,n_50,dice,experiments/exp2_scaled/results/rf_dice/seed_789/n_50/results.json,0e94ca28d8a6cf2314801f380cf558854b4588e59504c8c1afe7d5b962274b99,200,200,200,0,{},,,,
exp2_adult,rf,789,n_50,lime,experiments/exp2_scaled/results/rf_lime/seed_789/n_50/results.json,492195a082796eb8b1a8614d4076407fb431ce669eafcfc0643773348cc0bee1,200,200,200,0,{},,,,
exp2_adult,rf,789,n_50,shap,experiments/exp2_scaled/results/rf_shap/seed_789/n_50/results.json,3710926938d0b5bf5f22858f86415b99896054470a66dea530fb12675d0e85fd,200,200,200,0,{},,,,
exp2_adult,rf,999,n_100,anchors,experiments/exp2_scaled/results/rf_anchors/seed_999/n_100/results.json,e333e4f87ac303b2a1c702669be616df02f2c27ee60b2a98d39a77ed21c1ed5a,400,400,400,0,{},,,,
exp2_adult,rf,999,n_100,dice,experiments/exp2_scaled/results/rf_dice/seed_999/n_100/results.json,9e5cc9cf6220902f99b2f08469ab0f147d44e299a9477022af93b76eebf7647d,400,400,400,0,{},,,,
exp2_adult,rf,999,n_100,lime,experiments/exp2_scaled/results/rf_lime/seed_999/n_100/results.json,1ce0303248f0aff653f98860abc45176080366bcb16ac8e573c6c4f86e04ce1a,400,400,400,0,{},,,,
exp2_adult,rf,999,n_100,shap,experiments/exp2_scaled/results/rf_shap/seed_999/n_100/results.json,1f823e830387252229da6961b4a40641aa3ca2da90d627de203990473c1b025b,400,400,400,0,{},,,,
exp2_adult,rf,999,n_200,anchors,experiments/exp2_scaled/results/rf_anchors/seed_999/n_200/results.json,9716e3ba83ce59f62e3b9bfaaa0f917bbe253e3e2069c4d69389cb43823f7dba,800,800,800,0,{},,,,
exp2_adult,rf,999,n_200,dice,experiments/exp2_scaled/results/rf_dice/seed_999/n_200/results.json,8f5a589eb59ec491d86b77e25fde79f2abd964879ccbe88b5f0fc3b2430884b7,800,800,800,0,{},,,,
exp2_adult,rf,999,n_200,lime,experiments/exp2_scaled/results/rf_lime/seed_999/n_200/results.json,1042d9040908f5cad07e841ea339c97426371dcfe36c29fea5a1bf28bfae66d1,718,718,718,0,{},,,,
exp2_adult,rf,999,n_200,shap,experiments/exp2_scaled/results/rf_shap/seed_999/n_200/results.json,ee4ac3381c4613f1befce67947fa64f8692b81223afc1406927fb12c181ad06b,718,718,718,0,{},,,,
exp2_adult,rf,999,n_50,anchors,experiments/exp2_scaled/results/rf_anchors/seed_999/n_50/results.json,eecf3dfc3d5896674c007201088d49358c51b9e530dc6640f77fe3f27fdb78ad,200,200,200,0,{},,,,
exp2_adult,rf,999,n_50,dice,experiments/exp2_scaled/results/rf_dice/seed_999/n_50/results.json,6dafc8d40ad48b569b902038ae4f753f6c0dda9868d097d8c6c3f02e432cad44,200,200,200,0,{},,,,
exp2_adult,rf,999,n_50,lime,experiments/exp2_scaled/results/rf_lime/seed_999/n_50/results.json,c7d70776e3d420d05c910c3786a4ef3c695aad464c0b169d6b9b9eef997be4eb,200,200,200,0,{},,,,
exp2_adult,rf,999,n_50,shap,experiments/exp2_scaled/results/rf_shap/seed_999/n_50/results.json,b5b6b3fb81cd1eb8b6683e967396e5dfc4a510340bf9600cf7cbb8621d5e8c83,200,200,200,0,{},,,,
exp2_adult,svm,123,n_100,anchors,experiments/exp2_scaled/results/svm_anchors/seed_123/n_100/results.json,620843714973c95293681f8276d480b2a6ea345419ac7d1dac5ab01df6887ad2,400,400,400,0,{},,,,
exp2_adult,svm,123,n_100,dice,experiments/exp2_scaled/results/svm_dice/seed_123/n_100/results.json,b7f91cccde9238badf79d09faed921794430e9317e6904f1d9ef17bdd30dcfcf,400,400,400,0,{},,,,
exp2_adult,svm,123,n_100,lime,experiments/exp2_scaled/results/svm_lime/seed_123/n_100/results.json,dcb8e166ceed33512b1164d91e8c11f4d4d5686147c76cd17b05c7e8e79f494c,400,400,400,0,{},,,,
exp2_adult,svm,123,n_100,shap,experiments/exp2_scaled/results/svm_shap/seed_123/n_100/results.json,9bbba8cd66e8d0b5027ceccee41abebfd5b24f561e4074551c06c0a744796bfc,400,400,400,0,{},,,,
exp2_adult,svm,123,n_200,anchors,experiments/exp2_scaled/results/svm_anchors/seed_123/n_200/results.json,c54fae8975484ddc4951f2bd70b20dbc234a40cc2c80c4180cb82e88ea7d3ce8,800,766,766,34,"{""missing_classification_labels"": 34, ""missing_or_empty_raw_top"": 34, ""source_error"": 34}",,,,
exp2_adult,svm,123,n_200,dice,experiments/exp2_scaled/results/svm_dice/seed_123/n_200/results.json,3b73f07f9a4a22b77bd31f7a9a323c1280e798ca089c057d71682d34ba445125,800,800,800,0,{},,,,
exp2_adult,svm,123,n_200,lime,experiments/exp2_scaled/results/svm_lime/seed_123/n_200/results.json,245489c4e900be2c45c801c36b9834aa7ab994d45a8fdb519c6ee53874a266ea,800,800,800,0,{},,,,
exp2_adult,svm,123,n_200,shap,experiments/exp2_scaled/results/svm_shap/seed_123/n_200/results.json,8f7fad3b392033f6249fce1b1dee64eb11d1a5abb01eb8dabd0c8f7f6984a321,52,52,52,0,{},,,,
exp2_adult,svm,123,n_50,anchors,experiments/exp2_scaled/results/svm_anchors/seed_123/n_50/results.json,4edd5c311fbede64eade6a7f5bec0e931834eab786de1ad27083c125003d33f6,200,200,200,0,{},,,,
exp2_adult,svm,123,n_50,dice,experiments/exp2_scaled/results/svm_dice/seed_123/n_50/results.json,3ab630dc35985d3c9feadd3eae7d1d2a940f9549ecf0592731c80254cde4fab2,0,0,0,0,{},,,,
exp2_adult,svm,123,n_50,lime,experiments/exp2_scaled/results/svm_lime/seed_123/n_50/results.json,c1a1a8590c6a83eaf8fe4f13fa4ea69eeb831b9a81f04fa717e454ebe5750ad0,200,200,200,0,{},,,,
exp2_adult,svm,123,n_50,shap,experiments/exp2_scaled/results/svm_shap/seed_123/n_50/results.json,d4d952e298eef4d87130d5545092646a53b7ea1b59f5761a30f1eb97880c85e0,200,200,200,0,{},,,,
exp2_adult,svm,42,n_100,anchors,experiments/exp2_scaled/results/svm_anchors/seed_42/n_100/results.json,fbf199a6e9ced32c8c6ea5af48b1c45ab258622f3cf5cd299c98a2d353b5d05d,400,400,400,0,{},,,,
exp2_adult,svm,42,n_100,dice,experiments/exp2_scaled/results/svm_dice/seed_42/n_100/results.json,aff4e6c340e038ff9a0dba2592b67d113b9c6b401032bf4119a45aaed95e2a53,400,400,400,0,{},,,,
exp2_adult,svm,42,n_100,lime,experiments/exp2_scaled/results/svm_lime/seed_42/n_100/results.json,11cd9ae6b695c6d87f2305a39673ac893ac4e56bc5c7bddf9646efe77d0e57b9,400,400,400,0,{},,,,
exp2_adult,svm,42,n_100,shap,experiments/exp2_scaled/results/svm_shap/seed_42/n_100/results.json,dce7614ecd54cf38ea990f913d09a62ccd7151bd498a6e8fe1f15f2b1480b764,400,400,400,0,{},,,,
exp2_adult,svm,42,n_200,anchors,experiments/exp2_scaled/results/svm_anchors/seed_42/n_200/results.json,227192acde98859509f42d02a6aa2db213a1b9adad43d7160c5b1ef983289b57,800,800,800,0,{},,,,
exp2_adult,svm,42,n_200,dice,experiments/exp2_scaled/results/svm_dice/seed_42/n_200/results.json,32d508fba213940840421090b4e8cd44eaee367807448408e9630d5b7d1eae0a,800,800,800,0,{},,,,
exp2_adult,svm,42,n_200,lime,experiments/exp2_scaled/results/svm_lime/seed_42/n_200/results.json,c41bf94d71d4b69d10871391db8e25bbcea9d2afc2ed2b34ce5af9c27127d5dd,800,800,800,0,{},,,,
exp2_adult,svm,42,n_200,shap,experiments/exp2_scaled/results/svm_shap/seed_42/n_200/results.json,84a292db91ba73718b118ce8aa3f517c17c8ff7f20efdfc4603c8e084787393f,85,85,85,0,{},,,,
exp2_adult,svm,42,n_50,anchors,experiments/exp2_scaled/results/svm_anchors/seed_42/n_50/results.json,7c7b4df4dd7d39f273bedfab024d90f966ebd6c80e897e3609e1a6c8d3d97fed,200,200,200,0,{},,,,
exp2_adult,svm,42,n_50,dice,experiments/exp2_scaled/results/svm_dice/seed_42/n_50/results.json,2a9c8eccc6402697ea6ff0f810ea434bb73034fa8705f6d246600e9a0725f2e5,200,200,200,0,{},,,,
exp2_adult,svm,42,n_50,lime,experiments/exp2_scaled/results/svm_lime/seed_42/n_50/results.json,f963bbf41d7c87bcaace0cceb685cc80612e1f377be40f16b95f1a18abb8b3aa,200,200,200,0,{},,,,
exp2_adult,svm,42,n_50,shap,experiments/exp2_scaled/results/svm_shap/seed_42/n_50/results.json,b04c4392897533849f07cd6fc17e49ff0b3d4effd1edb0b7654900da3ab0e76b,27,27,27,0,{},,,,
exp2_adult,svm,456,n_100,anchors,experiments/exp2_scaled/results/svm_anchors/seed_456/n_100/results.json,41e7a2bb1904c0f7906b6e8055a321bcfcffc53cbf8146978c0a9cacbe7b3a20,400,396,396,4,"{""missing_classification_labels"": 4, ""missing_or_empty_raw_top"": 4, ""source_error"": 4}",,,,
exp2_adult,svm,456,n_100,dice,experiments/exp2_scaled/results/svm_dice/seed_456/n_100/results.json,50f787f2834db40e5cd1e5525ecb96897749b95afc47591b1728c6863d5a4966,0,0,0,0,{},,,,
exp2_adult,svm,456,n_100,lime,experiments/exp2_scaled/results/svm_lime/seed_456/n_100/results.json,f58a8bc16dc0ce2d3d3dd539eaeb27f39ecf4c172fa5797cbe56cdf53018ff65,400,400,400,0,{},,,,
exp2_adult,svm,456,n_100,shap,experiments/exp2_scaled/results/svm_shap/seed_456/n_100/results.json,f739dda8edf0461906ecddacb89c10c5a32d574abc0c7266cfb21853f4010694,46,46,46,0,{},,,,
exp2_adult,svm,456,n_200,anchors,experiments/exp2_scaled/results/svm_anchors/seed_456/n_200/results.json,faad6de7cab4711c1882f3d4c98fd3d9f509f83e18a56a3d0aeae6ab4a916ba1,800,800,800,0,{},,,,
exp2_adult,svm,456,n_200,dice,experiments/exp2_scaled/results/svm_dice/seed_456/n_200/results.json,382f6e70c4f811596ea8c7333114e100466841ac489ce8ee375003e025cab668,800,800,800,0,{},,,,
exp2_adult,svm,456,n_200,lime,experiments/exp2_scaled/results/svm_lime/seed_456/n_200/results.json,fed0f17f6aff5d9272506c1128031f4552f505f739cc884be9a51deb70706afe,800,800,800,0,{},,,,
exp2_adult,svm,456,n_50,anchors,experiments/exp2_scaled/results/svm_anchors/seed_456/n_50/results.json,2206b246cb6ecd442543447a45d21fd320b3e1293e279cfa89a637cb7f9cdaea,200,200,200,0,{},,,,
exp2_adult,svm,456,n_50,dice,experiments/exp2_scaled/results/svm_dice/seed_456/n_50/results.json,cb24ac63668b00e33177a914190f05f0fea0138c0d49c0eec2436ad5193b1f6a,200,200,200,0,{},,,,
exp2_adult,svm,456,n_50,lime,experiments/exp2_scaled/results/svm_lime/seed_456/n_50/results.json,9e74714859082274d7311adabc075d1a4d302eddc9bd8a602ed321cd39486542,200,200,200,0,{},,,,
exp2_adult,svm,456,n_50,shap,experiments/exp2_scaled/results/svm_shap/seed_456/n_50/results.json,37d0c24063114254eedff8c9411cdb07b4cd5a7d846f61f19b8f68861f299269,29,29,25,0,{},9517|9556,,,
exp2_adult,svm,789,n_100,anchors,experiments/exp2_scaled/results/svm_anchors/seed_789/n_100/results.json,7b6de89440284f8df1fedcd2b1ef1e32221da9cf217df26d9187926c5c70c57b,400,400,400,0,{},,,,
exp2_adult,svm,789,n_100,dice,experiments/exp2_scaled/results/svm_dice/seed_789/n_100/results.json,8188bc51aae9dd4a7dfb3f727f01e17412f1e6c5aadfd9af9f7ac52e87af60c4,400,400,400,0,{},,,,
exp2_adult,svm,789,n_100,lime,experiments/exp2_scaled/results/svm_lime/seed_789/n_100/results.json,d14a0d83203ad3fac152c9f4919cfeb7288d4f794b5170e859c28b93b40e3327,400,400,400,0,{},,,,
exp2_adult,svm,789,n_100,shap,experiments/exp2_scaled/results/svm_shap/seed_789/n_100/results.json,8054d1cddd29c64a452b00864d35fdbfe55835480ddb0c534346b12ce2249362,57,57,57,0,{},,,,
exp2_adult,svm,789,n_200,anchors,experiments/exp2_scaled/results/svm_anchors/seed_789/n_200/results.json,da5d2bba2694123c9d507bb073b9b4f689487ce5014013c8024abed40b9a1b29,800,800,800,0,{},,,,
exp2_adult,svm,789,n_200,dice,experiments/exp2_scaled/results/svm_dice/seed_789/n_200/results.json,3b8d2953d1efcde572ca9d19a50c09d82e86fd4364e595a9d9b2543a2a351ce6,800,800,800,0,{},,,,
exp2_adult,svm,789,n_200,lime,experiments/exp2_scaled/results/svm_lime/seed_789/n_200/results.json,58e00729278f4bcc452e19f3719d81b5f0d20129eec453af90ec165c7d48b771,800,800,800,0,{},,,,
exp2_adult,svm,789,n_200,shap,experiments/exp2_scaled/results/svm_shap/seed_789/n_200/results.json,933852268cb175068f305c9b4145e942925b24ae3d27e5c0a07eb395c0f60e1d,177,177,177,0,{},,,,
exp2_adult,svm,789,n_50,anchors,experiments/exp2_scaled/results/svm_anchors/seed_789/n_50/results.json,a1abbf337a944de9e6e5307aecc5b01dd14bee9a8ce472f00c571809bdd7b311,200,200,200,0,{},,,,
exp2_adult,svm,789,n_50,dice,experiments/exp2_scaled/results/svm_dice/seed_789/n_50/results.json,e6905321b00d335d41fa0cd5d554b3588ff14460c851791a72a9f288cc046131,200,200,200,0,{},,,,
exp2_adult,svm,789,n_50,lime,experiments/exp2_scaled/results/svm_lime/seed_789/n_50/results.json,eb2bfa91da98fc68db0ba26ce590312edff702093b35787ac83c88c6876c6e24,200,200,200,0,{},,,,
exp2_adult,svm,789,n_50,shap,experiments/exp2_scaled/results/svm_shap/seed_789/n_50/results.json,6dad1fc782ee53a239f303490b7cced639905a43a63697589107c88ab1ff76eb,200,199,199,1,"{""missing_classification_labels"": 1, ""missing_or_empty_raw_top"": 1, ""source_error"": 1}",,,,
exp2_adult,svm,999,n_100,anchors,experiments/exp2_scaled/results/svm_anchors/seed_999/n_100/results.json,1fd781bec42a026d07dc91e3d6e0e9aecad3d525378ac4450f2c7a570e5e6631,400,400,400,0,{},,,,
exp2_adult,svm,999,n_100,dice,experiments/exp2_scaled/results/svm_dice/seed_999/n_100/results.json,5dcc35d83ab50d6087aa5276db7d0a569f6c712a0a3dba55f29a19d1a7eae6bb,400,400,400,0,{},,,,
exp2_adult,svm,999,n_100,lime,experiments/exp2_scaled/results/svm_lime/seed_999/n_100/results.json,61b0a68c52779751e272be4fd8650105c988c0512d49e5165a59a851a778000c,400,400,400,0,{},,,,
exp2_adult,svm,999,n_100,shap,experiments/exp2_scaled/results/svm_shap/seed_999/n_100/results.json,61ab602220383741ec8d46dae276549b3304fb4578fe152eda6a93d792cc4c00,400,166,166,234,"{""missing_classification_labels"": 234, ""missing_or_empty_raw_top"": 234, ""source_error"": 234}",,,,
exp2_adult,svm,999,n_200,anchors,experiments/exp2_scaled/results/svm_anchors/seed_999/n_200/results.json,1649d94c8ef83ac293c2c6a597c7109e230148910c32cd2129c1ca34d28edb7b,800,796,796,4,"{""missing_classification_labels"": 4, ""missing_or_empty_raw_top"": 4, ""source_error"": 4}",,,,
exp2_adult,svm,999,n_200,dice,experiments/exp2_scaled/results/svm_dice/seed_999/n_200/results.json,3f85f365c4696d561ef892584d3a829a135e6d58aec2f8f054780cbd8cc1d803,800,800,800,0,{},,,,
exp2_adult,svm,999,n_200,lime,experiments/exp2_scaled/results/svm_lime/seed_999/n_200/results.json,e6931282e4b1329234602bdcfb5bf12ab161fc487f6882107feeea183c245710,800,800,800,0,{},,,,
exp2_adult,svm,999,n_200,shap,experiments/exp2_scaled/results/svm_shap/seed_999/n_200/results.json,45db5d0c3e4d507ffc2c3ba8be215fe2c131707b00534424ac1ed37f54217d40,30,30,30,0,{},,,,
exp2_adult,svm,999,n_50,anchors,experiments/exp2_scaled/results/svm_anchors/seed_999/n_50/results.json,d2292dd7e28f0d1546f67e1c89cdf35762e9e6b68e929b30941fd27dd96ecd7a,200,200,200,0,{},,,,
exp2_adult,svm,999,n_50,dice,experiments/exp2_scaled/results/svm_dice/seed_999/n_50/results.json,a8bc010d9a18d59f90d7884e5951684211a8a03533fd8f53da0c67389264607a,200,200,200,0,{},,,,
exp2_adult,svm,999,n_50,lime,experiments/exp2_scaled/results/svm_lime/seed_999/n_50/results.json,30804f0d0f2a4ac9ccb1888e2583ec4272e09312515e73e6d0de9fef51788bdf,200,200,200,0,{},,,,
exp2_adult,svm,999,n_50,shap,experiments/exp2_scaled/results/svm_shap/seed_999/n_50/results.json,510e6b0d83914d92000de408c0772e000faaee1b0edb7c503b131cec56ceb9a2,200,200,200,0,{},,,,
exp2_adult,xgb,123,n_100,anchors,experiments/exp2_scaled/results/xgb_anchors/seed_123/n_100/results.json,ab59e13ecc29b67c86a964b5ab250c4b3e9c36cc6c34e8401d573b93ff59605f,400,400,400,0,{},,,,
exp2_adult,xgb,123,n_100,dice,experiments/exp2_scaled/results/xgb_dice/seed_123/n_100/results.json,1d8a7eab632860e0e7ba006b6d84db0c44e6825bb314e67ed8e5c85ff18e92b9,400,400,400,0,{},,,,
exp2_adult,xgb,123,n_100,lime,experiments/exp2_scaled/results/xgb_lime/seed_123/n_100/results.json,d95be922b7f49b0a404c1b4a328e139d412380612050644b5a54d80e7156ccbf,400,400,400,0,{},,,,
exp2_adult,xgb,123,n_100,shap,experiments/exp2_scaled/results/xgb_shap/seed_123/n_100/results.json,1b0d36dcde74297654246108b7b235ff55fdbecc3524974b9b0faa54613e9410,400,400,400,0,{},,,,
exp2_adult,xgb,123,n_200,anchors,experiments/exp2_scaled/results/xgb_anchors/seed_123/n_200/results.json,993256650e7ba4935d19b275afc4c944c9e3e47d5b80b08f647c25fc28a32e9b,800,800,800,0,{},,,,
exp2_adult,xgb,123,n_200,dice,experiments/exp2_scaled/results/xgb_dice/seed_123/n_200/results.json,3cf66513d2eed712e0037e4f7d4e7fd50966bef811972691ada727253f5024a0,800,800,800,0,{},,,,
exp2_adult,xgb,123,n_200,lime,experiments/exp2_scaled/results/xgb_lime/seed_123/n_200/results.json,10e0cf84a65e520b29725f294e5d9e0d4f32e8ff5f82e3e475bd4cfb478200a5,800,800,800,0,{},,,,
exp2_adult,xgb,123,n_200,shap,experiments/exp2_scaled/results/xgb_shap/seed_123/n_200/results.json,3caab19f8d83919a63f681ffa34876617c3d6c27fea8ac990dac188f8df048b2,800,800,800,0,{},,,,
exp2_adult,xgb,123,n_50,anchors,experiments/exp2_scaled/results/xgb_anchors/seed_123/n_50/results.json,66d734e789b6c09bc45c7d7e02c653de69b5be4e38681526fc3ba4893cdd1c59,0,0,0,0,{},,,,
exp2_adult,xgb,123,n_50,dice,experiments/exp2_scaled/results/xgb_dice/seed_123/n_50/results.json,5c4aff226faad3954605db66306b34a5ed860c199d906648fb6674ad261917ff,200,200,200,0,{},,,,
exp2_adult,xgb,123,n_50,lime,experiments/exp2_scaled/results/xgb_lime/seed_123/n_50/results.json,2a4c61672ddb1c69b6480f23fa59a9aa08692e1ff9392cdc2280e29bf43236f1,200,200,200,0,{},,,,
exp2_adult,xgb,123,n_50,shap,experiments/exp2_scaled/results/xgb_shap/seed_123/n_50/results.json,59224e2ab2ac28c11374dec22c0bc0aaec475f7713780561f424ac6f2bffdc6f,200,200,200,0,{},,,,
exp2_adult,xgb,42,n_100,anchors,experiments/exp2_scaled/results/xgb_anchors/seed_42/n_100/results.json,1c8d3cd4aaba5fdcbd4b6f13e786e911fb14812ce3ab19bb0725d9a63ac2a368,400,400,400,0,{},,,,
exp2_adult,xgb,42,n_100,dice,experiments/exp2_scaled/results/xgb_dice/seed_42/n_100/results.json,03009af38930b1242e4d1dac253e9a755fc42b3254a66a4b1ea86aeec489e5e7,400,400,400,0,{},,,,
exp2_adult,xgb,42,n_100,lime,experiments/exp2_scaled/results/xgb_lime/seed_42/n_100/results.json,a92705d842fab0a1f86ffafc94f1d19cff010d76fadb2df2f73a59d20ddb4c3b,400,400,400,0,{},,,,
exp2_adult,xgb,42,n_100,shap,experiments/exp2_scaled/results/xgb_shap/seed_42/n_100/results.json,1254b1cbc7c7cbba332fcd912ddbc86a38b2260d4a1149b67bbe5961a7a4f207,400,400,400,0,{},,,,
exp2_adult,xgb,42,n_200,anchors,experiments/exp2_scaled/results/xgb_anchors/seed_42/n_200/results.json,24c544045ce9385f69ed4de9d271fbe23639398b4bce44e4bc29173648d92c72,0,0,0,0,{},,,,
exp2_adult,xgb,42,n_200,dice,experiments/exp2_scaled/results/xgb_dice/seed_42/n_200/results.json,3a7ea43eeb9130a3a9934e686b809c4ced883e5b191687b7d708a1606ae07c1c,800,800,800,0,{},,,,
exp2_adult,xgb,42,n_200,lime,experiments/exp2_scaled/results/xgb_lime/seed_42/n_200/results.json,4d174d3dd522b634e605f1b49a24c37dd48f02d0a4d6fa47147375736ec52e10,800,800,800,0,{},,,,
exp2_adult,xgb,42,n_200,shap,experiments/exp2_scaled/results/xgb_shap/seed_42/n_200/results.json,facbee40c1b6376699289ae2b3ef363aa50faaeabbb54c24a0d1512ce1b2fc8b,800,800,800,0,{},,,,
exp2_adult,xgb,42,n_50,anchors,experiments/exp2_scaled/results/xgb_anchors/seed_42/n_50/results.json,6e86f0cbb42b379527262d861f63ba87961f76b2f62e555aa2c0aca97b5ea0fb,200,200,200,0,{},,,,
exp2_adult,xgb,42,n_50,dice,experiments/exp2_scaled/results/xgb_dice/seed_42/n_50/results.json,51eb3bdb318c40b85291490c6fcf475b8be2894a908cf5632b958b9ea451b6f1,200,200,200,0,{},,,,
exp2_adult,xgb,42,n_50,lime,experiments/exp2_scaled/results/xgb_lime/seed_42/n_50/results.json,23b20103d352925a4d3b421091ac9cc33ee4d501f1568a3389756a0e495beccc,200,200,200,0,{},,,,
exp2_adult,xgb,42,n_50,shap,experiments/exp2_scaled/results/xgb_shap/seed_42/n_50/results.json,33758911a874efe98a5973335551583e576373ee9a9d2042f0e4e84c7eeab678,200,200,200,0,{},,,,
exp2_adult,xgb,456,n_100,anchors,experiments/exp2_scaled/results/xgb_anchors/seed_456/n_100/results.json,46409b0c0384f77c5b850abbb0a57e2890e3a1834f4269f0a659f038f15344a5,400,400,400,0,{},,,,
exp2_adult,xgb,456,n_100,dice,experiments/exp2_scaled/results/xgb_dice/seed_456/n_100/results.json,352a35dead182f86e716e76f08ff3e6328ff98bb51b12f082f3f6ac4008820b1,400,400,400,0,{},,,,
exp2_adult,xgb,456,n_100,lime,experiments/exp2_scaled/results/xgb_lime/seed_456/n_100/results.json,53ae5c8fb16e999f03ca1c45c950370428aee48f419691b40c992c724a2f349a,400,400,400,0,{},,,,
exp2_adult,xgb,456,n_100,shap,experiments/exp2_scaled/results/xgb_shap/seed_456/n_100/results.json,45a3bf758b5e388771de280cb53e5eeed8f7fadb2cc2b3123f82ca8e4d73cf6e,400,400,400,0,{},,,,
exp2_adult,xgb,456,n_200,anchors,experiments/exp2_scaled/results/xgb_anchors/seed_456/n_200/results.json,92ebffb3e2413e48d903db62552b565ab1f7b459d3a531384f560eceb4ea6304,800,800,800,0,{},,,,
exp2_adult,xgb,456,n_200,dice,experiments/exp2_scaled/results/xgb_dice/seed_456/n_200/results.json,0a6053d63a88996e36b4ed75e67b6106071edd467eab900542ccc1a57f65d314,800,800,800,0,{},,,,
exp2_adult,xgb,456,n_200,lime,experiments/exp2_scaled/results/xgb_lime/seed_456/n_200/results.json,9b411ca7d3577a91cb3be45127fba88a2dd6622eeddd32749b517e73815f7423,800,800,800,0,{},,,,
exp2_adult,xgb,456,n_200,shap,experiments/exp2_scaled/results/xgb_shap/seed_456/n_200/results.json,9a9df2b367f109e722c64062366e489812cddb75bb2dc28421ced7fd74721581,800,800,800,0,{},,,,
exp2_adult,xgb,456,n_50,anchors,experiments/exp2_scaled/results/xgb_anchors/seed_456/n_50/results.json,a05bbe0afe5be7cfd71525995068eb3adf9255055122b8c5fc5a69dcadc7940f,200,200,200,0,{},,,,
exp2_adult,xgb,456,n_50,dice,experiments/exp2_scaled/results/xgb_dice/seed_456/n_50/results.json,816d39d53cc2e113610fc0afe77855d673d251be6e2d97f22f831093aa31aaa7,200,200,200,0,{},,,,
exp2_adult,xgb,456,n_50,lime,experiments/exp2_scaled/results/xgb_lime/seed_456/n_50/results.json,e77e7f6e56ae05e83c40b4282022c7cc9037a8c6a42637b2ebd7889b65b3bafd,200,200,200,0,{},,,,
exp2_adult,xgb,456,n_50,shap,experiments/exp2_scaled/results/xgb_shap/seed_456/n_50/results.json,36d3538ebba1eeb2e132e55f04677477c4728c63109d17c7e2e8f6c45a1ab5b6,200,200,200,0,{},,,,
exp2_adult,xgb,789,n_100,anchors,experiments/exp2_scaled/results/xgb_anchors/seed_789/n_100/results.json,2e14f736dd95245302006da470cfc76a20d1daf119597d423e95ae18b837a01c,400,400,400,0,{},,,,
exp2_adult,xgb,789,n_100,dice,experiments/exp2_scaled/results/xgb_dice/seed_789/n_100/results.json,d51331a4b85a0aacfb7e9a15f7cfd0574271632bed9a90c5dfadb09563f5141e,0,0,0,0,{},,,,
exp2_adult,xgb,789,n_100,lime,experiments/exp2_scaled/results/xgb_lime/seed_789/n_100/results.json,22559adc5eff54f2a25c21b9c8e6eab76834fd83d43ed975e275cb41fd423f83,400,400,400,0,{},,,,
exp2_adult,xgb,789,n_100,shap,experiments/exp2_scaled/results/xgb_shap/seed_789/n_100/results.json,6fb1935d56bddf46a60b5714e42b413360e6dc57fbd31548075c325b98e8a723,400,400,400,0,{},,,,
exp2_adult,xgb,789,n_200,anchors,experiments/exp2_scaled/results/xgb_anchors/seed_789/n_200/results.json,318dd1f5ba32e020c735b7d7e0f00ace1f91a56357dab101a1fd472f3ad11f40,800,800,800,0,{},,,,
exp2_adult,xgb,789,n_200,dice,experiments/exp2_scaled/results/xgb_dice/seed_789/n_200/results.json,f916f3d8e3cda90726bdcbe8d74af7a4b8086a31d062af5016f6eb245fdc254b,800,800,800,0,{},,,,
exp2_adult,xgb,789,n_200,lime,experiments/exp2_scaled/results/xgb_lime/seed_789/n_200/results.json,aee371bf4de1c2ff407044d1405d72aa7fb51f29a781ade4c2969271f876cf57,800,800,800,0,{},,,,
exp2_adult,xgb,789,n_200,shap,experiments/exp2_scaled/results/xgb_shap/seed_789/n_200/results.json,1096859e685b0a19a9b25ffc3de4235ed60b82c6a3cbfad191c7cc6d83823e20,800,800,800,0,{},,,,
exp2_adult,xgb,789,n_50,anchors,experiments/exp2_scaled/results/xgb_anchors/seed_789/n_50/results.json,d190cf99c05057c11216882dcc00e5b4823f83023d82a15d7a82ab57c45a15ae,200,200,200,0,{},,,,
exp2_adult,xgb,789,n_50,dice,experiments/exp2_scaled/results/xgb_dice/seed_789/n_50/results.json,c69a31e0175e4e955355a60eac630ff06993148a11875e3092b0e1a25274f95f,200,200,200,0,{},,,,
exp2_adult,xgb,789,n_50,lime,experiments/exp2_scaled/results/xgb_lime/seed_789/n_50/results.json,94d99c0c5a23000949e4cdc422190529e413aa0226b2abc67a30c6ea7c28ff7e,200,200,200,0,{},,,,
exp2_adult,xgb,789,n_50,shap,experiments/exp2_scaled/results/xgb_shap/seed_789/n_50/results.json,d2cb1d2cd851d316c1d1fedaad737ff142ba258c0c22f1e2d2f63f6dd4706a31,200,200,200,0,{},,,,
exp2_adult,xgb,999,n_100,anchors,experiments/exp2_scaled/results/xgb_anchors/seed_999/n_100/results.json,b0ee6659880e1285a7b0b5bc7b6b46965fa5205df3bb81720f698dde1d43b929,400,400,400,0,{},,,,
exp2_adult,xgb,999,n_100,dice,experiments/exp2_scaled/results/xgb_dice/seed_999/n_100/results.json,ea4cdf70321687a727367410f8c88e45c290ad452ad5ca99690b7bf0d56ff9da,400,400,400,0,{},,,,
exp2_adult,xgb,999,n_100,lime,experiments/exp2_scaled/results/xgb_lime/seed_999/n_100/results.json,ebdca65c1cbcca46d384efcee74553ab8b7ba32ec020167c06c6d8baa00fe22f,400,400,400,0,{},,,,
exp2_adult,xgb,999,n_100,shap,experiments/exp2_scaled/results/xgb_shap/seed_999/n_100/results.json,eb0ab10282ee76a73ed57d9b82e6120db0565867be54ac7ec4d7e99278febc71,400,400,400,0,{},,,,
exp2_adult,xgb,999,n_200,anchors,experiments/exp2_scaled/results/xgb_anchors/seed_999/n_200/results.json,9c4a54394f76bf3d4ed1f947bf3fee9be0679f43fc22546390f925c372b433ad,800,800,800,0,{},,,,
exp2_adult,xgb,999,n_200,dice,experiments/exp2_scaled/results/xgb_dice/seed_999/n_200/results.json,09980ec635b5f8542a2f9ae259b314ac48457e00919412d20828f550c1642d38,800,800,800,0,{},,,,
exp2_adult,xgb,999,n_200,lime,experiments/exp2_scaled/results/xgb_lime/seed_999/n_200/results.json,465ca49cc5d09f5b3c732738bde0b163d1be2e8f2a93732503dce02f3ec2b935,800,800,800,0,{},,,,
exp2_adult,xgb,999,n_200,shap,experiments/exp2_scaled/results/xgb_shap/seed_999/n_200/results.json,d46f556e5a3d742c702e141c66184e0ffb2c66242d157cf4088851adfdd24530,800,800,800,0,{},,,,
exp2_adult,xgb,999,n_50,anchors,experiments/exp2_scaled/results/xgb_anchors/seed_999/n_50/results.json,d2b1e8c97cccbc5aa369e96fe8e89ee6de51fa1eda7a7ffa7aead668d162e41b,200,200,200,0,{},,,,
exp2_adult,xgb,999,n_50,dice,experiments/exp2_scaled/results/xgb_dice/seed_999/n_50/results.json,59740d70edecf3d495853574b5a7538369d14e6ecf27b6fa7827d4ddbc4ea548,200,200,200,0,{},,,,
exp2_adult,xgb,999,n_50,lime,experiments/exp2_scaled/results/xgb_lime/seed_999/n_50/results.json,cf5e29e31bc9dbe49b7dd4a1c441e2c88d46b44a4b87feb61f77119d11b716ae,200,200,200,0,{},,,,
exp2_adult,xgb,999,n_50,shap,experiments/exp2_scaled/results/xgb_shap/seed_999/n_50/results.json,de61740621bd7fd536cdbeedb32f51a8a78e748e04dbe77b83de567d7c529624,200,200,200,0,{},,,,
german_credit,rf,123,not_applicable,anchors,experiments/exp3_cross_dataset/results/german_credit/rf_anchors/seed_123/n_100/results.json,bdf4b3845a1b87506a048a174ef157030a1dba4182c71010d28506c7670fcf0b,173,173,173,0,{},,,,
german_credit,rf,123,not_applicable,lime,german_credit/rf/seed_123/results.json,02d354102d37d7884d18b3acd23762603202768759f2819c2ac633e3989f4f6d,173,173,173,0,{},,,,
german_credit,rf,123,not_applicable,shap,experiments/exp3_cross_dataset/results/german_credit/rf_shap/seed_123/n_100/results.json,c196548af788c03aaf57264eaa37c60014d47455fc367c7bbd6413dce09d3c98,173,173,173,0,{},,,,
german_credit,rf,42,not_applicable,anchors,experiments/exp3_cross_dataset/results/german_credit/rf_anchors/seed_42/n_100/results.json,da5b5486b1bac5a41be9dbd3e3542f541cf792b1aaceb3f2cfdc74d74d796e0e,177,177,177,0,{},,,,
german_credit,rf,42,not_applicable,lime,german_credit/rf/seed_42/results.json,fc88b86aa5fa276b0bdfc94f5abc71164584693cee96a07a7cd52e3903274b77,177,177,177,0,{},,,,
german_credit,rf,42,not_applicable,shap,experiments/exp3_cross_dataset/results/german_credit/rf_shap/seed_42/n_100/results.json,85255142c339d4f9df81d36fd1d57e38885a0890d7742de1423209c579bbb762,177,177,177,0,{},,,,
german_credit,rf,456,not_applicable,anchors,experiments/exp3_cross_dataset/results/german_credit/rf_anchors/seed_456/n_100/results.json,c84e38cf12ea624d2d57e35440052e833c78fd01bb2cd6af9a0df9741f178216,173,173,173,0,{},,,,
german_credit,rf,456,not_applicable,lime,german_credit/rf/seed_456/results.json,2145b1e51ae4245c50220831b08b5ea7659e5eef990e5ac4c9217c81df676a7c,173,173,173,0,{},,,,
german_credit,rf,456,not_applicable,shap,experiments/exp3_cross_dataset/results/german_credit/rf_shap/seed_456/n_100/results.json,db80d17d34498a0c525c108b34217884268eab0b2c18f2815a09abf15e53bc6d,173,173,173,0,{},,,,
german_credit,xgb,123,not_applicable,anchors,experiments/exp3_cross_dataset/results/german_credit/xgb_anchors/seed_123/n_100/results.json,8129d0f1b9171bb97a04973f31772667171097f00c26f574321ea9e0cd87a8b0,176,176,176,0,{},,,,
german_credit,xgb,123,not_applicable,lime,german_credit/xgb/seed_123/results.json,73089a394571bb50d65186737ce538eb86fcc58616c55381857f83f1f8e3833c,176,176,176,0,{},,,,
german_credit,xgb,123,not_applicable,shap,experiments/exp3_cross_dataset/results/german_credit/xgb_shap/seed_123/n_100/results.json,8339af197766681339d3a4f71cd2e13ffc6bf4f5cf43e7918dd18654f346892e,176,176,176,0,{},,,,
german_credit,xgb,42,not_applicable,anchors,experiments/exp3_cross_dataset/results/german_credit/xgb_anchors/seed_42/n_100/results.json,16e0332dfaa538334e2fbe6f2ed9fa2938dd7b08063774c339463e7bab188eb3,182,182,182,0,{},,,,
german_credit,xgb,42,not_applicable,lime,german_credit/xgb/seed_42/results.json,595301a252a3235ee7d27833f13eb53d1c4ea2e45729f9253cbdfe3c766f116a,182,182,182,0,{},,,,
german_credit,xgb,42,not_applicable,shap,experiments/exp3_cross_dataset/results/german_credit/xgb_shap/seed_42/n_100/results.json,61a24c8dac118e42add5c484417910ceaba2a3a3d74e42440fad7c95620febbb,182,182,182,0,{},,,,
german_credit,xgb,456,not_applicable,anchors,experiments/exp3_cross_dataset/results/german_credit/xgb_anchors/seed_456/n_100/results.json,53d379c8c09ad00f4c7d0c1d6ec7c8a58cacdbd5234a83781625927a21144ce5,179,179,179,0,{},,,,
german_credit,xgb,456,not_applicable,lime,german_credit/xgb/seed_456/results.json,7997e58b0f8914b8b2051f2af236b580e3ffe286d1b473fb7fa7ca6bfdbbe94b,179,179,179,0,{},,,,
german_credit,xgb,456,not_applicable,shap,experiments/exp3_cross_dataset/results/german_credit/xgb_shap/seed_456/n_100/results.json,8a656f3baf5bb7171939ac96eca4f9554f31e3d6344b24e5997815c1a0a44c04,179,179,179,0,{},,,,
