dataset,model,seed,intensity,method_pair,n_matched,n_defined_jaccard,mean_jaccard,empty_left_count,empty_right_count
exp2_adult,logreg,123,n_100,anchors_dice,378,378,0.05750538409268568,0,0
exp2_adult,logreg,123,n_100,lime_anchors,378,378,0.2598962985867747,0,0
exp2_adult,logreg,123,n_100,lime_dice,400,400,0.07714522283272283,0,0
exp2_adult,logreg,123,n_100,shap_anchors,378,378,0.3006059269948159,0,0
exp2_adult,logreg,123,n_100,shap_dice,400,400,0.05291010378510379,0,0
exp2_adult,logreg,123,n_200,lime_dice,800,800,0.08157666985791984,0,0
exp2_adult,logreg,123,n_200,shap_dice,800,800,0.05257655538905539,0,0
exp2_adult,logreg,42,n_100,anchors_dice,381,381,0.07032438252910693,0,0
exp2_adult,logreg,42,n_100,lime_anchors,381,381,0.2570173046550999,0,0
exp2_adult,logreg,42,n_100,lime_dice,400,400,0.08529365079365078,0,0
exp2_adult,logreg,42,n_100,shap_anchors,381,381,0.298119771741819,0,0
exp2_adult,logreg,42,n_100,shap_dice,400,400,0.08925793650793651,0,0
exp2_adult,logreg,42,n_200,lime_dice,800,800,0.08071399433899433,0,0
exp2_adult,logreg,42,n_200,shap_dice,800,800,0.08811513139638141,0,0
exp2_adult,logreg,42,n_50,lime_dice,200,200,0.08257936507936509,0,0
exp2_adult,logreg,42,n_50,shap_dice,200,200,0.08348809523809524,0,0
exp2_adult,logreg,456,n_100,lime_dice,400,400,0.0790721361971362,0,0
exp2_adult,logreg,456,n_100,shap_dice,400,400,0.04957592407592408,0,0
exp2_adult,logreg,456,n_200,anchors_dice,753,753,0.06970386850864939,0,0
exp2_adult,logreg,456,n_200,lime_anchors,753,753,0.25567417678971466,0,0
exp2_adult,logreg,456,n_200,lime_dice,800,800,0.07596101467976467,0,0
exp2_adult,logreg,456,n_200,shap_anchors,753,753,0.3083142657843853,0,0
exp2_adult,logreg,456,n_200,shap_dice,800,800,0.052526490870240874,0,0
exp2_adult,logreg,456,n_50,anchors_dice,189,189,0.08362956855020347,0,0
exp2_adult,logreg,456,n_50,lime_anchors,189,189,0.2692030485681279,0,0
exp2_adult,logreg,456,n_50,lime_dice,200,200,0.07952547452547452,0,0
exp2_adult,logreg,456,n_50,shap_anchors,189,189,0.3054540110095666,0,0
exp2_adult,logreg,456,n_50,shap_dice,200,200,0.05235880785880786,0,0
exp2_adult,logreg,789,n_100,anchors_dice,381,381,0.07423295572901871,0,0
exp2_adult,logreg,789,n_100,lime_anchors,381,381,0.2504749406324209,0,0
exp2_adult,logreg,789,n_100,lime_dice,400,400,0.08252838827838828,0,0
exp2_adult,logreg,789,n_100,shap_anchors,381,381,0.30057757931773676,0,0
exp2_adult,logreg,789,n_100,shap_dice,400,400,0.05192796092796092,0,0
exp2_adult,logreg,789,n_200,lime_dice,800,800,0.08809596306471307,0,0
exp2_adult,logreg,789,n_200,shap_dice,800,800,0.05307650335775335,0,0
exp2_adult,logreg,789,n_50,anchors_dice,191,191,0.06040912258189745,0,0
exp2_adult,logreg,789,n_50,lime_anchors,191,191,0.24015081776861877,0,0
exp2_adult,logreg,789,n_50,lime_dice,200,200,0.06994551282051281,0,0
exp2_adult,logreg,789,n_50,shap_anchors,191,191,0.30682384805421453,0,0
exp2_adult,logreg,789,n_50,shap_dice,200,200,0.04024908424908425,0,0
exp2_adult,logreg,999,n_100,anchors_dice,370,370,0.07428574428574428,0,0
exp2_adult,logreg,999,n_100,lime_anchors,370,370,0.24225945975945973,0,0
exp2_adult,logreg,999,n_100,lime_dice,400,400,0.08653658147408148,0,0
exp2_adult,logreg,999,n_100,shap_anchors,370,370,0.29408697158697156,0,0
exp2_adult,logreg,999,n_100,shap_dice,400,400,0.1008022741147741,0,0
exp2_adult,logreg,999,n_200,lime_dice,800,800,0.080057726995227,0,0
exp2_adult,logreg,999,n_200,shap_dice,800,800,0.09222746350871351,0,0
exp2_adult,mlp,123,n_100,anchors_dice,263,263,0.02071036272557185,0,0
exp2_adult,mlp,123,n_100,lime_anchors,263,263,0.18552078466527133,0,0
exp2_adult,mlp,123,n_100,lime_dice,400,400,0.016607142857142855,0,0
exp2_adult,mlp,123,n_100,shap_anchors,263,263,0.24049882310338586,0,0
exp2_adult,mlp,123,n_100,shap_dice,400,400,0.0185,0,0
exp2_adult,mlp,123,n_200,lime_dice,800,800,0.01291468253968254,0,0
exp2_adult,mlp,123,n_200,shap_dice,800,800,0.018504960317460316,0,0
exp2_adult,mlp,123,n_50,anchors_dice,126,126,0.012191358024691358,0,0
exp2_adult,mlp,123,n_50,lime_anchors,126,126,0.18719820743630264,0,0
exp2_adult,mlp,123,n_50,lime_dice,200,200,0.012333333333333333,0,0
exp2_adult,mlp,123,n_50,shap_anchors,126,126,0.24982343494248258,0,0
exp2_adult,mlp,123,n_50,shap_dice,200,200,0.0185,0,0
exp2_adult,mlp,42,n_100,lime_dice,400,400,0.01125,0,0
exp2_adult,mlp,42,n_100,shap_dice,400,400,0.028916666666666667,0,0
exp2_adult,mlp,42,n_200,anchors_dice,520,520,0.02107295482295482,0,0
exp2_adult,mlp,42,n_200,lime_anchors,520,520,0.19836131283246666,0,0
exp2_adult,mlp,42,n_200,lime_dice,800,800,0.014249999999999999,0,0
exp2_adult,mlp,42,n_200,shap_anchors,520,520,0.23812423687423687,0,0
exp2_adult,mlp,42,n_200,shap_dice,800,800,0.02963690476190476,0,0
exp2_adult,mlp,42,n_50,lime_dice,200,200,0.018,0,0
exp2_adult,mlp,42,n_50,shap_dice,200,200,0.0305,0,0
exp2_adult,mlp,456,n_100,lime_dice,400,400,0.018047619047619045,0,0
exp2_adult,mlp,456,n_100,shap_dice,400,400,0.02193551587301587,0,0
exp2_adult,mlp,456,n_200,lime_anchors,506,506,0.19159460982583512,0,0
exp2_adult,mlp,456,n_200,shap_anchors,506,506,0.25750983206516803,0,0
exp2_adult,mlp,789,n_100,anchors_dice,260,260,0.024255189255189255,0,0
exp2_adult,mlp,789,n_100,lime_anchors,260,260,0.18303242697473465,0,0
exp2_adult,mlp,789,n_100,lime_dice,400,400,0.012534722222222221,0,0
exp2_adult,mlp,789,n_100,shap_anchors,260,260,0.24769119769119766,0,0
exp2_adult,mlp,789,n_100,shap_dice,400,400,0.017868055555555554,0,0
exp2_adult,mlp,789,n_200,lime_dice,800,800,0.010642361111111111,0,0
exp2_adult,mlp,789,n_200,shap_dice,800,800,0.012850694444444444,0,0
exp2_adult,mlp,789,n_50,lime_dice,200,200,0.017791666666666667,0,0
exp2_adult,mlp,789,n_50,shap_dice,200,200,0.023791666666666666,0,0
exp2_adult,mlp,999,n_100,anchors_dice,261,261,0.02090099130329015,0,0
exp2_adult,mlp,999,n_100,lime_anchors,261,261,0.17881730870236617,0,0
exp2_adult,mlp,999,n_100,lime_dice,400,400,0.01541287878787879,0,0
exp2_adult,mlp,999,n_100,shap_anchors,261,261,0.2478118624670349,0,0
exp2_adult,mlp,999,n_100,shap_dice,400,400,0.04258333333333333,0,0
exp2_adult,mlp,999,n_200,lime_dice,800,800,0.013876578282828282,0,0
exp2_adult,mlp,999,n_200,shap_dice,800,800,0.04354513888888888,0,0
exp2_adult,mlp,999,n_50,anchors_dice,132,132,0.022604289649744196,0,0
exp2_adult,mlp,999,n_50,lime_anchors,132,132,0.1852428505837597,0,0
exp2_adult,mlp,999,n_50,lime_dice,200,200,0.022034090909090906,0,0
exp2_adult,mlp,999,n_50,shap_anchors,132,132,0.2508515894879531,0,0
exp2_adult,mlp,999,n_50,shap_dice,200,200,0.020541666666666666,0,0
exp2_adult,rf,123,n_100,anchors_dice,230,230,0.06371651295564339,0,0
exp2_adult,rf,123,n_100,lime_anchors,230,230,0.24463705376748854,0,0
exp2_adult,rf,123,n_100,lime_dice,400,400,0.08817261904761904,0,0
exp2_adult,rf,123,n_100,shap_anchors,230,230,0.2993346991173078,0,0
exp2_adult,rf,123,n_100,shap_dice,400,400,0.07841378066378066,0,0
exp2_adult,rf,123,n_200,anchors_dice,61,61,0.05819021597710122,0,0
exp2_adult,rf,123,n_200,lime_anchors,440,440,0.2535809897173534,0,0
exp2_adult,rf,123,n_200,lime_dice,99,99,0.0905403238736572,0,0
exp2_adult,rf,123,n_200,shap_anchors,440,440,0.3033767558199376,0,0
exp2_adult,rf,123,n_200,shap_dice,99,99,0.09013147346480678,0,0
exp2_adult,rf,123,n_50,anchors_dice,121,121,0.06590658301888248,0,0
exp2_adult,rf,123,n_50,lime_anchors,121,121,0.26760778248381556,0,0
exp2_adult,rf,123,n_50,lime_dice,200,200,0.08592063492063491,0,0
exp2_adult,rf,123,n_50,shap_anchors,121,121,0.29871102267796484,0,0
exp2_adult,rf,123,n_50,shap_dice,200,200,0.08030375180375181,0,0
exp2_adult,rf,42,n_100,anchors_dice,25,25,0.046380952380952384,0,0
exp2_adult,rf,42,n_100,lime_anchors,25,25,0.29688888888888887,0,0
exp2_adult,rf,42,n_100,lime_dice,400,400,0.09015135558885559,0,0
exp2_adult,rf,42,n_100,shap_anchors,25,25,0.3497777777777778,0,0
exp2_adult,rf,42,n_100,shap_dice,400,400,0.10758325702075702,0,0
exp2_adult,rf,42,n_200,anchors_dice,485,485,0.06030470960883331,0,0
exp2_adult,rf,42,n_200,lime_anchors,485,485,0.2553995260180827,0,0
exp2_adult,rf,42,n_200,lime_dice,800,800,0.0884482566045066,0,0
exp2_adult,rf,42,n_200,shap_anchors,485,485,0.304502954090583,0,0
exp2_adult,rf,42,n_200,shap_dice,800,800,0.10026725704850704,0,0
exp2_adult,rf,42,n_50,anchors_dice,119,119,0.07583393840190678,0,0
exp2_adult,rf,42,n_50,lime_anchors,119,119,0.24551608522196752,0,0
exp2_adult,rf,42,n_50,lime_dice,200,200,0.09308043345543346,0,0
exp2_adult,rf,42,n_50,shap_anchors,119,119,0.29799010513296237,0,0
exp2_adult,rf,42,n_50,shap_dice,200,200,0.10866544566544567,0,0
exp2_adult,rf,456,n_100,anchors_dice,105,105,0.07530530316244602,0,0
exp2_adult,rf,456,n_100,lime_anchors,241,241,0.2627290874178841,0,0
exp2_adult,rf,456,n_100,lime_dice,210,210,0.07083028083028083,0,0
exp2_adult,rf,456,n_100,shap_anchors,241,241,0.3216987484622339,0,0
exp2_adult,rf,456,n_100,shap_dice,210,210,0.07273504273504273,0,0
exp2_adult,rf,456,n_200,anchors_dice,434,434,0.0743132475563351,0,0
exp2_adult,rf,456,n_200,lime_anchors,434,434,0.24917902757764507,0,0
exp2_adult,rf,456,n_200,lime_dice,689,689,0.09452841949213502,0,0
exp2_adult,rf,456,n_200,shap_anchors,434,434,0.3137215894704374,0,0
exp2_adult,rf,456,n_200,shap_dice,689,689,0.0644962922901965,0,0
exp2_adult,rf,456,n_50,anchors_dice,8,8,0.09077380952380952,0,0
exp2_adult,rf,456,n_50,lime_anchors,124,124,0.2688250593492529,0,0
exp2_adult,rf,456,n_50,lime_dice,11,11,0.1751082251082251,0,0
exp2_adult,rf,456,n_50,shap_anchors,124,124,0.30770289298515113,0,0
exp2_adult,rf,456,n_50,shap_dice,11,11,0.09935064935064934,0,0
exp2_adult,rf,789,n_100,anchors_dice,228,228,0.05786958104102066,0,0
exp2_adult,rf,789,n_100,lime_anchors,228,228,0.24886795709164128,0,0
exp2_adult,rf,789,n_100,lime_dice,400,400,0.08366043678543679,0,0
exp2_adult,rf,789,n_100,shap_anchors,228,228,0.2982452975874028,0,0
exp2_adult,rf,789,n_100,shap_dice,400,400,0.05593623043623044,0,0
exp2_adult,rf,789,n_200,anchors_dice,758,758,0.05483892390224843,0,0
exp2_adult,rf,789,n_200,lime_anchors,98,98,0.21679683694989815,0,0
exp2_adult,rf,789,n_200,lime_dice,102,102,0.11284151578269226,0,0
exp2_adult,rf,789,n_200,shap_anchors,98,98,0.3227214961908839,0,0
exp2_adult,rf,789,n_200,shap_dice,102,102,0.07653163829634417,0,0
exp2_adult,rf,789,n_50,anchors_dice,191,191,0.08226581446476734,0,0
exp2_adult,rf,789,n_50,lime_anchors,7,7,0.18453927025355593,0,0
exp2_adult,rf,789,n_50,lime_dice,8,8,0.09166666666666667,0,0
exp2_adult,rf,789,n_50,shap_anchors,7,7,0.30476190476190473,0,0
exp2_adult,rf,789,n_50,shap_dice,8,8,0.09166666666666667,0,0
exp2_adult,rf,999,n_100,anchors_dice,233,233,0.06307025116037991,0,0
exp2_adult,rf,999,n_100,lime_anchors,233,233,0.25893143575547006,0,0
exp2_adult,rf,999,n_100,lime_dice,400,400,0.08383732933732933,0,0
exp2_adult,rf,999,n_100,shap_anchors,233,233,0.33092327319795134,0,0
exp2_adult,rf,999,n_100,shap_dice,400,400,0.10807933039183039,0,0
exp2_adult,rf,999,n_200,anchors_dice,760,760,0.0679002904989747,0,0
exp2_adult,rf,999,n_200,lime_anchors,111,111,0.2337129337129337,0,0
exp2_adult,rf,999,n_200,lime_dice,111,111,0.11724114224114221,0,0
exp2_adult,rf,999,n_200,shap_anchors,111,111,0.34446231946231953,0,0
exp2_adult,rf,999,n_200,shap_dice,111,111,0.13378443378443375,0,0
exp2_adult,rf,999,n_50,anchors_dice,119,119,0.048813767931415,0,0
exp2_adult,rf,999,n_50,lime_anchors,119,119,0.23152018383110823,0,0
exp2_adult,rf,999,n_50,lime_dice,200,200,0.09014868464868465,0,0
exp2_adult,rf,999,n_50,shap_anchors,119,119,0.3089153843355523,0,0
exp2_adult,rf,999,n_50,shap_dice,200,200,0.10637060162060161,0,0
exp2_adult,svm,123,n_100,anchors_dice,358,358,0.06421033962933405,0,0
exp2_adult,svm,123,n_100,lime_anchors,358,358,0.2733752436266403,0,0
exp2_adult,svm,123,n_100,lime_dice,400,400,0.09710714285714285,0,0
exp2_adult,svm,123,n_100,shap_anchors,358,358,0.35086136706248433,0,0
exp2_adult,svm,123,n_100,shap_dice,400,400,0.09002380952380953,0,0
exp2_adult,svm,123,n_200,anchors_dice,706,706,0.06781105265524529,0,0
exp2_adult,svm,123,n_200,lime_anchors,706,706,0.2757064936951622,0,0
exp2_adult,svm,123,n_200,lime_dice,800,800,0.09785714285714285,0,0
exp2_adult,svm,123,n_200,shap_anchors,41,41,0.5161246612466125,0,0
exp2_adult,svm,123,n_200,shap_dice,52,52,0.0858974358974359,0,0
exp2_adult,svm,123,n_50,lime_anchors,175,175,0.26487046287046284,0,0
exp2_adult,svm,123,n_50,shap_anchors,175,175,0.38481921253349827,0,0
exp2_adult,svm,42,n_100,anchors_dice,367,367,0.06640716231996886,0,0
exp2_adult,svm,42,n_100,lime_anchors,367,367,0.26721686578634807,0,0
exp2_adult,svm,42,n_100,lime_dice,400,400,0.09598809523809525,0,0
exp2_adult,svm,42,n_100,shap_anchors,367,367,0.3652473548250114,0,0
exp2_adult,svm,42,n_100,shap_dice,400,400,0.0885029761904762,0,0
exp2_adult,svm,42,n_200,anchors_dice,729,729,0.06352744572909182,0,0
exp2_adult,svm,42,n_200,lime_anchors,729,729,0.2732832896413143,0,0
exp2_adult,svm,42,n_200,lime_dice,800,800,0.09790277777777778,0,0
exp2_adult,svm,42,n_200,shap_anchors,70,70,0.49623582766439917,0,0
exp2_adult,svm,42,n_200,shap_dice,85,85,0.09333333333333335,0,0
exp2_adult,svm,42,n_50,anchors_dice,179,179,0.052620377760042567,0,0
exp2_adult,svm,42,n_50,lime_anchors,179,179,0.27609776939385877,0,0
exp2_adult,svm,42,n_50,lime_dice,200,200,0.09554761904761903,0,0
exp2_adult,svm,42,n_50,shap_anchors,22,22,0.5184884559884559,0,0
exp2_adult,svm,42,n_50,shap_dice,27,27,0.09135802469135802,0,0
exp2_adult,svm,456,n_100,lime_anchors,360,360,0.2782663940997274,0,0
exp2_adult,svm,456,n_100,shap_anchors,36,36,0.5786816578483245,0,0
exp2_adult,svm,456,n_200,anchors_dice,717,717,0.062203072767926325,0,0
exp2_adult,svm,456,n_200,lime_anchors,717,717,0.27606321309250176,0,0
exp2_adult,svm,456,n_200,lime_dice,800,800,0.08979166666666666,0,0
exp2_adult,svm,456,n_50,anchors_dice,178,178,0.06195826645264847,0,0
exp2_adult,svm,456,n_50,lime_anchors,178,178,0.28298048705352075,0,0
exp2_adult,svm,456,n_50,lime_dice,200,200,0.09716666666666667,0,0
exp2_adult,svm,456,n_50,shap_anchors,19,19,0.5197425381635907,0,0
exp2_adult,svm,456,n_50,shap_dice,25,25,0.11066666666666666,0,0
exp2_adult,svm,789,n_100,anchors_dice,371,371,0.07188422538826851,0,0
exp2_adult,svm,789,n_100,lime_anchors,371,371,0.2792253792927647,0,0
exp2_adult,svm,789,n_100,lime_dice,400,400,0.09941666666666667,0,0
exp2_adult,svm,789,n_100,shap_anchors,46,46,0.5399781981303721,0,0
exp2_adult,svm,789,n_100,shap_dice,57,57,0.08596491228070176,0,0
exp2_adult,svm,789,n_200,anchors_dice,746,746,0.06416443252904377,0,0
exp2_adult,svm,789,n_200,lime_anchors,746,746,0.29053971423274366,0,0
exp2_adult,svm,789,n_200,lime_dice,800,800,0.09660416666666666,0,0
exp2_adult,svm,789,n_200,shap_anchors,157,157,0.5079700554222847,0,0
exp2_adult,svm,789,n_200,shap_dice,177,177,0.09209039548022599,0,0
exp2_adult,svm,789,n_50,anchors_dice,183,183,0.07078888021510972,0,0
exp2_adult,svm,789,n_50,lime_anchors,183,183,0.28305386174238634,0,0
exp2_adult,svm,789,n_50,lime_dice,200,200,0.08833333333333333,0,0
exp2_adult,svm,789,n_50,shap_anchors,182,182,0.3806324627753199,0,0
exp2_adult,svm,789,n_50,shap_dice,199,199,0.06147403685092128,0,0
exp2_adult,svm,999,n_100,anchors_dice,361,361,0.0,0,361
exp2_adult,svm,999,n_100,lime_anchors,361,361,0.28339272300491136,0,0
exp2_adult,svm,999,n_100,lime_dice,400,400,0.0,0,400
exp2_adult,svm,999,n_100,shap_anchors,150,150,0.4115918710918712,0,0
exp2_adult,svm,999,n_100,shap_dice,166,166,0.0,0,166
exp2_adult,svm,999,n_200,anchors_dice,730,730,0.06726734072624484,0,0
exp2_adult,svm,999,n_200,lime_anchors,730,730,0.27883910609938006,0,0
exp2_adult,svm,999,n_200,lime_dice,800,800,0.09266666666666666,0,0
exp2_adult,svm,999,n_200,shap_anchors,26,26,0.49969891219891216,0,0
exp2_adult,svm,999,n_200,shap_dice,30,30,0.04777777777777778,0,0
exp2_adult,svm,999,n_50,anchors_dice,178,178,0.0681848582129481,0,0
exp2_adult,svm,999,n_50,lime_anchors,178,178,0.27956957212575184,0,0
exp2_adult,svm,999,n_50,lime_dice,200,200,0.09866666666666667,0,0
exp2_adult,svm,999,n_50,shap_anchors,178,178,0.37713916857175284,0,0
exp2_adult,svm,999,n_50,shap_dice,200,200,0.10566666666666666,0,0
exp2_adult,xgb,123,n_100,anchors_dice,333,333,0.10188156854823521,0,0
exp2_adult,xgb,123,n_100,lime_anchors,333,333,0.21171823671823667,0,0
exp2_adult,xgb,123,n_100,lime_dice,400,400,0.10705059523809524,0,0
exp2_adult,xgb,123,n_100,shap_anchors,333,333,0.37227281393948053,0,0
exp2_adult,xgb,123,n_100,shap_dice,400,400,0.13864087301587302,0,0
exp2_adult,xgb,123,n_200,anchors_dice,665,665,0.1098692785910831,0,0
exp2_adult,xgb,123,n_200,lime_anchors,665,665,0.21669906951861836,0,0
exp2_adult,xgb,123,n_200,lime_dice,800,800,0.10342559523809523,0,0
exp2_adult,xgb,123,n_200,shap_anchors,665,665,0.36326649958228907,0,0
exp2_adult,xgb,123,n_200,shap_dice,800,800,0.1302061965811966,0,0
exp2_adult,xgb,123,n_50,lime_dice,200,200,0.10413293650793651,0,0
exp2_adult,xgb,123,n_50,shap_dice,200,200,0.13904761904761906,0,0
exp2_adult,xgb,42,n_100,anchors_dice,336,336,0.09610980124372981,0,0
exp2_adult,xgb,42,n_100,lime_anchors,336,336,0.21604933591540734,0,0
exp2_adult,xgb,42,n_100,lime_dice,400,400,0.10393578643578642,0,0
exp2_adult,xgb,42,n_100,shap_anchors,336,336,0.3667354883872741,0,0
exp2_adult,xgb,42,n_100,shap_dice,400,400,0.1385161435786436,0,0
exp2_adult,xgb,42,n_200,lime_dice,800,800,0.10501145382395383,0,0
exp2_adult,xgb,42,n_200,shap_dice,800,800,0.1428329725829726,0,0
exp2_adult,xgb,42,n_50,anchors_dice,162,162,0.08025900711085897,0,0
exp2_adult,xgb,42,n_50,lime_anchors,162,162,0.21470948461689204,0,0
exp2_adult,xgb,42,n_50,lime_dice,200,200,0.10592478354978356,0,0
exp2_adult,xgb,42,n_50,shap_anchors,162,162,0.34849041562004524,0,0
exp2_adult,xgb,42,n_50,shap_dice,200,200,0.14629816017316016,0,0
exp2_adult,xgb,456,n_100,anchors_dice,345,345,0.10108246021289499,0,0
exp2_adult,xgb,456,n_100,lime_anchors,345,345,0.21134480656219787,0,0
exp2_adult,xgb,456,n_100,lime_dice,400,400,0.10541774891774892,0,0
exp2_adult,xgb,456,n_100,shap_anchors,345,345,0.34417822113474283,0,0
exp2_adult,xgb,456,n_100,shap_dice,400,400,0.0910037531912532,0,0
exp2_adult,xgb,456,n_200,anchors_dice,684,684,0.11038551279779349,0,0
exp2_adult,xgb,456,n_200,lime_anchors,684,684,0.21432974919817024,0,0
exp2_adult,xgb,456,n_200,lime_dice,800,800,0.11024526515151514,0,0
exp2_adult,xgb,456,n_200,shap_anchors,684,684,0.3251976215792005,0,0
exp2_adult,xgb,456,n_200,shap_dice,800,800,0.09147869838494838,0,0
exp2_adult,xgb,456,n_50,anchors_dice,177,177,0.09830773432468347,0,0
exp2_adult,xgb,456,n_50,lime_anchors,177,177,0.21803649896870234,0,0
exp2_adult,xgb,456,n_50,lime_dice,200,200,0.11098232323232324,0,0
exp2_adult,xgb,456,n_50,shap_anchors,177,177,0.33912368234402135,0,0
exp2_adult,xgb,456,n_50,shap_dice,200,200,0.08551208513708514,0,0
exp2_adult,xgb,789,n_100,lime_anchors,338,338,0.2005299434293517,0,0
exp2_adult,xgb,789,n_100,shap_anchors,338,338,0.33826003056772286,0,0
exp2_adult,xgb,789,n_200,anchors_dice,674,674,0.09664967821496012,0,0
exp2_adult,xgb,789,n_200,lime_anchors,674,674,0.2035683735980472,0,0
exp2_adult,xgb,789,n_200,lime_dice,800,800,0.1086081037018537,0,0
exp2_adult,xgb,789,n_200,shap_anchors,674,674,0.34077137419125547,0,0
exp2_adult,xgb,789,n_200,shap_dice,800,800,0.08819705988455986,0,0
exp2_adult,xgb,789,n_50,anchors_dice,168,168,0.11131253006253006,0,0
exp2_adult,xgb,789,n_50,lime_anchors,168,168,0.19722536061821774,0,0
exp2_adult,xgb,789,n_50,lime_dice,200,200,0.10003968253968253,0,0
exp2_adult,xgb,789,n_50,shap_anchors,168,168,0.325514713461142,0,0
exp2_adult,xgb,789,n_50,shap_dice,200,200,0.08879563492063493,0,0
exp2_adult,xgb,999,n_100,anchors_dice,334,334,0.0981074647242312,0,0
exp2_adult,xgb,999,n_100,lime_anchors,334,334,0.212229005193077,0,0
exp2_adult,xgb,999,n_100,lime_dice,400,400,0.11163296425796426,0,0
exp2_adult,xgb,999,n_100,shap_anchors,334,334,0.3469870864331942,0,0
exp2_adult,xgb,999,n_100,shap_dice,400,400,0.14121016483516485,0,0
exp2_adult,xgb,999,n_200,anchors_dice,649,649,0.10126332749599312,0,0
exp2_adult,xgb,999,n_200,lime_anchors,649,649,0.20375570756926692,0,0
exp2_adult,xgb,999,n_200,lime_dice,800,800,0.1027956938894439,0,0
exp2_adult,xgb,999,n_200,shap_anchors,649,649,0.347178643133959,0,0
exp2_adult,xgb,999,n_200,shap_dice,800,800,0.13502725052725054,0,0
exp2_adult,xgb,999,n_50,anchors_dice,166,166,0.09430201069109645,0,0
exp2_adult,xgb,999,n_50,lime_anchors,166,166,0.20786455846696805,0,0
exp2_adult,xgb,999,n_50,lime_dice,200,200,0.10738461538461537,0,0
exp2_adult,xgb,999,n_50,shap_anchors,166,166,0.34485343973295773,0,0
exp2_adult,xgb,999,n_50,shap_dice,200,200,0.14521001221001223,0,0
