case_id,avg_disagreement_std
exp4_084efba639afd972,0.6466238180702529
exp4_636acbcad2a09395,0.578323654218841
exp4_eec93395cc3f8408,0.5301819949119871
exp4_c6d96339976f5220,0.48693636283893155
exp4_d3d663bc47eb8d69,0.4844409406456946
exp4_4919484756fd435e,0.47487584005346317
exp4_fbb0082b6f2ae806,0.47424473956516255
exp4_445567f442799a48,0.46389363112338067
exp4_e5e8a4d0292d4cca,0.45302037706538584
exp4_2fb8d841944fa76b,0.45279811426492733
exp4_45af74f0fdcedd43,0.45084629747602495
exp4_d47138a03cd221ff,0.450120057427654
exp4_b168d0ab73784973,0.44887169299442825
exp4_7828930153eaf25f,0.44821538347862483
exp4_8569f49081305637,0.44769330083433134
exp4_9294bc72ae3aeda0,0.4427616614949743
exp4_a0a8f165d668d9bc,0.44167129303495567
exp4_4e230a6771152fb2,0.4380753903857313
exp4_cc3c47f9ed102eb0,0.4322341956184707
exp4_68d9cafa69b7fec2,0.4290217556713872
exp4_28188c86ac4bdfad,0.4229385715105098
exp4_a138a3019aad47d9,0.42234186325929246
exp4_6ce495f3482aecc1,0.42169193393002147
exp4_cbdb515ea6b51b47,0.4215571310464202
exp4_ea764fae63b129dc,0.4214122139796922
exp4_cafe50d43e9b9266,0.4194233917315816
exp4_7b78e47140c1369b,0.4179051443075306
exp4_31247e881a13bce1,0.41658792360483876
exp4_778d3be3c54f91e6,0.41308402146898293
exp4_1a9c16ecde743d5e,0.41252143371645683
exp4_c1afbcd9580538a4,0.4101595066124078
exp4_dc2b678dea61424b,0.4067630856019234
exp4_05cbef61c778f3fb,0.40675042798740046
exp4_de91280a4d84e7ca,0.4023703997462188
exp4_c715759299b480a0,0.39973893976508573
exp4_9a991f3bd7709007,0.3985589308753866
exp4_e23de818fd8f8613,0.3898586208513258
exp4_8fce321dd80c84b7,0.38721369638594866
exp4_89444d28efe2ceee,0.38589394220246914
exp4_a6075392942e36b2,0.38142652710396385
exp4_b2fb50fe3096e9d2,0.3793016940941406
exp4_c948b5be78abf92f,0.3791101760307307
exp4_c523b5e4b177b22e,0.37872081965154114
exp4_ec3d891e0d43658f,0.37658518820526876
exp4_75520768088e5528,0.376165669333127
exp4_7e9b6f55ee9b538e,0.3752635598157159
exp4_a857fae38ad2e004,0.3720540351436041
exp4_5d87ea599e9e4677,0.3716757313027844
exp4_651e27fdf46656c5,0.371226331320154
exp4_19b944710e090900,0.36974949875471935
exp4_084580efd1317ebc,0.36784608010112646
exp4_27ff1641b5ef1b1a,0.3670369982526461
exp4_da03a9f284de692d,0.3660648559215005
exp4_ae4b94d300defe9b,0.3657703108357065
exp4_e759e990528304a2,0.36525292652450797
exp4_e7770b140359bd75,0.3631549104208406
exp4_0f6578287491844e,0.3620880692569921
exp4_3debbe632feba167,0.3617277106820901
exp4_1de08b8c2918a436,0.35797751537405764
exp4_052659e044864140,0.3560556605702089
exp4_679cae8cfc0b290c,0.35367365378987664
exp4_dc46675654a709a2,0.3535115840786346
exp4_2a3f635ae972c4ad,0.35223593338910064
exp4_1c525ff1deb5c1a6,0.3520618296373101
exp4_de938d5223748d7d,0.3513039122005042
exp4_4838b07b3f340d51,0.35085117867760196
exp4_20242fe53fbadae4,0.3494109167991832
exp4_b11abd9ec480a4aa,0.3493313126515944
exp4_98c1b4de308b5917,0.34914228557297594
exp4_9ff8ec547d5d95aa,0.3490189148089343
exp4_c04339897f75190f,0.34846115926845034
exp4_f567ef56c34dada8,0.34593535324246333
exp4_778dd7d6e1653158,0.3405280943835338
exp4_aa0d2427f637293a,0.34011714777885443
exp4_6496b69e203cf5db,0.33761690177776355
exp4_03f9ac9f3ab42b8b,0.33739849202108996
exp4_f75792557c566daf,0.3371768129151409
exp4_e9eba60d9edc4d8a,0.33575437040110184
exp4_d8a899ad70b4c53f,0.33441551876900866
exp4_cd6abd1a9433542b,0.3338752288312067
exp4_07197d290136f3e3,0.3335185759953308
exp4_7468633961295699,0.3330061081323075
exp4_ccbc751d89be60ef,0.3318711590892982
exp4_f4658b35cc204bfb,0.33173199655378455
exp4_5a283f4d6f1cf5e1,0.3290371468583308
exp4_81c9024ae418939e,0.328986160598305
exp4_1759e90b50c033fd,0.3282795508856629
exp4_bb289ffc9c031dd6,0.32408627878355284
exp4_6af7798c2cb4bb08,0.32330752681800995
exp4_64b60f2ab98bce43,0.3200454590053465
exp4_be3a619c28fb15c4,0.31940180293001513
exp4_7ee17e1b81806239,0.3184997258861709
exp4_25c0ece7cf9b15de,0.31761305048759664
exp4_1c49ba0b8d18e8b6,0.31732341984875
exp4_e354d1466bc2ce9c,0.31659603285643084
exp4_aa1ea16859fa26f1,0.3160864084266494
exp4_57fbcb6615a605ff,0.3158816376289928
exp4_50e3b33d6c3d012f,0.31586609061556575
exp4_6591a8e5ad6efec9,0.3149693183940668
exp4_3e006f8c0e7512b1,0.31396812872674534
exp4_e475cad54cb8d814,0.31396283314920026
exp4_f3f9095af5de8830,0.31387704632820174
exp4_f9cc6b6fb4f65a14,0.3121517428326596
exp4_28cfcd5501fa69b2,0.311367008585179
exp4_95751d1d732b6cfa,0.310096299258152
exp4_c697ae24ec5760fd,0.31008066468276346
exp4_56b2fc0abd88017e,0.3072616176346626
exp4_282b2b337bb41d87,0.3068274976754172
exp4_7982d390c3e51c7d,0.3064213031811551
exp4_a6bb167d1c81d8a5,0.30517821670015427
exp4_3830b6d4d8e8784b,0.3048637335157412
exp4_0da6a71373977fce,0.3048172819741012
exp4_4440b587017f192b,0.3039253953889397
exp4_44c1e011120b2dd5,0.30389047486756837
exp4_a5e759675f7b81c4,0.3038608223732079
exp4_d3748ef854fdb49f,0.3023819726305709
exp4_56bce20eb20c4e00,0.30097712629424805
exp4_7c871a5926ed569e,0.2994952004243459
exp4_07f7eab6526a79eb,0.29806356820832564
exp4_445412523328930a,0.29571736701016427
exp4_b352dc7c29edc22c,0.29394334799902305
exp4_10ccf6bdc14f2a99,0.293213300120956
exp4_60f604202ab9cb5c,0.29294729278500525
exp4_3118a0f719dfdef8,0.2921459130521968
exp4_4c3d79ea2f396cd5,0.2918814132886479
exp4_5169d5420efbc3da,0.29019101733950675
exp4_57d1693f50447ebd,0.28900136324339043
exp4_d08e79080e9bdc99,0.2887010212593256
exp4_2a63737c16fa6edb,0.2880927065003375
exp4_afad86e31d6d5cf6,0.28469000143393836
exp4_99188a61b3de9ed4,0.2840451735121125
exp4_89e4fe58e0303d60,0.2838826582035775
exp4_cad1d6dbc8b4e027,0.2831549776371776
exp4_326c5e1bf0274243,0.2814848711761939
exp4_a0ab8ed6bc65f8c5,0.2805336472849171
exp4_959ed027a5ab7370,0.2791352596644873
exp4_4f96f4d65555df8d,0.27873974544077823
exp4_4deccedcca9c7800,0.2777174743556972
exp4_dc5e0af1e6f9ee71,0.27709016308876594
exp4_78dfd1648ed95148,0.2737054772503639
exp4_003259ff27515980,0.273663184127665
exp4_861c15c7ecab8f3b,0.2735582380539584
exp4_0997a6b55f4ecd12,0.27340808006415085
exp4_60730b2d1280bac2,0.2699532559314746
exp4_c3a6d29157145c8e,0.2695554910733954
exp4_a2878ddc3d3b22b3,0.2695436351426871
exp4_70f1fb89c6075a2b,0.26807159982747375
exp4_7334ccb1f9958dda,0.26769717953718286
exp4_e564a6093e40672d,0.26512079600129573
exp4_ac6e5925b1641835,0.2640225672064168
exp4_3c34585b1d65d81e,0.26381201574113977
exp4_92efc0d56dccca0f,0.26309629282326025
exp4_4e9045d4d8fa6e21,0.261551622245391
exp4_e594d44f0a99f099,0.2611535974283526
exp4_719c3e5dafe19965,0.26104395735943664
exp4_ba96b41ceb2e14cb,0.2607644561966324
exp4_9fe396b73843aa9e,0.26019531500655974
exp4_49b4fcf4bf2d7761,0.2576552803145951
exp4_8ce491005c0b4780,0.2569390537286035
exp4_cae54143c3307788,0.2529852771431294
exp4_c26cdb8b9ce06ff8,0.24998670652218571
exp4_06e7340405176025,0.248861011787515
exp4_9ee15210bf45996e,0.24427462450316298
exp4_103d89f1e4cb72f6,0.24325694774173828
exp4_18fe52436b35526b,0.24197570417839942
exp4_443fa95e6bb9a53a,0.24135430078963596
exp4_196e6ce035ebf3e3,0.23976975723870123
exp4_79966d2bb70844bf,0.23963112150752366
exp4_ba8a2c4ca53c1a08,0.2386151041327234
exp4_902d690264149a09,0.238034630791307
exp4_f787cc3703d999cf,0.23695940930777684
exp4_681f91e7c50b9380,0.23448449571508487
exp4_214506591db1e703,0.22978949241799482
exp4_d793ddda2393ae14,0.22923496368564183
exp4_6d6ef32df0477323,0.22908997621157215
exp4_b60690c60417e4de,0.22715437191333468
exp4_3d27b1d2bd43df77,0.21679484012321112
exp4_af2a9f1c15262b41,0.21493581201667125
exp4_52ed2fe68041b4f8,0.2133023134312471
exp4_afc105601fc7fdd6,0.21052920762164423
exp4_e4a3c652adf1d046,0.2098568920288952
exp4_9be4c2983f0c443c,0.20903974270900447
exp4_c71f9ed1b1a0812a,0.20767749728112483
exp4_36ff2c1056b28459,0.20167740378549778
exp4_4204b78d9c679eb0,0.19868633585045695
exp4_d68ee28a2b213ee2,0.1978203789798456
exp4_f18f76706d7aa678,0.193584527808748
exp4_df5a815f94424dc9,0.19012307734897274
exp4_d372ea8e16367348,0.18188300222775391
exp4_ae5f3b200cc3bef3,0.17819134535821954
exp4_0c57055995cafaca,0.1630813476349715
exp4_0bb8592dcc826334,0.14605361664242617
